,br_ibov_ret_log,br_selic_diff,br_dolar_diff,br_ipca,br_pib_ret_log,ipca_expectativa_diff,embi_brasil_diff,T_choque_dolar,vix_ret_log,sp500_ret_log,petroleo_ret_log,br_selic
2001-11-07,0.0159798862198741,3.400000000000625e-05,0.0052000000000003,0.698,-0.0013862437247667,-0.03,-40.0,0,0.0,0.0,0.0,3.400000000000625e-05
2001-11-08,-0.0049265097653972,-3.400000000000625e-05,-0.0484,0.696,-0.001388168064345,0.01,-29.0,1,0.0,0.0,0.0,0.0
2001-11-09,0.0140006241841685,0.0,-0.0224000000000001,0.694,-0.0013900977539638,-0.01,0.0,0,0.0,0.0,0.0,0.0
2001-11-12,-0.0129656334465018,3.400000000000625e-05,0.0154999999999998,0.688,-0.0041819252359047,0.01,20.0,0,0.0,0.0,0.0,3.400000000000625e-05
2001-11-13,0.0275473569772746,0.0,-0.0231999999999996,0.6859999999999999,-0.0013978704615791,0.01,-64.0,1,0.0,0.0,0.0,3.400000000000625e-05
2001-11-14,-0.0071473268836115,0.0,0.0028999999999999,0.6839999999999999,-0.0013998272390445,0.0,-22.0,0,0.0,0.0,0.0,3.400000000000625e-05
2001-11-16,0.0044342520827171,0.0,0.0093,0.68,-0.0028055467775267,0.0,-31.0,0,0.0,0.0,0.0,3.400000000000625e-05
2001-11-19,0.0080402443185665,0.0,-0.0238,0.674,-0.0042231339004299,-0.01,-38.0,1,0.0,0.0,0.0,3.400000000000625e-05
2001-11-20,-0.0272407087766897,0.0,0.0196,0.672,-0.0014116839226456,0.0,6.0,0,0.0,0.0,0.0,3.400000000000625e-05
2001-11-21,0.0122681626766816,0.0,0.0060999999999999,0.67,-0.0014136795917298,0.0,-10.0,0,0.0,0.0,0.0,3.400000000000625e-05
2001-11-22,0.0174335178873139,0.0,-0.0028000000000001,0.668,-0.0014156809112737,0.01,8.0,0,0.0,0.0,0.0,3.400000000000625e-05
2001-11-23,0.0306343208095896,0.0,-0.0249000000000001,0.666,-0.0014176879053167,0.0,-16.0,1,0.0,0.0,0.0,3.400000000000625e-05
2001-11-26,0.0247216827803473,0.0,-0.024,0.66,-0.0042651627884975,0.0,-32.0,1,0.0,0.0,0.0,3.400000000000625e-05
2001-11-27,-0.0114754758539046,0.0,-0.0289999999999999,0.658,-0.0014257731118636,0.0,19.0,1,0.0,0.0,0.0,3.400000000000625e-05
2001-11-28,-0.0438805277360323,0.0,0.0253000000000001,0.656,-0.0014278088436672,0.0,34.0,1,0.0,0.0,0.0,3.400000000000625e-05
2001-11-29,-0.0219771998132323,0.0,0.0215,0.654,-0.0014298503970575,0.0,55.0,0,0.0,0.0,0.0,3.400000000000625e-05
2001-11-30,0.015272230761159,0.0,0.0215,0.652,-0.0014318977970404,0.0,-5.0,0,0.0,0.0,0.0,3.400000000000625e-05
2001-12-03,0.0307622855853058,0.0,-0.0615000000000001,0.6416129032258064,-0.0018004499364607,-0.01,-50.0,1,0.0,0.0,0.0,3.400000000000625e-05
2001-12-04,-0.0142735497340247,0.0,-0.0383,0.6374193548387097,-0.0001832998166886,0.0,-16.0,1,0.0,0.0,0.0,3.400000000000625e-05
2001-12-05,0.017716924646157,0.0,0.0017,0.633225806451613,-0.0001833334216723,0.0,-27.0,0,0.0,0.0,0.0,3.400000000000625e-05
2001-12-06,0.0116638891523486,0.0,0.0128999999999996,0.6290322580645161,-0.0001833670389785,0.01,9.0,0,0.0,0.0,0.0,3.400000000000625e-05
2001-12-07,-0.0178855650819471,0.0,-0.0429999999999997,0.6248387096774194,-0.0001834006686163,0.0,-16.0,1,0.0,0.0,0.0,3.400000000000625e-05
2001-12-10,0.0109928196158186,0.0,-0.0426000000000001,0.6122580645161291,-0.000550403907086,0.0,-3.0,1,0.0,0.0,0.0,3.400000000000625e-05
2001-12-11,-0.0073151031577172,0.0,-0.0161999999999999,0.6080645161290323,-0.0001835353106116,0.0,0.0,0,0.0,0.0,0.0,3.400000000000625e-05
2001-12-12,0.0159789360914501,0.0,0.0134000000000003,0.6038709677419355,-0.0001835690020062,0.0,-19.0,0,0.0,0.0,0.0,3.400000000000625e-05
2001-12-13,-0.0310758411786054,0.0,0.0295999999999998,0.5996774193548388,-0.0001836027057713,0.0,8.0,1,0.0,0.0,0.0,3.400000000000625e-05
2001-12-14,-0.0144791283486949,0.0,-0.0007000000000001,0.5954838709677419,-0.0001836364219141,-0.01,-4.0,0,0.0,0.0,0.0,3.400000000000625e-05
2001-12-17,-0.0036334159256838,0.0,-0.0259999999999998,0.5829032258064516,-0.0005511116864962,0.0,18.0,1,0.0,0.0,0.0,3.400000000000625e-05
2001-12-18,0.0368736897672548,0.0,-0.0150000000000001,0.5787096774193549,-0.0001837714104127,0.0,-4.0,0,0.0,0.0,0.0,3.400000000000625e-05
2001-12-19,-0.0080189285696938,0.0,-0.0499999999999998,0.5745161290322581,-0.000183805188552,0.0,13.0,1,0.0,0.0,0.0,3.400000000000625e-05
2001-12-20,-0.0283901851148726,0.0,0.0271999999999996,0.5703225806451613,-0.00018383897911,-0.01,17.0,1,0.0,0.0,0.0,3.400000000000625e-05
2001-12-21,0.0343169063907033,0.0,0.0109000000000003,0.5661290322580645,-0.0001838727820935,0.0,-12.0,0,0.0,0.0,0.0,3.400000000000625e-05
2001-12-26,-0.0008231376975409,0.0,-0.0166000000000003,0.5451612903225806,-0.0009198713906428,0.01,4.0,0,0.0,0.0,0.0,3.400000000000625e-05
2001-12-27,0.0293596362665748,0.0,0.0070000000000001,0.5409677419354839,-0.0001840758613393,-0.01,-12.0,0,0.0,0.0,0.0,3.400000000000625e-05
2001-12-28,-0.0130242566905636,0.0,-0.0011000000000001,0.5367741935483872,-0.0001841097515011,0.01,-25.0,0,0.0,0.0,0.0,3.400000000000625e-05
2002-01-02,0.0214215841587304,0.0,-0.0137999999999998,0.5148387096774194,-0.0009945031658418,0.0,-35.0,0,0.0,0.0,0.0,3.400000000000625e-05
2002-01-03,0.0279365646272768,0.0,-0.0133999999999998,0.5096774193548387,-0.0002577914478028,0.0,-19.0,0,0.0,0.0,0.0,3.400000000000625e-05
2002-01-04,0.004685814777245,0.0,0.0168999999999996,0.5045161290322581,-0.0002578579213707,0.0,1.0,0,0.0,0.0,0.0,3.400000000000625e-05
2002-01-07,0.0032740094028955,0.0,0.0327000000000001,0.4890322580645161,-0.0007739729485507,0.0,14.0,1,0.0,0.0,0.0,3.400000000000625e-05
2002-01-08,-0.0147829083650705,0.0,0.0026000000000001,0.4838709677419355,-0.0002581241588064,0.0,6.0,0,0.0,0.0,0.0,3.400000000000625e-05
2002-01-09,-0.0104296947415392,0.0,0.0339999999999998,0.4787096774193548,-0.000258190804093,0.0,15.0,1,0.0,0.0,0.0,3.400000000000625e-05
2002-01-10,-0.0326947318922155,0.0,0.0102000000000002,0.4735483870967742,-0.0002582574838001,0.0,16.0,0,0.0,0.0,0.0,3.400000000000625e-05
2002-01-11,0.0012519793954091,0.0,0.0271999999999996,0.4683870967741935,-0.0002583241979579,0.0,17.0,1,0.0,0.0,0.0,3.400000000000625e-05
2002-01-14,-0.0348232423195007,0.0,-0.0095999999999998,0.4529032258064516,-0.0007753732237212,0.0,-5.0,0,0.0,0.0,0.0,3.400000000000625e-05
2002-01-15,-0.0084950574013475,0.0,-0.0367000000000001,0.447741935483871,-0.0002585913996213,0.0,-6.0,1,0.0,0.0,0.0,3.400000000000625e-05
2002-01-16,0.0055949561547983,0.0,0.0161999999999999,0.4425806451612903,-0.0002586582864321,0.0,4.0,0,0.0,0.0,0.0,3.400000000000625e-05
2002-01-17,0.0191520179641209,0.0,-0.0225999999999997,0.4374193548387097,-0.0002587252078516,0.0,-14.0,0,0.0,0.0,0.0,3.400000000000625e-05
2002-01-18,0.0026956212504014,0.0,0.0110999999999998,0.432258064516129,-0.0002587921639065,0.01,-14.0,0,0.0,0.0,0.0,3.400000000000625e-05
2002-01-21,-0.0164358343984041,0.0,-0.0009999999999998,0.4167741935483871,-0.000776778574842,0.0,3.0,0,0.0,0.0,0.0,3.400000000000625e-05
2002-01-22,-0.0115449120505974,0.0,-0.0075000000000002,0.4116129032258064,-0.0002590603350487,0.0,-14.0,0,0.0,0.0,0.0,3.400000000000625e-05
2002-01-23,0.0173811358396775,0.0,0.0137,0.4064516129032258,-0.0002591274646963,0.0,-11.0,0,0.0,0.0,0.0,3.400000000000625e-05
2002-01-24,-0.005304248247409,0.0,0.0177,0.4012903225806452,-0.0002591946291428,0.0,10.0,0,0.0,0.0,0.0,3.400000000000625e-05
2002-01-28,-0.0122306982516491,0.0,0.0247000000000001,0.3806451612903225,-0.001037450857984,0.01,6.0,1,0.0,0.0,0.0,3.400000000000625e-05
2002-01-29,-0.0392945506738513,0.0,0.0005999999999999,0.3754838709677419,-0.0002595309743185,0.0099999999999999,23.0,0,0.0,0.0,0.0,3.400000000000625e-05
2002-01-30,0.0024767319815186,0.0,0.0150000000000001,0.3703225806451612,-0.0002595983481317,0.0,2.0,0,0.0,0.0,0.0,3.400000000000625e-05
2002-01-31,0.0149687980841282,0.0,-0.0201000000000002,0.3651612903225806,-0.0002596657569338,0.0,107.0,0,0.0,0.0,0.0,3.400000000000625e-05
2002-02-01,-0.0048857465193812,0.0,-0.0021999999999997,0.36,-0.0002597332007514,-0.0699999999999999,-84.0,0,0.0,0.0,0.0,3.400000000000625e-05
2002-02-04,-0.0116003207717731,0.0,0.0066999999999999,0.3857142857142857,0.0066743756045202,-0.01,9.0,0,0.0,0.0,0.0,3.400000000000625e-05
2002-02-05,0.018606292672171,0.0,-0.0013999999999998,0.3942857142857143,0.0022149290430615,0.0,-14.0,0,0.0,0.0,0.0,3.400000000000625e-05
2002-02-06,0.0002353033463151,0.0,-0.0008000000000003,0.4028571428571428,0.0022100339726307,0.0,-7.0,0,0.0,0.0,0.0,3.400000000000625e-05
2002-02-07,-0.0052683432253033,0.0,0.0312000000000001,0.4114285714285714,0.0022051604910533,0.0,15.0,1,0.0,0.0,0.0,3.400000000000625e-05
2002-02-08,-0.0068032854763639,0.0,0.0173,0.42,0.0022003084558157,-0.01,1.0,0,0.0,0.0,0.0,3.400000000000625e-05
2002-02-13,0.0284067772414999,0.0,-0.0459,0.4628571428571428,0.0109295025536066,0.0,-57.0,1,0.0,0.0,0.0,3.400000000000625e-05
2002-02-14,0.0216752742827956,0.0,0.0017,0.4714285714285714,0.002171638793202,0.0,8.0,0,0.0,0.0,0.0,3.400000000000625e-05
2002-02-15,0.0041439125036752,0.0,0.0131000000000001,0.48,0.0021669329956015,0.0,7.0,0,0.0,0.0,0.0,3.400000000000625e-05
2002-02-18,-0.0134738243050218,0.0,-0.0096000000000002,0.5057142857142857,0.0064727670458673,0.0,-1.0,0,0.0,0.0,0.0,3.400000000000625e-05
2002-02-19,-0.009956427503365,0.0,-0.0034999999999998,0.5142857142857142,0.0021483119957821,0.0,-6.0,0,0.0,0.0,0.0,3.400000000000625e-05
2002-02-20,0.0236557902824472,0.0,0.0034999999999998,0.5228571428571429,0.0021437066433183,0.0,-15.0,0,0.0,0.0,0.0,3.400000000000625e-05
2002-02-21,0.0169198684809277,-0.000835,-0.0042999999999997,0.5314285714285714,0.0021391209936805,0.0,8.0,0,0.0,0.0,0.0,-0.0008009999999999938
2002-02-22,0.0024360547978812,0.0,0.0031999999999996,0.54,0.0021345549207012,0.0,-5.0,0,0.0,0.0,0.0,-0.0008009999999999938
2002-02-25,0.0301391680743599,0.0,-0.0210999999999996,0.5657142857142857,0.0063764622207251,0.0,-16.0,0,0.0,0.0,0.0,-0.0008009999999999938
2002-02-26,-0.0010020758121473,0.0,-0.0115000000000002,0.5742857142857143,0.0021164839093241,0.0,-2.0,0,0.0,0.0,0.0,-0.0008009999999999938
2002-02-27,0.0176040889159896,0.0,-0.012,0.5828571428571429,0.0021120138642984,0.0,-24.0,0,0.0,0.0,0.0,-0.0008009999999999938
2002-02-28,-0.0126749793897804,-3.300000000000525e-05,-0.0344999999999999,0.5914285714285714,0.002107562661088,0.0,4.0,1,0.0,0.0,0.0,-0.000833999999999999
2002-03-01,0.021850319543077,3.300000000000525e-05,0.0114,0.6,0.00210313018081,0.0,-17.0,0,0.0,0.0,0.0,-0.0008009999999999938
2002-03-04,0.0088846284437789,0.0,-0.0163999999999999,0.6193548387096774,0.0015847838410785,0.0,-14.0,0,0.0,0.0,0.0,-0.0008009999999999938
2002-03-05,-0.0323039113667604,0.0,-0.0181,0.6258064516129032,0.0005277036513593,0.0,4.0,0,0.0,0.0,0.0,-0.0008009999999999938
2002-03-06,-0.0123520421453022,0.0,0.0268999999999999,0.632258064516129,0.0005274253270819,0.0,7.0,1,0.0,0.0,0.0,-0.0008009999999999938
2002-03-07,-0.0081988487573489,0.0,0.0142999999999999,0.6387096774193548,0.0005271472962409,0.0,1.0,0,0.0,0.0,0.0,-0.0008009999999999938
2002-03-08,0.0170475090617667,0.0,-0.0080999999999997,0.6451612903225806,0.0005268695583708,-0.01,-24.0,0,0.0,0.0,0.0,-0.0008009999999999938
2002-03-11,-0.0192355341488248,0.0,-0.0095,0.6645161290322581,0.001578945170678,0.0,-3.0,0,0.0,0.0,0.0,-0.0008009999999999938
2002-03-12,0.0347992210798242,0.0,0.0009000000000001,0.6709677419354838,0.0005257615273706,0.0,-13.0,0,0.0,0.0,0.0,-0.0008009999999999938
2002-03-13,0.004432724936322,0.0,-0.0127999999999999,0.6774193548387096,0.0005254852474365,0.0,-10.0,0,0.0,0.0,0.0,-0.0008009999999999938
2002-03-14,-0.0089560205134695,0.0,0.0072999999999998,0.6838709677419355,0.0005252092577148,0.0,-19.0,0,0.0,0.0,0.0,-0.0008009999999999938
2002-03-15,0.0174149475291898,0.0,0.0100999999999999,0.6903225806451613,0.0005249335577452,0.0,5.0,0,0.0,0.0,0.0,-0.0008009999999999938
2002-03-18,-0.0083887244813798,0.0,-0.0136000000000002,0.7096774193548387,0.0015731493640984,0.01,2.0,0,0.0,0.0,0.0,-0.0008009999999999938
2002-03-19,-0.0089553889765916,0.0,0.0026000000000001,0.7161290322580646,0.0005238336462802,0.0,0.0,0,0.0,0.0,0.0,-0.0008009999999999938
2002-03-20,-0.001985253062692,-3.300000000000525e-05,-0.0051999999999998,0.7225806451612904,0.0005235593882506,-0.01,-7.0,0,0.0,0.0,0.0,-0.000833999999999999
2002-03-21,-0.0268293864143185,-0.0008039999999999,0.0095,0.7290322580645161,0.0005232854172518,0.0,20.0,0,0.0,0.0,0.0,-0.001637999999999899
2002-03-22,-0.0299700554174169,-3.299999999999137e-05,0.0032999999999998,0.7354838709677419,0.0005230117328327,0.0,10.0,0,0.0,0.0,0.0,-0.0016709999999998905
2002-03-25,-0.002557353781885,3.299999999999137e-05,0.0133,0.7548387096774194,0.0015673959510476,0.0,3.0,0,0.0,0.0,0.0,-0.001637999999999899
2002-03-26,0.02175294354981,0.0,-0.0139,0.7612903225806452,0.0005219198519839,0.0,-8.0,0,0.0,0.0,0.0,-0.001637999999999899
2002-03-27,-0.0107428334518502,-3.299999999999137e-05,-0.0131000000000001,0.767741935483871,0.0005216475937412,0.01,2.0,0,0.0,0.0,0.0,-0.0016709999999998905
2002-03-28,-0.0127438006539399,-6.70000000000115e-05,-0.0135,0.7741935483870968,0.0005213756193978,0.0,-8.0,0,0.0,0.0,0.0,-0.001737999999999902
2002-04-01,0.0158674087269172,-0.0001679999999999,-0.0015999999999998,0.8,0.0020827883965974,0.0499999999999999,1.0,0,0.0,0.0,0.0,-0.001905999999999802
2002-04-02,-0.0166221257438721,-0.000234,-0.0198,0.7803333333333333,0.0008764073386622,0.0,2.0,0,0.0,0.0,0.0,-0.0021399999999998018
2002-04-03,-0.012153586741924,0.0,-0.0045000000000001,0.7606666666666667,0.0008756399213609,0.0,8.0,0,0.0,0.0,0.0,-0.0021399999999998018
2002-04-04,0.0207986321263913,0.0,0.0141,0.741,0.0008748738468469,0.0,5.0,0,0.0,0.0,0.0,-0.0021399999999998018
2002-04-05,-0.0063072742507728,0.0,-0.0193999999999996,0.7213333333333334,0.0008741091115958,0.0,4.0,0,0.0,0.0,0.0,-0.0021399999999998018
2002-04-08,-0.0087759679605561,0.0,-0.0017,0.6623333333333333,0.002617752263383,0.0,7.0,0,0.0,0.0,0.0,-0.0021399999999998018
2002-04-09,0.0026560440581153,0.0,-0.0065000000000003,0.6426666666666667,0.0008710634932587,0.0,2.0,0,0.0,0.0,0.0,-0.0021399999999998018
2002-04-10,0.0166100545656213,0.0,-0.0113999999999996,0.623,0.0008703054019463,0.01,0.0,0,0.0,0.0,0.0,-0.0021399999999998018
2002-04-11,-0.0003727587921051,0.0,-0.0019,0.6033333333333334,0.0008695486290282,-0.01,-7.0,0,0.0,0.0,0.0,-0.0021399999999998018
2002-04-12,0.025036283012005,0.0,0.0278999999999998,0.5836666666666667,0.0008687931710706,0.01,-17.0,1,0.0,0.0,0.0,-0.0021399999999998018
2002-04-15,-0.020498091240837,0.0,0.0192000000000001,0.5246666666666666,0.0026018598637538,0.0,26.0,0,0.0,0.0,0.0,-0.0021399999999998018
2002-04-16,0.0111460832839522,0.0,-0.0007999999999999,0.505,0.0008657844205135,0.0,-16.0,0,0.0,0.0,0.0,-0.0021399999999998018
2002-04-17,0.0079693348115217,0.0,-0.0007000000000001,0.4853333333333333,0.0008650354862194,0.0,1.0,0,0.0,0.0,0.0,-0.0021399999999998018
2002-04-18,-0.0116463502796175,0.0,0.0161999999999999,0.4656666666666667,0.0008642878465163,0.0,7.0,0,0.0,0.0,0.0,-0.0021399999999998018
2002-04-19,-0.0070237987918027,-3.399999999999237e-05,-0.0057999999999998,0.446,0.0008635414980471,0.0,1.0,0,0.0,0.0,0.0,-0.002173999999999794
2002-04-22,-0.0190253660053016,-3.300000000000525e-05,0.0078,0.387,0.0025861592656291,0.0,10.0,0,0.0,0.0,0.0,-0.0022069999999997994
2002-04-23,-0.002726035309239,-0.0001009999999999,0.0139999999999997,0.3673333333333333,0.0008605689498626,0.0,21.0,0,0.0,0.0,0.0,-0.002307999999999699
2002-04-24,0.0145284651133685,-3.400000000000625e-05,0.0080999999999997,0.3476666666666667,0.0008598290076715,0.0,11.0,0,0.0,0.0,0.0,-0.0023419999999997054
2002-04-25,-0.008103893678788,0.000101,0.0098000000000002,0.3279999999999999,0.0008590903368332,0.0,11.0,0,0.0,0.0,0.0,-0.0022409999999997055
2002-04-26,-0.0149534077820998,-3.300000000000525e-05,-0.0108000000000001,0.3083333333333333,0.0008583529340775,0.0,21.0,0,0.0,0.0,0.0,-0.0022739999999997107
2002-04-29,0.0010700910598444,-0.000269,0.0131000000000001,0.2493333333333333,0.0025706470176274,-0.01,10.0,0,0.0,0.0,0.0,-0.002542999999999711
2002-04-30,-0.0003820439396999,-0.0005709999999999,-0.0064000000000001,0.2296666666666666,0.0008554159387745,0.0,32.0,0,0.0,0.0,0.0,-0.003113999999999611
2002-05-02,-0.0427025031303323,0.0008729999999999,0.0144999999999999,0.2167741935483871,0.0008212389065906,-0.02,26.0,0,0.0,0.0,0.0,-0.002240999999999711
2002-05-03,0.0057261171250519,-0.000101,0.0379,0.2235483870967742,-3.344703978136465e-05,0.0,-4.0,1,0.0,0.0,0.0,-0.002341999999999711
2002-05-06,-0.0143772444542094,-3.300000000000525e-05,0.0178000000000002,0.2438709677419354,-0.0001003478320953,0.0,27.0,0,0.0,0.0,0.0,-0.0023749999999997163
2002-05-07,-0.0071048256237435,-0.000168,-0.0152999999999998,0.2506451612903225,-3.345151519873468e-05,-0.0199999999999999,-3.0,0,0.0,0.0,0.0,-0.0025429999999997165
2002-05-08,0.0220370310467288,-3.399999999999237e-05,0.0166999999999997,0.2574193548387096,-3.345263423959466e-05,0.0,-1.0,0,0.0,0.0,0.0,-0.002576999999999709
2002-05-09,-0.0416743827454748,0.0002349999999999,0.0178000000000002,0.2641935483870967,-3.345375335506162e-05,0.0,47.0,0,0.0,0.0,0.0,-0.0023419999999998086
2002-05-10,0.0023109947558292,0.000101,0.0318999999999998,0.2709677419354838,-3.345487254691193e-05,0.01,-4.0,1,0.0,0.0,0.0,-0.0022409999999998087
2002-05-13,-0.0106084203886371,0.0001009999999999,0.0114,0.2912903225806451,-0.0001003713335361,0.0,28.0,0,0.0,0.0,0.0,-0.0021399999999999085
2002-05-14,0.0166904642871017,3.300000000000525e-05,0.0201999999999999,0.2980645161290322,-3.3459350058606674e-05,0.0,-23.0,0,0.0,0.0,0.0,-0.0021069999999999032
2002-05-15,0.0118922962195622,3.400000000000625e-05,-0.0037000000000002,0.3048387096774193,-3.3460469625268274e-05,0.0099999999999999,-29.0,0,0.0,0.0,0.0,-0.002072999999999897
2002-05-16,0.0247913536420441,0.0,-0.0317999999999996,0.3116129032258064,-3.346158926653686e-05,-0.0099999999999999,-16.0,1,0.0,0.0,0.0,-0.002072999999999897
2002-05-17,0.0030758334908664,-3.400000000000625e-05,-0.0036,0.3183870967741935,-3.346270898063608e-05,0.0099999999999999,14.0,0,0.0,0.0,0.0,-0.0021069999999999032
2002-05-20,-0.0024441215305035,0.0,-0.0026000000000001,0.3387096774193548,-0.0001003948459867,0.0,9.0,0,0.0,0.0,0.0,-0.0021069999999999032
2002-05-21,0.0026016018457895,-3.300000000000525e-05,0.0049999999999998,0.3454838709677419,-3.346718859198461e-05,0.0,12.0,0,0.0,0.0,0.0,-0.0021399999999999085
2002-05-22,-0.0265682386771164,-0.0001009999999999,0.0228999999999999,0.352258064516129,-3.346830868267148e-05,0.0,19.0,0,0.0,0.0,0.0,-0.0022409999999998082
2002-05-23,0.0150861471346406,0.0001339999999999,0.028,0.3590322580645161,-3.346942884796533e-05,-0.0099999999999999,13.0,1,0.0,0.0,0.0,-0.0021069999999999084
2002-05-24,0.0014325509811623,3.400000000000625e-05,-0.0055999999999998,0.3658064516129032,-3.3470549087866175e-05,0.0,18.0,0,0.0,0.0,0.0,-0.002072999999999902
2002-05-27,0.0098133107873898,-3.400000000000625e-05,-0.0011999999999998,0.3861290322580645,-0.0001004183694544,0.0099999999999999,-8.0,0,0.0,0.0,0.0,-0.0021069999999999084
2002-05-28,0.0023597902872261,0.0,0.0019999999999997,0.3929032258064516,-3.347503079886849e-05,0.0,2.0,0,0.0,0.0,0.0,-0.0021069999999999084
2002-05-29,0.0199905540792268,-0.000268,-0.0047000000000001,0.3996774193548387,-3.3476151413580624e-05,0.0,-5.0,0,0.0,0.0,0.0,-0.0023749999999999084
2002-05-31,-0.0095953688307623,-0.000571,0.0019,0.4132258064516129,-6.695566497327832e-05,0.0,-3.0,0,0.0,0.0,0.0,-0.0029459999999999083
2002-06-03,-0.0158310516292576,-0.0028669999999999,0.0193000000000003,0.4713333333333333,0.0018186785645397,0.09,30.0,0,0.0,0.0,0.0,-0.005812999999999808
2002-06-04,-0.0046716106972599,-0.004801,0.0283999999999999,0.497,0.0009247941919774,0.01,66.0,1,0.0,0.0,0.0,-0.010613999999999808
2002-06-05,-0.0007939659011757,0.0033089999999999,0.0388999999999999,0.5226666666666666,0.0009239397378149,0.01,55.0,1,0.0,0.0,0.0,-0.007304999999999907
2002-06-06,-0.0386235920215902,0.0038209999999999,0.0331999999999998,0.5483333333333333,0.0009230868611194,0.0,72.0,1,0.0,0.0,0.0,-0.003484000000000007
2002-06-07,0.0139369365222918,0.000773,0.0289999999999999,0.574,0.0009222355575353,0.0,-18.0,1,0.0,0.0,0.0,-0.002711000000000007
2002-06-10,0.0254806214004741,0.0002689999999999,-0.0341,0.651,0.0027616145170199,0.0,-37.0,1,0.0,0.0,0.0,-0.002442000000000107
2002-06-11,-0.0314415258348184,0.0001,0.0297,0.6766666666666666,0.0009188459875293,-0.01,64.0,1,0.0,0.0,0.0,-0.002342000000000107
2002-06-12,-0.0063262750528778,-0.000167,0.0822000000000002,0.7023333333333333,0.0009180024845694,0.0,88.0,1,0.0,0.0,0.0,-0.002509000000000107
2002-06-13,-0.0141940544473708,0.0001,-0.0564,0.728,0.000917160528866,0.0,-59.0,1,0.0,0.0,0.0,-0.0024090000000001072
2002-06-14,-0.0222315905569008,0.0002019999999999,0.0259,0.7536666666666667,0.0009163201161648,0.0,78.0,1,0.0,0.0,0.0,-0.002207000000000207
2002-06-17,0.020139452047438,6.699999999999762e-05,-0.0358,0.8306666666666667,0.0027439332388361,0.0,-65.0,1,0.0,0.0,0.0,-0.0021400000000002094
2002-06-18,-0.0097652093446622,0.0,-0.0123000000000002,0.8563333333333334,0.0009129738108573,0.0,63.0,0,0.0,0.0,0.0,-0.0021400000000002094
2002-06-19,-0.0281394563816181,0.0,0.0329999999999999,0.882,0.0009121410499108,0.0,69.0,1,0.0,0.0,0.0,-0.0021400000000002094
2002-06-20,-0.0521500177710017,3.300000000000525e-05,0.0475000000000003,0.9076666666666666,0.0009113098067672,0.0,211.0,1,0.0,0.0,0.0,-0.002107000000000204
2002-06-21,-0.0479746566540963,0.0,0.0404999999999997,0.9333333333333332,0.0009104800772892,0.01,113.0,1,0.0,0.0,0.0,-0.002107000000000204
2002-06-24,0.0341291336502482,0.0,0.0359000000000002,1.0103333333333333,0.0027264769297161,0.0,-182.0,1,0.0,0.0,0.0,-0.002107000000000204
2002-06-25,-0.004938281640582,0.0,-0.0274,1.036,0.0009071762135839,0.0,107.0,1,0.0,0.0,0.0,-0.002107000000000204
2002-06-26,-0.0014020659398266,0.0,0.0588999999999999,1.0616666666666668,0.0009063539907465,0.0,78.0,1,0.0,0.0,0.0,-0.002107000000000204
2002-06-27,0.0296741271514431,0.0,0.0009000000000001,1.0873333333333333,0.0009055332570078,0.0,-110.0,0,0.0,0.0,0.0,-0.002107000000000204
2002-06-28,0.0113760706802459,0.0,-0.0149000000000003,1.113,0.0009047140083318,0.0,-72.0,0,0.0,0.0,0.0,-0.002107000000000204
2002-07-01,-0.022423889051538,0.0,0.0151000000000003,1.19,0.0027092413231883,0.16,72.0,0,0.0,0.0,0.0,-0.002107000000000204
2002-07-02,-0.004232226392645,-3.300000000000525e-05,0.0545999999999997,1.1725806451612903,0.0002398916052328,0.0,83.0,1,0.0,0.0,0.0,-0.0021400000000002094
2002-07-03,-0.0195518750380951,0.0,-0.0524,1.1551612903225803,0.0002398340710527,0.0399999999999999,45.0,1,0.0,0.0,0.0,-0.0021400000000002094
2002-07-04,0.0017847921698059,-3.399999999999237e-05,-0.0135999999999998,1.137741935483871,0.000239776564463,-0.01,-9.0,0,0.0,0.0,0.0,-0.002174000000000202
2002-07-05,-0.0123709023725329,0.0,0.0264999999999999,1.120322580645161,0.0002397190854424,0.01,-3.0,1,0.0,0.0,0.0,-0.002174000000000202
2002-07-08,0.0153696863647123,6.699999999999762e-05,-0.0034999999999998,1.0680645161290323,0.0007188126576274,0.0,-28.0,0,0.0,0.0,0.0,-0.002107000000000204
2002-07-10,-0.012333630901681,-3.300000000000525e-05,-0.0170000000000003,1.0332258064516129,0.0004789215478986,0.0,-57.0,0,0.0,0.0,0.0,-0.0021400000000002094
2002-07-11,0.0234071167807954,0.0,-0.0308999999999999,1.015806451612903,0.0002393747892082,0.0,-82.0,1,0.0,0.0,0.0,-0.0021400000000002094
2002-07-12,0.0147892283561983,-3.399999999999237e-05,-0.0084999999999997,0.9983870967741936,0.0002393175026309,-0.01,-34.0,0,0.0,0.0,0.0,-0.002174000000000202
2002-07-15,-0.0309283911091231,0.0,0.0307999999999997,0.9461290322580644,0.0007176090624625,0.0,32.0,1,0.0,0.0,0.0,-0.002174000000000202
2002-07-16,-0.0051860000251604,0.0,0.0216000000000002,0.9287096774193548,0.0002390886302539,0.02,8.0,0,0.0,0.0,0.0,-0.002174000000000202
2002-07-17,0.0165943900759053,0.0,0.0111999999999996,0.9112903225806452,0.0002390314805467,0.0,-3.0,0,0.0,0.0,0.0,-0.002174000000000202
2002-07-18,0.0053783512437064,-0.00168,-0.0010999999999996,0.8938709677419354,0.0002389743581492,0.0,-41.0,0,0.0,0.0,0.0,-0.003854000000000202
2002-07-19,-0.0215001738518125,0.0,-0.0100999999999999,0.8764516129032258,0.0002389172630508,0.0,40.0,0,0.0,0.0,0.0,-0.003854000000000202
2002-07-22,-0.0675225904524179,0.0,0.0144999999999999,0.8241935483870968,0.0007164094912095,0.0,69.0,0,0.0,0.0,0.0,-0.003854000000000202
2002-07-23,-0.0148694052378548,0.0,0.0315999999999996,0.8067741935483871,0.0002386891552106,0.0,81.0,1,0.0,0.0,0.0,-0.003854000000000202
2002-07-24,0.0194082198279108,-6.799999999999862e-05,0.0347000000000004,0.7893548387096774,0.000238632196293,0.01,51.0,1,0.0,0.0,0.0,-0.0039220000000002005
2002-07-25,-0.0276505908263331,0.0,0.0343,0.7719354838709678,0.0002385752645537,0.0,98.0,1,0.0,0.0,0.0,-0.0039220000000002005
2002-07-26,-0.0475649684113648,0.0,0.0354999999999998,0.7545161290322581,0.0002385183599713,-0.01,142.0,1,0.0,0.0,0.0,-0.0039220000000002005
2002-07-29,0.0024922806420644,-3.300000000000525e-05,0.1271999999999997,0.702258064516129,0.0007152139237245,0.01,173.0,1,0.0,0.0,0.0,-0.003955000000000206
2002-07-30,0.0109784764263238,-6.799999999999862e-05,0.1243000000000003,0.6848387096774193,0.0002382910128453,0.0,226.0,1,0.0,0.0,0.0,-0.004023000000000204
2002-07-31,0.0440793681636186,0.000101,0.1593,0.6674193548387096,0.0002382342437652,0.0,-83.0,1,0.0,0.0,0.0,-0.003922000000000204
2002-08-01,-0.0003073298185327,-0.0001349999999999,-0.1009999999999999,0.65,0.0002381775017283,-0.19,-247.0,1,0.0,0.0,0.0,-0.004057000000000104
2002-08-02,0.0093820798332888,3.399999999999237e-05,-0.2973000000000003,0.652258064516129,-0.0006722178906617,0.0,-13.0,1,0.0,0.0,0.0,-0.0040230000000001116
2002-08-05,-0.0395455730603035,0.000101,0.0430000000000001,0.6590322580645162,-0.0020193691934426,-0.01,133.0,1,0.0,0.0,0.0,-0.003922000000000111
2002-08-06,0.0296510668770881,0.0,0.1337999999999999,0.6612903225806451,-0.0006740302715595,0.01,-54.0,1,0.0,0.0,0.0,-0.003922000000000111
2002-08-07,0.0117198793703146,-3.300000000000525e-05,-0.1471999999999997,0.6635483870967742,-0.0006744848948123,0.0,-204.0,1,0.0,0.0,0.0,-0.003955000000000116
2002-08-08,0.0441962345737092,-0.0001019999999999,-0.1714999999999999,0.6658064516129032,-0.0006749401317556,-0.01,-163.0,1,0.0,0.0,0.0,-0.004057000000000016
2002-08-09,-0.0325119759406806,0.0,0.1080999999999998,0.6680645161290323,-0.0006753959836256,0.0,246.0,1,0.0,0.0,0.0,-0.004057000000000016
2002-08-12,-0.0265870556245406,0.0,0.1015000000000001,0.6748387096774193,-0.0020289292301338,0.01,216.0,1,0.0,0.0,0.0,-0.004057000000000016
2002-08-13,-0.0292174372306117,-3.300000000000525e-05,0.1114999999999999,0.6770967741935484,-0.0006772255654023,0.0,63.0,1,0.0,0.0,0.0,-0.004090000000000022
2002-08-14,-0.0107522194124474,0.000168,-0.0129000000000001,0.6793548387096774,-0.0006776845106966,0.0,-125.0,0,0.0,0.0,0.0,-0.003922000000000022
2002-08-15,-0.0172734511794327,0.0,-0.0053,0.6816129032258065,-0.0006781440784529,0.01,18.0,0,0.0,0.0,0.0,-0.003922000000000022
2002-08-16,0.0366709537472829,-0.000168,-0.0291999999999998,0.6838709677419355,-0.0006786042699378,-0.01,-86.0,1,0.0,0.0,0.0,-0.004090000000000022
2002-08-19,-0.0115083358507419,0.0,-0.0478,0.6906451612903226,-0.0020385802150943,0.01,-97.0,1,0.0,0.0,0.0,-0.004090000000000022
2002-08-20,-0.0164885962560354,0.000168,-0.0219,0.6929032258064516,-0.0006804512986349,0.01,23.0,0,0.0,0.0,0.0,-0.003922000000000022
2002-08-21,0.0187161230323038,0.0,-0.0128999999999996,0.6951612903225807,-0.0006809146278961,0.01,-140.0,0,0.0,0.0,0.0,-0.003922000000000022
2002-08-22,0.027691022738967,-0.000168,0.0623,0.6974193548387096,-0.0006813785885615,0.0,26.0,1,0.0,0.0,0.0,-0.004090000000000022
2002-08-23,-0.0027865232953807,-3.400000000000625e-05,-0.0281000000000002,0.6996774193548387,-0.0006818431819262,0.0,-58.0,1,0.0,0.0,0.0,-0.004124000000000028
2002-08-26,0.042688791688942,0.0,-0.0347999999999997,0.7064516129032258,-0.0020483234523673,0.0099999999999999,-78.0,1,0.0,0.0,0.0,-0.004124000000000028
2002-08-27,0.0267724832396947,0.0,0.0160999999999997,0.7087096774193549,-0.0006837079083013,0.0,-50.0,0,0.0,0.0,0.0,-0.004124000000000028
2002-08-28,0.0007710100613245,0.000202,0.0270000000000001,0.7109677419354838,-0.0006841756846434,0.02,0.0,1,0.0,0.0,0.0,-0.003922000000000028
2002-08-29,0.0071994551428549,-0.0001349999999999,0.0019999999999997,0.7132258064516128,-0.0006846441015095,0.0,-56.0,0,0.0,0.0,0.0,-0.004056999999999928
2002-08-30,-0.0070067954755597,-3.300000000000525e-05,-0.1015999999999999,0.7154838709677419,-0.0006851131602125,0.0,-28.0,1,0.0,0.0,0.0,-0.004089999999999933
2002-09-02,-0.0003853564594891,0.000168,0.0062999999999999,0.7396666666666667,0.0007537847326464,-0.08,-15.0,0,0.0,0.0,0.0,-0.003921999999999933
2002-09-03,-0.0235947379267109,0.0,0.0702000000000002,0.7593333333333333,0.0021209129688894,0.0,111.0,1,0.0,0.0,0.0,-0.003921999999999933
2002-09-04,-0.0138083950337932,0.0,0.0336999999999996,0.779,0.0021164242156448,-0.0099999999999999,-31.0,1,0.0,0.0,0.0,-0.003921999999999933
2002-09-05,-0.0277908351575248,3.399999999999237e-05,0.0186999999999999,0.7986666666666666,0.0021119544224994,0.0,10.0,0,0.0,0.0,0.0,-0.003887999999999941
2002-09-06,-0.000617283970218,3.400000000000625e-05,0.0271000000000003,0.8183333333333334,0.0021075034695741,0.0,26.0,1,0.0,0.0,0.0,-0.0038539999999999347
2002-09-09,0.0240975515790609,3.300000000000525e-05,-0.0470999999999999,0.8773333333333333,0.0062959913163798,0.0099999999999999,-62.0,1,0.0,0.0,0.0,-0.0038209999999999295
2002-09-10,0.0006025911601437,0.0,-0.0006000000000003,0.897,0.0020898856976714,0.0,18.0,0,0.0,0.0,0.0,-0.0038209999999999295
2002-09-11,0.0220443838836388,0.0,-0.0152999999999998,0.9166666666666666,0.0020855271826594,0.0,16.0,0,0.0,0.0,0.0,-0.0038209999999999295
2002-09-12,-0.000884303668533,0.0,0.0085999999999999,0.9363333333333334,0.0020811868094252,0.0,-2.0,0,0.0,0.0,0.0,-0.0038209999999999295
2002-09-13,0.0007860863134467,0.0,0.0266999999999999,0.956,0.0020768644649376,0.0,15.0,1,0.0,0.0,0.0,-0.0038209999999999295
2002-09-16,-0.0349825797402711,0.0,0.0378000000000002,1.015,0.0062048379394656,-0.0699999999999999,0.0,1,0.0,0.0,0.0,-0.0038209999999999295
2002-09-17,-0.0185827430338925,0.0,0.0363999999999999,1.0346666666666666,0.0020597531463746,0.0,143.0,1,0.0,0.0,0.0,-0.0038209999999999295
2002-09-18,-0.0151399394105027,0.0,0.0991999999999997,1.0543333333333331,0.0020555192825693,0.0,80.0,1,0.0,0.0,0.0,-0.0038209999999999295
2002-09-19,-0.0140914552948423,0.0,0.0603000000000002,1.074,0.0020513027886526,0.0,108.0,1,0.0,0.0,0.0,-0.0038209999999999295
2002-09-20,0.0224728558520581,0.0,0.0434000000000001,1.0936666666666666,0.0020471035579454,0.0,-68.0,1,0.0,0.0,0.0,-0.0038209999999999295
2002-09-23,-0.0340634556669687,0.0,0.1170999999999997,1.1526666666666667,0.0061162863398465,0.0,225.0,1,0.0,0.0,0.0,-0.0038209999999999295
2002-09-24,-0.0126006446701048,0.0,0.0767999999999999,1.1723333333333334,0.0020304771640802,0.0099999999999999,6.0,1,0.0,0.0,0.0,-0.0038209999999999295
2002-09-25,0.0087070641509736,0.0,0.1040999999999998,1.1920000000000002,0.0020263626795209,0.0,-34.0,1,0.0,0.0,0.0,-0.0038209999999999295
2002-09-26,-0.0031475578164883,0.0,0.0259,1.211666666666667,0.0020222648361301,0.02,48.0,1,0.0,0.0,0.0,-0.0038209999999999295
2002-09-27,-0.0539343654126458,0.0,0.1025,1.2313333333333334,0.0020181835331491,0.03,216.0,1,0.0,0.0,0.0,-0.0038209999999999295
2002-09-30,-0.0107273651121868,0.0,0.0407999999999999,1.290333333333333,0.0060302266913492,0.0099999999999999,-46.0,1,0.0,0.0,0.0,-0.0038209999999999295
2002-10-01,0.0425692784487932,0.0,-0.1481999999999996,1.31,0.0020020217384857,0.05,-184.0,1,0.0,0.0,0.0,-0.0038209999999999295
2002-10-02,-0.01998046040028,0.0,-0.1531000000000002,1.3651612903225807,0.0006882238709291,0.0099999999999999,-60.0,1,0.0,0.0,0.0,-0.0038209999999999295
2002-10-03,0.0356385154473581,0.0,0.1015999999999999,1.4203225806451614,0.0006877505445679,0.0,-116.0,1,0.0,0.0,0.0,-0.0038209999999999295
2002-10-04,0.0130436631920289,0.0,-0.0358999999999998,1.475483870967742,0.0006872778688205,-0.0099999999999999,-77.0,1,0.0,0.0,0.0,-0.0038209999999999295
2002-10-07,-0.0438187409018269,0.0,0.0371999999999999,1.640967741935484,0.0020590040380277,0.0099999999999999,80.0,1,0.0,0.0,0.0,-0.0038209999999999295
2002-10-08,-0.0018068892550111,0.0,0.0052000000000003,1.6961290322580649,0.0006853936452113,-0.0099999999999999,59.0,0,0.0,0.0,0.0,-0.0038209999999999295
2002-10-09,-0.0150327395292659,0.0,0.1502999999999996,1.751290322580645,0.0006849242024973,0.0099999999999999,172.0,1,0.0,0.0,0.0,-0.0038209999999999295
2002-10-10,0.017178057350879,0.0,0.0708000000000002,1.806451612903226,0.0006844554024088,0.01,0.0,1,0.0,0.0,0.0,-0.0038209999999999295
2002-10-11,-0.0012414650880661,0.0,0.0007000000000001,1.8616129032258064,0.0006839872436259,0.0,-51.0,0,0.0,0.0,0.0,-0.0038209999999999295
2002-10-14,-0.0466974936724504,0.0,-0.0622000000000002,2.0270967741935486,0.0020491591715465,0.02,44.0,1,0.0,0.0,0.0,-0.0038209999999999295
2002-10-15,0.0066045764314015,0.0099779999999999,-0.0045999999999999,2.082258064516129,0.0006821209953145,0.0,16.0,0,0.0,0.0,0.0,0.006156999999999971
2002-10-16,-0.0161160023158277,0.0,0.0177,2.13741935483871,0.0006816560234135,0.01,-8.0,0,0.0,0.0,0.0,0.006156999999999971
2002-10-17,0.0615026189157426,0.0,0.0501,2.19258064516129,0.0006811916849791,0.03,-208.0,1,0.0,0.0,0.0,0.006156999999999971
2002-10-18,0.0133900683925425,0.0,-0.0485999999999999,2.2477419354838712,0.0006807279787235,0.02,-112.0,1,0.0,0.0,0.0,0.006156999999999971
2002-10-21,0.0116805735735692,0.0,0.0365999999999999,2.4132258064516128,0.0020394080010603,-0.02,36.0,1,0.0,0.0,0.0,0.006156999999999971
2002-10-22,0.0219955776921114,0.0,0.0426999999999999,2.468387096774194,0.0006788794497083,0.01,-60.0,1,0.0,0.0,0.0,0.006156999999999971
2002-10-23,0.0531135208122766,0.0,-0.0847999999999999,2.523548387096774,0.0006784188850517,0.0,-45.0,1,0.0,0.0,0.0,0.006156999999999971
2002-10-24,-0.004175371410481,0.0,-0.0087000000000001,2.578709677419355,0.0006779589448839,0.0,-54.0,0,0.0,0.0,0.0,0.006156999999999971
2002-10-25,0.0218036294641006,0.0,-0.0602,2.6338709677419354,0.0006774996279315,0.01,-44.0,1,0.0,0.0,0.0,0.006156999999999971
2002-10-28,-0.0450328781474649,0.0,-0.0608999999999997,2.7993548387096774,0.002029749195314,0.0,65.0,1,0.0,0.0,0.0,0.006156999999999971
2002-10-29,0.0028161687451699,0.0,0.0804999999999998,2.854516129032258,0.0006756685670517,0.0,51.0,1,0.0,0.0,0.0,0.006156999999999971
2002-10-30,0.0475941372179917,0.0,-0.0767999999999999,2.9096774193548387,0.000675212347275,0.0,-115.0,1,0.0,0.0,0.0,0.006156999999999971
2002-10-31,0.0097841369536748,0.0,-0.0992999999999999,2.96483870967742,0.0006747567431748,0.0299999999999999,-45.0,1,0.0,0.0,0.0,0.006156999999999971
2002-11-01,-0.0027575357241165,0.0,-0.0337,3.02,0.0006743017535004,0.02,-45.0,1,0.0,0.0,0.0,0.006156999999999971
2002-11-04,-0.0226409711122759,0.0,-0.0695000000000001,2.928,-0.0042197778379424,0.01,26.0,1,0.0,0.0,0.0,0.006156999999999971
2002-11-05,-0.0052594437005684,0.0,0.0207000000000001,2.897333333333333,-0.0014105589162767,0.01,28.0,0,0.0,0.0,0.0,0.006156999999999971
2002-11-06,-0.0161524673070303,0.0,0.0350999999999999,2.8666666666666667,-0.0014125514035843,0.0,35.0,1,0.0,0.0,0.0,0.006156999999999971
2002-11-07,0.0098452236105188,0.0,0.0242,2.836,-0.0014145495278388,-0.01,-5.0,1,0.0,0.0,0.0,0.006156999999999971
2002-11-08,0.0062058289608621,0.0,-0.0947,2.805333333333333,-0.0014165533129926,0.02,-48.0,1,0.0,0.0,0.0,0.006156999999999971
2002-11-11,0.0026334462702237,0.0,-0.0236,2.7133333333333334,-0.0042617396211053,0.0,0.0,1,0.0,0.0,0.0,0.006156999999999971
2002-11-12,-0.0168311210458345,0.0,0.0492000000000003,2.6826666666666665,-0.0014246255465,0.0,85.0,1,0.0,0.0,0.0,0.006156999999999971
2002-11-13,0.0044136586917815,0.0,0.0814999999999996,2.652,-0.0014266580002786,0.02,19.0,1,0.0,0.0,0.0,0.006156999999999971
2002-11-14,0.0122151355956496,0.0,0.0455,2.6213333333333333,-0.001428696261577,0.01,-80.0,1,0.0,0.0,0.0,0.006156999999999971
2002-11-18,0.0087635917202923,0.0,-0.0907999999999997,2.498666666666667,-0.0057352846851461,0.0199999999999999,-98.0,1,0.0,0.0,0.0,0.006156999999999971
2002-11-19,0.0,0.0,-0.0342000000000002,2.468,-0.0014389755583419,0.0,-32.0,1,0.0,0.0,0.0,0.006156999999999971
2002-11-20,0.0116657188159621,0.0,-0.0400999999999998,2.437333333333333,-0.0014410491932661,0.0,-31.0,1,0.0,0.0,0.0,0.006156999999999971
2002-11-21,0.0197287647310542,0.003272,-0.0043000000000001,2.4066666666666667,-0.0014431288132392,0.0,-32.0,0,0.0,0.0,0.0,0.00942899999999997
2002-11-22,0.0111149841927318,0.0,0.0512999999999999,2.376,-0.0014452144442067,0.02,-5.0,1,0.0,0.0,0.0,0.00942899999999997
2002-11-25,-0.0153029620693931,0.0,-0.0123999999999999,2.284,-0.0043482176207891,0.0,36.0,0,0.0,0.0,0.0,0.00942899999999997
2002-11-26,-0.011188653377582,0.0,0.0380000000000002,2.2533333333333334,-0.0014536176022996,0.01,67.0,1,0.0,0.0,0.0,0.00942899999999997
2002-11-27,0.0092347645183785,0.0,0.0025999999999997,2.2226666666666666,-0.0014557336827767,0.0,-37.0,0,0.0,0.0,0.0,0.00942899999999997
2002-11-28,0.0012704619348724,0.0,0.0132000000000003,2.192,-0.0014578559331397,0.0,0.0,0,0.0,0.0,0.0,0.00942899999999997
2002-11-29,0.0260280742907799,0.0,0.0334999999999996,2.1613333333333333,-0.0014599843804088,0.02,-38.0,1,0.0,0.0,0.0,0.00942899999999997
2002-12-02,0.0155788450282923,0.0,-0.0204999999999997,2.1048387096774195,-0.0040483767920065,-0.03,-59.0,0,0.0,0.0,0.0,0.00942899999999997
2002-12-03,-0.0010310728757101,0.0,0.0464999999999999,2.109677419354839,-0.0011232580588504,0.0,20.0,1,0.0,0.0,0.0,0.00942899999999997
2002-12-04,-0.0021593211225443,0.0,0.0423999999999997,2.1145161290322583,-0.0011245211864689,0.0,48.0,1,0.0,0.0,0.0,0.00942899999999997
2002-12-05,-0.0215654583657389,0.0,0.0464999999999999,2.1193548387096777,-0.0011257871581111,0.0,115.0,1,0.0,0.0,0.0,0.00942899999999997
2002-12-06,0.0148701624794505,0.0,0.0012000000000003,2.124193548387097,-0.0011270559833995,0.01,-32.0,0,0.0,0.0,0.0,0.00942899999999997
2002-12-09,-0.0220020354226537,0.0,0.0453999999999998,2.138709677419355,-0.0033888095834981,0.01,-29.0,1,0.0,0.0,0.0,0.00942899999999997
2002-12-10,-0.0007740687372468,0.0,-0.0295,2.143548387096774,-0.0011321600148175,0.0,0.0,1,0.0,0.0,0.0,0.00942899999999997
2002-12-11,0.0270248005383937,0.0,0.0268999999999999,2.1483870967741936,-0.001133443254087,0.0,-22.0,1,0.0,0.0,0.0,0.00942899999999997
2002-12-12,-0.0025470510444591,0.0,-0.0419,2.153225806451613,-0.0011347294056136,-0.01,-57.0,1,0.0,0.0,0.0,0.00942899999999997
2002-12-13,-0.0021748389263578,0.0,-0.0192999999999998,2.1580645161290324,-0.0011360184793254,0.01,-13.0,0,0.0,0.0,0.0,0.00942899999999997
2002-12-16,0.0194053429337479,0.0,-0.1023999999999998,2.1725806451612906,-0.0034158192519253,0.0,-71.0,1,0.0,0.0,0.0,0.00942899999999997
2002-12-17,0.0057396935947977,0.0,-0.0491000000000001,2.177419354838709,-0.0011412041961076,0.0,21.0,1,0.0,0.0,0.0,0.00942899999999997
2002-12-18,0.013933674873142,0.0,-0.0510999999999999,2.182258064516129,-0.0011425080312097,0.0,-46.0,1,0.0,0.0,0.0,0.00942899999999997
2002-12-19,0.0200971031981325,0.0096549999999999,-0.0268999999999999,2.1870967741935483,-0.0011438148490032,0.04,-43.0,1,0.0,0.0,0.0,0.019083999999999872
2002-12-20,0.0248492828259578,0.0,-0.0769000000000001,2.191935483870968,-0.0011451246597342,-0.02,-21.0,1,0.0,0.0,0.0,0.019083999999999872
2002-12-23,-0.0017421607193846,0.0,0.0668999999999999,2.206451612903226,-0.0034432629276839,0.0,-12.0,1,0.0,0.0,0.0,0.019083999999999872
2002-12-26,-0.0133405524209475,0.0,0.0304000000000002,2.220967741935484,-0.0034551599636909,0.0,32.0,1,0.0,0.0,0.0,0.019083999999999872
2002-12-27,-0.00744948461009,0.0,0.0161999999999999,2.225806451612903,-0.0011543780078202,0.0,9.0,0,0.0,0.0,0.0,0.019083999999999872
2002-12-30,0.0030219559038844,0.0,-0.008,2.240322580645161,-0.0034711511563436,0.0,19.0,0,0.0,0.0,0.0,0.019083999999999872
2003-01-02,0.0292968353512819,0.0,-0.0108999999999999,2.228064516129032,-0.0008684886503438,-0.01,-71.0,0,0.0,0.0,0.0,0.019083999999999872
2003-01-03,-0.0002585872530893,0.0,-0.0525999999999999,2.2061290322580644,0.0014502178853881,0.01,0.0,1,0.0,0.0,0.0,0.019083999999999872
2003-01-06,0.0355668309947425,0.0,-0.1034000000000001,2.140322580645161,0.004338077403867,0.0,-106.0,1,0.0,0.0,0.0,0.019083999999999872
2003-01-07,-0.012052372205547,0.0,-0.0241000000000002,2.1183870967741933,0.0014418538748195,0.01,-22.0,1,0.0,0.0,0.0,0.019083999999999872
2003-01-08,-0.0076071704857927,0.0,-0.0299,2.096451612903226,0.0014397779250803,0.0,21.0,1,0.0,0.0,0.0,0.019083999999999872
2003-01-09,0.0106339089659872,0.0,0.0173,2.0745161290322582,0.0014377079445626,0.0,-9.0,0,0.0,0.0,0.0,0.019083999999999872
2003-01-10,0.0274080497100701,0.0,-0.0379,2.0525806451612905,0.0014356439075573,0.0,-29.0,1,0.0,0.0,0.0,0.019083999999999872
2003-01-13,-0.010922787526777,0.0,0.0038,1.9867741935483871,0.0042946065532003,0.0,-6.0,0,0.0,0.0,0.0,0.019083999999999872
2003-01-14,0.005353111403652,0.0,-0.0198,1.96483870967742,0.0014274466856054,0.0,-1.0,0,0.0,0.0,0.0,0.019083999999999872
2003-01-15,-0.01689761069942,0.0,0.0224999999999999,1.942903225806452,0.0014254119856467,-0.01,52.0,0,0.0,0.0,0.0,0.019083999999999872
2003-01-16,-0.0015884298787725,0.0,-0.0045999999999999,1.920967741935484,0.0014233830780039,-0.01,-11.0,0,0.0,0.0,0.0,0.019083999999999872
2003-01-17,-0.0233631753985932,0.0,0.0695000000000001,1.899032258064516,0.0014213599379786,0.0,24.0,1,0.0,0.0,0.0,0.019083999999999872
2003-01-20,-0.0024009615375373,0.0,0.0470999999999999,1.833225806451613,0.0042519982824256,0.0,0.0,1,0.0,0.0,0.0,0.019083999999999872
2003-01-21,-0.0184556639795854,0.0,0.0299,1.8112903225806447,0.0014133245649698,0.0,73.0,1,0.0,0.0,0.0,0.019083999999999872
2003-01-22,-0.0259570758761213,0.0,0.0786999999999999,1.7893548387096774,0.0014113298974258,0.01,38.0,1,0.0,0.0,0.0,0.019083999999999872
2003-01-23,0.0017934007676174,0.001587,-0.0287999999999999,1.7674193548387098,0.0014093408522146,0.0,-29.0,1,0.0,0.0,0.0,0.020670999999999874
2003-01-24,-0.0344515981962896,0.0,0.1021999999999998,1.745483870967742,0.0014073574056023,0.0,58.0,1,0.0,0.0,0.0,0.020670999999999874
2003-01-27,-0.0238352280240672,0.0,0.0700000000000002,1.6796774193548387,0.0042102271698212,0.0,-14.0,1,0.0,0.0,0.0,0.020670999999999874
2003-01-28,-0.0012353306079937,0.0,-0.0310999999999999,1.657741935483871,0.00139947913501,0.0,-14.0,1,0.0,0.0,0.0,0.020670999999999874
2003-01-29,0.032369523913724,0.0,0.0104999999999999,1.6358064516129032,0.0013975233299508,0.0,-46.0,0,0.0,0.0,0.0,0.020670999999999874
2003-01-30,-0.0103637459485241,-3.100000000000325e-05,-0.0721000000000002,1.6138709677419354,0.0013955729838297,0.01,9.0,1,0.0,0.0,0.0,0.02063999999999987
2003-01-31,0.0175184269915629,-3.200000000000425e-05,-0.0438,1.5919354838709676,0.001393628073826,-0.01,-39.0,1,0.0,0.0,0.0,0.020607999999999866
2003-02-03,-0.0028374006496747,0.0,-0.0327999999999999,1.5457142857142858,0.0061499137708818,-0.17,-24.0,1,0.0,0.0,0.0,0.020607999999999866
2003-02-04,-0.0309979674990632,6.30000000000075e-05,0.0476,1.5335714285714286,0.002370649176294,0.0,35.0,1,0.0,0.0,0.0,0.020670999999999874
2003-02-05,0.0014171668487374,-3.100000000000325e-05,0.0438999999999998,1.5214285714285716,0.0023650424876482,0.01,-20.0,1,0.0,0.0,0.0,0.02063999999999987
2003-02-06,-0.0024577004525294,-3.200000000000425e-05,0.02,1.5092857142857143,0.0023594622565692,0.0,12.0,0,0.0,0.0,0.0,0.020607999999999866
2003-02-07,-0.0176640865310151,-3.200000000000425e-05,-0.0242999999999997,1.497142857142857,0.002353908296218,0.0,-15.0,1,0.0,0.0,0.0,0.020575999999999862
2003-02-10,0.0094914666817871,-3.199999999999037e-05,0.024,1.460714285714286,0.0070286610680057,0.0,5.0,1,0.0,0.0,0.0,0.02054399999999987
2003-02-11,0.0027633539905647,-3.100000000000325e-05,-0.0304999999999999,1.4485714285714286,0.0023319514863739,0.0,-14.0,1,0.0,0.0,0.0,0.020512999999999868
2003-02-12,9.515200540022306e-05,-3.200000000000425e-05,0.0265999999999997,1.4364285714285714,0.0023265261378355,0.0,20.0,1,0.0,0.0,0.0,0.020480999999999864
2003-02-13,-0.0389999953629125,-6.299999999999362e-05,0.0356,1.4242857142857144,0.0023211259751558,-0.01,29.0,1,0.0,0.0,0.0,0.02041799999999987
2003-02-14,-0.0026747254541437,3.100000000000325e-05,0.0221,1.4121428571428571,0.0023157508233602,0.02,-12.0,0,0.0,0.0,0.0,0.020448999999999874
2003-02-17,0.0106562429203442,-3.100000000000325e-05,-0.0347999999999997,1.3757142857142857,0.0069152490773873,0.01,0.0,1,0.0,0.0,0.0,0.02041799999999987
2003-02-18,0.0252932714186719,-9.499999999999786e-05,-0.0343,1.3635714285714289,0.0022944968817757,0.0,-31.0,1,0.0,0.0,0.0,0.020322999999999872
2003-02-19,-0.0191291699089948,3.099999999998937e-05,0.0045999999999999,1.3514285714285714,0.0022892442157615,0.0,4.0,0,0.0,0.0,0.0,0.020353999999999862
2003-02-20,-0.0034198088925396,0.003032,0.0131999999999998,1.3392857142857142,0.0022840155441112,-0.03,-7.0,0,0.0,0.0,0.0,0.023385999999999862
2003-02-21,0.0110960842580229,9.399999999999686e-05,0.0030000000000001,1.3271428571428572,0.0022788107027853,0.0,-19.0,0,0.0,0.0,0.0,0.02347999999999986
2003-02-24,-0.0074812105057997,9.499999999999786e-05,-0.0226999999999999,1.2907142857142857,0.0068054389343448,0.01,-48.0,0,0.0,0.0,0.0,0.023574999999999856
2003-02-25,-0.0060647745317012,-3.199999999999037e-05,0.0142999999999999,1.2785714285714285,0.0022582264118913,0.0,0.0,0,0.0,0.0,0.0,0.023542999999999866
2003-02-26,-0.0195181308774436,-6.30000000000075e-05,-0.0196,1.2664285714285717,0.0022531383132839,0.01,-25.0,0,0.0,0.0,0.0,0.02347999999999986
2003-02-27,0.013021405595353,-6.299999999999362e-05,0.0032999999999998,1.2542857142857142,0.0022480730915344,0.0,-8.0,0,0.0,0.0,0.0,0.023416999999999865
2003-02-28,0.0151911580128647,3.199999999999037e-05,-0.0217999999999998,1.242142857142857,0.0022430305926963,0.0,0.0,0,0.0,0.0,0.0,0.023448999999999855
2003-03-05,0.0024287183454507,3.100000000000325e-05,0.0004999999999997,1.196451612903226,0.0030211945596647,-0.02,-41.0,0,0.0,0.0,0.0,0.02347999999999986
2003-03-06,0.0295418452491862,-3.100000000000325e-05,-0.0377,1.1880645161290322,0.000195700171222,0.0,-53.0,1,0.0,0.0,0.0,0.023448999999999855
2003-03-07,0.0102161252184949,3.100000000000325e-05,-0.0249999999999999,1.1796774193548387,0.0001956618801592,0.0,5.0,1,0.0,0.0,0.0,0.02347999999999986
2003-03-10,-0.0394669202594659,0.0,0.0270999999999999,1.154516129032258,0.0005867560438606,-0.01,30.0,1,0.0,0.0,0.0,0.02347999999999986
2003-03-11,0.0030025689660355,3.200000000000425e-05,-0.0219999999999997,1.1461290322580644,0.0001955088656302,0.0,-12.0,0,0.0,0.0,0.0,0.023511999999999863
2003-03-12,0.0226619632656319,0.0,-0.0297999999999998,1.137741935483871,0.0001954706493823,0.0,-17.0,1,0.0,0.0,0.0,0.023511999999999863
2003-03-13,0.0192889875540203,3.100000000000325e-05,-0.0470000000000001,1.1293548387096777,0.000195432448077,0.0,-36.0,1,0.0,0.0,0.0,0.023542999999999866
2003-03-14,0.0031481507482169,0.0,-0.0335,1.1209677419354838,0.0001953942616967,-0.0099999999999998,2.0,1,0.0,0.0,0.0,0.023542999999999866
2003-03-17,0.0053476063265947,3.199999999999037e-05,0.0484,1.0958064516129031,0.0005859538159729,-0.01,-24.0,1,0.0,0.0,0.0,0.023574999999999856
2003-03-18,0.025062603008477,0.0,-0.0133999999999998,1.0874193548387097,0.0001952416652919,0.0,-19.0,0,0.0,0.0,0.0,0.023574999999999856
2003-03-19,-0.0130886013456574,6.20000000000065e-05,0.0267999999999997,1.0790322580645162,0.0001952035534245,-0.01,35.0,1,0.0,0.0,0.0,0.023636999999999863
2003-03-20,0.013805768565998,0.0,0.0254000000000003,1.0706451612903225,0.0001951654564358,-0.01,2.0,1,0.0,0.0,0.0,0.023636999999999863
2003-03-21,0.0193474263540149,3.199999999999037e-05,-0.0367999999999999,1.062258064516129,0.0001951273743117,0.01,-45.0,1,0.0,0.0,0.0,0.023668999999999853
2003-03-24,-0.0288918892287615,-6.299999999999362e-05,-0.0392000000000001,1.0370967741935484,0.00058515377874,0.0,34.0,1,0.0,0.0,0.0,0.02360599999999986
2003-03-25,0.0160649629546369,0.0,-0.0177999999999998,1.028709677419355,0.0001949751943204,0.0,-21.0,0,0.0,0.0,0.0,0.02360599999999986
2003-03-26,-0.0023174981403624,3.100000000000325e-05,-0.0145000000000004,1.0203225806451612,0.0001949371864036,0.0,-24.0,0,0.0,0.0,0.0,0.023636999999999863
2003-03-27,0.0024065255163385,-3.100000000000325e-05,0.0283999999999999,1.0119354838709678,0.0001948991933033,0.0,24.0,1,0.0,0.0,0.0,0.02360599999999986
2003-03-28,0.0144065419762302,-3.100000000000325e-05,-0.0273999999999996,1.003548387096774,0.0001948612150108,0.0,-15.0,1,0.0,0.0,0.0,0.023574999999999856
2003-03-31,-0.0107632269762785,0.0,-0.0226000000000001,0.9783870967741936,0.0005843559232054,0.01,15.0,0,0.0,0.0,0.0,0.023574999999999856
2003-04-01,0.0278160153589972,0.0,-0.0171999999999998,0.97,0.0001947094497296,-0.01,-52.0,0,0.0,0.0,0.0,0.023574999999999856
2003-04-02,0.0238674814066435,-3.199999999999037e-05,-0.0564,0.958,-0.0002232852792225,0.0,-28.0,1,0.0,0.0,0.0,0.023542999999999866
2003-04-03,0.0112238384046268,0.0,-0.0232000000000001,0.946,-0.0002233351466713,0.0,-30.0,1,0.0,0.0,0.0,0.023542999999999866
2003-04-04,0.0049850551889196,3.199999999999037e-05,-0.0093999999999998,0.934,-0.0002233850364028,0.0,4.0,0,0.0,0.0,0.0,0.023574999999999856
2003-04-07,0.0057846620276613,0.0,-0.0746000000000002,0.8979999999999999,-0.0006704546706046,-0.01,-36.0,1,0.0,0.0,0.0,0.023574999999999856
2003-04-08,-0.0298579570695842,0.0,-0.0074,0.886,-0.0002235848184142,0.0,36.0,0,0.0,0.0,0.0,0.023574999999999856
2003-04-09,-0.0016993801353688,0.0,0.0208000000000003,0.874,-0.0002236348197648,0.0,27.0,0,0.0,0.0,0.0,0.023574999999999856
2003-04-10,-0.0143899699346707,0.0,0.0299999999999998,0.862,-0.0002236848434851,0.0,-5.0,1,0.0,0.0,0.0,0.023574999999999856
2003-04-11,0.0109825213698577,0.0,-0.0009999999999998,0.85,-0.0002237348895892,0.0,-43.0,0,0.0,0.0,0.0,0.023574999999999856
2003-04-14,0.0131396795720171,0.0,-0.0329000000000001,0.814,-0.000671505169457,0.0,-41.0,1,0.0,0.0,0.0,0.023574999999999856
2003-04-15,0.0193500616210133,0.0,-0.0663999999999997,0.8019999999999999,-0.0002239352981465,0.0,6.0,1,0.0,0.0,0.0,0.023574999999999856
2003-04-16,-0.0052176191911534,0.0,-0.0402,0.79,-0.0002239854563956,0.0,17.0,1,0.0,0.0,0.0,0.023574999999999856
2003-04-17,0.0288095872088103,0.0,-0.0463,0.778,-0.0002240356371228,0.01,-32.0,1,0.0,0.0,0.0,0.023574999999999856
2003-04-22,0.004588087092209,0.0,0.0349999999999997,0.718,-0.0011209316841398,0.01,-8.0,1,0.0,0.0,0.0,0.023574999999999856
2003-04-23,-0.0046687680394459,0.0,-0.0491999999999999,0.706,-0.0002243371942807,0.0,-12.0,1,0.0,0.0,0.0,0.023574999999999856
2003-04-24,-0.0223555038987477,0.0,-0.0118,0.694,-0.0002243875327501,0.0,30.0,0,0.0,0.0,0.0,0.023574999999999856
2003-04-25,0.0004949270083702,0.0,0.0094000000000002,0.6819999999999999,-0.0002244378938147,0.01,-8.0,0,0.0,0.0,0.0,0.023574999999999856
2003-04-28,0.0273321064724907,0.0,-0.0208000000000003,0.6459999999999999,-0.0006736160740246,0.0099999999999998,-20.0,0,0.0,0.0,0.0,0.023574999999999856
2003-04-29,0.0171841937399452,0.0,-0.0663999999999997,0.6339999999999999,-0.0002246395643403,0.0,-11.0,1,0.0,0.0,0.0,0.023574999999999856
2003-04-30,-0.0095899288551475,0.0,-0.0352999999999998,0.6219999999999999,-0.0002246900386104,0.0,-18.0,1,0.0,0.0,0.0,0.023574999999999856
2003-05-02,0.0199478369018155,0.0,0.0261,0.5854838709677419,-0.0007149149355747,-0.1099999999999999,-44.0,1,0.0,0.0,0.0,0.023574999999999856
2003-05-05,0.001793862353681,0.0,0.0686,0.5119354838709678,-0.0014719664766182,0.0,7.0,1,0.0,0.0,0.0,0.023574999999999856
2003-05-06,-0.014837183908952,0.0,0.0431999999999996,0.4874193548387097,-0.0004911373718901,0.0,12.0,1,0.0,0.0,0.0,0.023574999999999856
2003-05-07,0.0243762069557114,0.0,-0.0637999999999996,0.4629032258064516,-0.0004913787063394,0.0,-33.0,1,0.0,0.0,0.0,0.023574999999999856
2003-05-08,-0.0027051065689995,0.0,-0.0462000000000002,0.4383870967741935,-0.0004916202780815,0.0,-10.0,1,0.0,0.0,0.0,0.023574999999999856
2003-05-09,0.0224229788676098,0.0,-0.0375,0.4138709677419354,-0.0004918620874612,0.0,-21.0,1,0.0,0.0,0.0,0.023574999999999856
2003-05-12,0.0079897915045492,0.0,-0.0044999999999997,0.3403225806451612,-0.0014770395003402,-0.01,-12.0,0,0.0,0.0,0.0,0.023574999999999856
2003-05-13,0.0075539793034256,0.0,-0.0104000000000001,0.3158064516129032,-0.0004928317084136,0.0,-9.0,0,0.0,0.0,0.0,0.023574999999999856
2003-05-14,0.0028273828359104,0.0,0.0249000000000001,0.2912903225806451,-0.0004930747112705,0.0,42.0,1,0.0,0.0,0.0,0.023574999999999856
2003-05-15,-0.0247483389368738,0.0,0.0403999999999999,0.266774193548387,-0.0004933179538824,0.0,60.0,1,0.0,0.0,0.0,0.023574999999999856
2003-05-16,0.0072092894296584,0.0,0.0424999999999999,0.242258064516129,-0.0004935614366061,0.0,-11.0,1,0.0,0.0,0.0,0.023574999999999856
2003-05-19,-0.0368914808522617,0.0,0.0083999999999999,0.1687096774193548,-0.0014821476125987,0.0,27.0,0,0.0,0.0,0.0,0.023574999999999856
2003-05-20,-7.845906402259573e-05,0.0,0.0325999999999999,0.1441935483870967,-0.0004945377757259,-0.01,23.0,1,0.0,0.0,0.0,0.023574999999999856
2003-05-21,0.02242229008211,-3.199999999999037e-05,-0.0032,0.1196774193548386,-0.0004947824643508,0.0,-38.0,0,0.0,0.0,0.0,0.023542999999999866
2003-05-22,0.0051272352613445,0.0,-0.0266999999999999,0.0951612903225805,-0.0004950273952299,-0.01,-18.0,1,0.0,0.0,0.0,0.023542999999999866
2003-05-23,0.0032007343283382,-3.100000000000325e-05,-0.0396999999999998,0.0706451612903225,-0.0004952725687257,0.0,-13.0,1,0.0,0.0,0.0,0.023511999999999863
2003-05-26,-0.0223898562462601,-3.200000000000425e-05,0.012,-0.0029032258064516,-0.0014872911787069,0.0,0.0,0,0.0,0.0,0.0,0.02347999999999986
2003-05-27,0.0301961788091755,-3.100000000000325e-05,0.0691999999999999,-0.0274193548387097,-0.0004962556960776,0.0,8.0,1,0.0,0.0,0.0,0.023448999999999855
2003-05-28,0.0036171855566031,0.0,-0.0117000000000002,-0.0519354838709678,-0.0004965020880725,0.0,1.0,0,0.0,0.0,0.0,0.023448999999999855
2003-05-29,0.0083149660685322,-3.199999999999037e-05,-0.0651999999999999,-0.0764516129032258,-0.0004967487248563,0.0,-6.0,1,0.0,0.0,0.0,0.023416999999999865
2003-05-30,0.0012673800481248,0.0,0.0167999999999999,-0.1009677419354838,-0.0004969956067952,0.0,8.0,0,0.0,0.0,0.0,0.023416999999999865
2003-06-02,-0.0144837622558036,-3.100000000000325e-05,0.0124000000000004,-0.1383333333333333,0.0006226392016674,0.1399999999999999,8.0,0,0.0,0.0,0.0,0.023385999999999862
2003-06-03,0.0091049953660142,0.0,-0.0140000000000002,-0.1266666666666666,0.0016147603746716,0.0,0.0,0,0.0,0.0,0.0,0.023385999999999862
2003-06-04,0.027192454230871,0.0,-0.0527999999999999,-0.1149999999999999,0.0016121571266598,0.0,-28.0,1,0.0,0.0,0.0,0.023385999999999862
2003-06-05,0.0045094265083829,0.0,-0.0182999999999999,-0.1033333333333333,0.0016095622588316,0.01,-31.0,0,0.0,0.0,0.0,0.023385999999999862
2003-06-06,0.0103238833416359,3.100000000000325e-05,-0.0438,-0.0916666666666666,0.0016069757307874,-0.01,-13.0,1,0.0,0.0,0.0,0.023416999999999865
2003-06-09,-0.0055457666713145,0.0,0.0190999999999998,-0.0566666666666666,0.0048054908213508,0.0,8.0,0,0.0,0.0,0.0,0.023416999999999865
2003-06-10,0.0034607100148562,0.0,-0.0078999999999997,-0.045,0.0015967122174629,-0.0099999999999998,6.0,0,0.0,0.0,0.0,0.023416999999999865
2003-06-11,-0.0012242988818158,0.0,0.0089000000000001,-0.0333333333333333,0.0015941667913299,-0.01,6.0,0,0.0,0.0,0.0,0.023416999999999865
2003-06-12,0.0076095126698394,-3.100000000000325e-05,-0.0072,-0.0216666666666666,0.0015916294679527,-0.01,-11.0,0,0.0,0.0,0.0,0.023385999999999862
2003-06-13,-0.017967795860228,0.0,-0.0049999999999998,-0.01,0.0015891002086991,0.0,-13.0,0,0.0,0.0,0.0,0.023385999999999862
2003-06-16,0.0071825316941929,0.0,-0.0062000000000002,0.0249999999999999,0.0047522051375494,0.0,-30.0,0,0.0,0.0,0.0,0.023385999999999862
2003-06-17,-0.0040565068302154,0.0,0.0236,0.0366666666666666,0.0015790630489185,0.0,-11.0,1,0.0,0.0,0.0,0.023385999999999862
2003-06-18,-0.0194963665846401,-3.200000000000425e-05,0.0158,0.0483333333333333,0.0015765735393813,0.0,37.0,0,0.0,0.0,0.0,0.023353999999999858
2003-06-20,-0.0285283216009553,-0.001544,0.0030999999999998,0.0716666666666666,0.0031457098629488,0.01,49.0,0,0.0,0.0,0.0,0.021809999999999857
2003-06-23,-0.0107190368632714,0.0,-0.0144999999999999,0.1066666666666666,0.0047000882127239,-0.01,-1.0,0,0.0,0.0,0.0,0.021809999999999857
2003-06-24,0.0089659208229715,0.0,-0.0171999999999998,0.1183333333333333,0.0015617997830794,0.01,-15.0,0,0.0,0.0,0.0,0.021809999999999857
2003-06-25,-0.0062753707123572,0.0,-0.0057,0.1299999999999999,0.0015593643676545,0.0,-3.0,0,0.0,0.0,0.0,0.021809999999999857
2003-06-26,0.006580481317318,0.0,0.0381,0.1416666666666666,0.0015569365358061,-0.01,43.0,1,0.0,0.0,0.0,0.021809999999999857
2003-06-27,-0.0067340321813436,0.0,-0.0127999999999999,0.1533333333333333,0.0015545162521686,-0.01,24.0,0,0.0,0.0,0.0,0.021809999999999857
2003-06-30,-0.0039235346713084,0.0,-0.0092000000000003,0.1883333333333333,0.0046491020109051,0.0,-18.0,0,0.0,0.0,0.0,0.021809999999999857
2003-07-01,0.0242168398503199,0.0,-0.0276999999999998,0.2,0.0015449099000566,0.3199999999999999,-21.0,1,0.0,0.0,0.0,0.021809999999999857
2003-07-02,0.0014285179678239,0.0,-0.0224000000000001,0.204516129032258,-5.814900477929541e-05,-0.01,0.0,0,0.0,0.0,0.0,0.021809999999999857
2003-07-03,-0.0133113446382395,0.0,0.0113000000000003,0.2090322580645161,-5.81523862805966e-05,0.0,17.0,0,0.0,0.0,0.0,0.021809999999999857
2003-07-04,0.0111301546493329,0.0,-0.0033000000000003,0.2135483870967742,-5.815576817802537e-05,-0.01,2.0,0,0.0,0.0,0.0,0.021809999999999857
2003-07-07,0.0090695071328656,0.0,0.0377,0.2270967741935484,-0.0001744875998479,0.01,42.0,1,0.0,0.0,0.0,0.021809999999999857
2003-07-08,0.0160619270358406,-3.199999999999037e-05,0.0146999999999999,0.2316129032258064,-5.816929969881812e-05,0.0,-18.0,0,0.0,0.0,0.0,0.021777999999999867
2003-07-10,-0.0087021198117103,0.0,0.0099,0.2406451612903226,-0.0001163487513853,-0.01,-9.0,0,0.0,0.0,0.0,0.021777999999999867
2003-07-11,-0.0134220194057839,0.0,0.0106999999999999,0.2451612903225806,-5.817945247343914e-05,0.0,18.0,0,0.0,0.0,0.0,0.021777999999999867
2003-07-14,0.0198453129290125,-3.100000000000325e-05,-0.0275999999999996,0.2587096774193548,-0.0001745586692685,-0.01,-30.0,1,0.0,0.0,0.0,0.021746999999999864
2003-07-15,0.0019116247274215,0.0,-0.0199000000000002,0.2632258064516129,-5.81929950200788e-05,0.0,7.0,0,0.0,0.0,0.0,0.021746999999999864
2003-07-16,-0.0093724164910398,0.0,0.0123000000000002,0.267741935483871,-5.81963816408404e-05,-0.0099999999999998,-9.0,0,0.0,0.0,0.0,0.021746999999999864
2003-07-17,0.0099598742844069,-3.200000000000425e-05,-0.0114,0.272258064516129,-5.819976865772958e-05,0.0,-31.0,0,0.0,0.0,0.0,0.02171499999999986
2003-07-18,0.0125475821899723,0.0,0.0211000000000001,0.2767741935483871,-5.820315606719362e-05,0.0,-23.0,0,0.0,0.0,0.0,0.02171499999999986
2003-07-21,-0.0085912432320434,-6.299999999999362e-05,0.0053999999999998,0.2903225806451613,-0.0001746297966089,0.0099999999999998,-17.0,0,0.0,0.0,0.0,0.021651999999999866
2003-07-22,0.0115591414618343,-3.200000000000425e-05,-0.0001999999999999,0.2948387096774194,-5.821670965211467e-05,0.0,-19.0,0,0.0,0.0,0.0,0.02161999999999986
2003-07-23,-0.0026054874694718,-0.0002209999999999,0.0051999999999998,0.2993548387096774,-5.822009903511116e-05,0.0,19.0,0,0.0,0.0,0.0,0.021398999999999963
2003-07-24,-0.002757621486273,-0.0042589999999999,0.0083000000000001,0.3038709677419355,-5.822348881245887e-05,0.0,9.0,0,0.0,0.0,0.0,0.017140000000000065
2003-07-25,-0.000799680170564,0.0,-0.0076,0.3083870967741935,-5.822687898415779e-05,-0.0099999999999998,5.0,0,0.0,0.0,0.0,0.017140000000000065
2003-07-28,-0.0078122545318439,3.200000000000425e-05,0.008,0.3219354838709677,-0.0001747009819332,-0.01,5.0,0,0.0,0.0,0.0,0.01717200000000007
2003-07-29,-0.0014670287968137,0.0,0.0190000000000001,0.3264516129032258,-5.82404436215711e-05,0.0,28.0,0,0.0,0.0,0.0,0.01717200000000007
2003-07-30,-0.0109234239888618,0.0,0.0317999999999996,0.3309677419354839,-5.824383576857883e-05,0.0,24.0,1,0.0,0.0,0.0,0.01717200000000007
2003-07-31,0.0071727301269213,0.0,0.0182000000000002,0.3354838709677419,-5.824722830993778e-05,0.0,1.0,0,0.0,0.0,0.0,0.01717200000000007
2003-08-01,-0.033109158607278,9.599999999999886e-05,0.0350999999999999,0.34,-5.825062124742431e-05,-0.22,52.0,1,0.0,0.0,0.0,0.017268000000000068
2003-08-04,-0.0146536819808886,3.199999999999037e-05,0.0733999999999999,0.3825806451612903,0.0040072142216356,-0.01,42.0,1,0.0,0.0,0.0,0.01730000000000006
2003-08-05,0.0092315449044537,3.200000000000425e-05,-0.0373999999999998,0.3967741935483871,0.0013321776080683,0.0,-39.0,1,0.0,0.0,0.0,0.017332000000000063
2003-08-06,-0.0131809053635958,0.0,0.0024000000000001,0.4109677419354839,0.0013304052716947,0.0,42.0,0,0.0,0.0,0.0,0.017332000000000063
2003-08-07,0.0335704395498126,3.100000000000325e-05,-0.0321000000000002,0.4251612903225806,0.0013286376449084,0.0,-54.0,1,0.0,0.0,0.0,0.017363000000000066
2003-08-08,0.0128226000198967,0.0,-0.0177,0.4393548387096774,0.00132687470896,0.0,-34.0,0,0.0,0.0,0.0,0.017363000000000066
2003-08-11,0.0044345970678651,0.0,0.0053,0.4819354838709677,0.0039700931404702,0.0,-3.0,0,0.0,0.0,0.0,0.017363000000000066
2003-08-12,0.0030925582411978,-3.100000000000325e-05,0.0291999999999998,0.4961290322580645,0.0013198695020921,0.0,-3.0,1,0.0,0.0,0.0,0.017332000000000063
2003-08-13,0.0058642595853601,0.0,0.0072,0.5103225806451613,0.0013181297425912,0.0,3.0,0,0.0,0.0,0.0,0.017332000000000063
2003-08-14,0.0094566791889398,-3.200000000000425e-05,-0.0169000000000001,0.5245161290322581,0.0013163945635152,-0.0099999999999998,-17.0,0,0.0,0.0,0.0,0.01730000000000006
2003-08-15,0.0056313772385063,-3.199999999999037e-05,-0.0209999999999999,0.5387096774193549,0.0013146639467915,0.0,0.0,0,0.0,0.0,0.0,0.017268000000000068
2003-08-18,0.0182627418475451,0.0,-0.0081999999999999,0.5812903225806452,0.0039336534946183,0.0,-20.0,0,0.0,0.0,0.0,0.017268000000000068
2003-08-19,0.0008479367382001,3.199999999999037e-05,0.0125000000000001,0.5954838709677419,0.0013077867454693,0.0,-20.0,0,0.0,0.0,0.0,0.01730000000000006
2003-08-20,0.0215903582954553,-0.0004159999999999,0.0036999999999998,0.6096774193548388,0.0013060786728491,0.0,-9.0,0,0.0,0.0,0.0,0.01688400000000016
2003-08-21,0.0139343985074376,-0.0076839999999999,0.0022000000000002,0.6238709677419355,0.0013043750561649,-0.01,-5.0,0,0.0,0.0,0.0,0.00920000000000026
2003-08-22,-0.0038930486623751,3.300000000000525e-05,-0.0106000000000001,0.6380645161290324,0.0013026758780032,0.0,-16.0,0,0.0,0.0,0.0,0.009233000000000265
2003-08-25,-0.0096266988370476,0.0,-0.0030999999999998,0.6806451612903226,0.0038978766909476,0.0,2.0,0,0.0,0.0,0.0,0.009233000000000265
2003-08-26,0.0275987671136821,0.0,9.999999999976694e-05,0.6948387096774193,0.0012959232054559,0.0,-17.0,0,0.0,0.0,0.0,0.009233000000000265
2003-08-27,0.0176547672053679,0.0,-0.0161999999999999,0.7090322580645162,0.0012942459618461,0.0,-18.0,0,0.0,0.0,0.0,0.009233000000000265
2003-08-28,-0.0051642063922532,-3.300000000000525e-05,-0.0202999999999997,0.7232258064516129,0.0012925730541564,0.0,11.0,0,0.0,0.0,0.0,0.00920000000000026
2003-08-29,0.0072092643336176,0.0,0.0133999999999998,0.7374193548387098,0.0012909044655966,0.0,5.0,0,0.0,0.0,0.0,0.00920000000000026
2003-09-01,0.0116623217895153,0.0,0.0175,0.78,0.0038627448066623,-0.13,0.0,0,0.0,0.0,0.0,0.00920000000000026
2003-09-02,0.0066221108059938,0.0,-0.0051000000000001,0.7636666666666667,0.0017700687215196,-0.01,-18.0,0,0.0,0.0,0.0,0.00920000000000026
2003-09-03,0.011580160286746,3.300000000000525e-05,-0.0221,0.7473333333333334,0.001766941113507,0.0,-3.0,0,0.0,0.0,0.0,0.009233000000000265
2003-09-04,0.0045311031924715,0.0,-0.0149999999999996,0.731,0.0017638245386031,0.0,-17.0,0,0.0,0.0,0.0,0.009233000000000265
2003-09-05,0.0123399762355767,0.0,-0.0201999999999999,0.7146666666666667,0.0017607189385291,0.0,-3.0,0,0.0,0.0,0.0,0.009233000000000265
2003-09-08,0.0093897403498388,0.0,-0.0060999999999999,0.6656666666666666,0.0052636320978578,0.0,9.0,0,0.0,0.0,0.0,0.009233000000000265
2003-09-09,-0.0209022971320411,0.0,0.0150999999999998,0.6493333333333333,0.0017484051352347,0.0,10.0,0,0.0,0.0,0.0,0.009233000000000265
2003-09-10,0.016719104942533,0.0,-0.0181,0.633,0.0017453535493512,0.0,-13.0,0,0.0,0.0,0.0,0.009233000000000265
2003-09-11,0.0191485323996492,0.0,-0.0134000000000003,0.6166666666666667,0.0017423125971056,0.0,-6.0,0,0.0,0.0,0.0,0.009233000000000265
2003-09-12,0.0078868137235339,0.0,-0.0031999999999996,0.6003333333333334,0.0017392822230135,0.0,13.0,0,0.0,0.0,0.0,0.009233000000000265
2003-09-15,-0.0048225225471849,0.0,-0.0060999999999999,0.5513333333333333,0.0051997693818197,0.0,-14.0,0,0.0,0.0,0.0,0.009233000000000265
2003-09-16,-0.0044155597315693,0.0,0.0068999999999999,0.535,0.0017272654119029,0.0,4.0,0,0.0,0.0,0.0,0.009233000000000265
2003-09-17,0.013552493613707,-3.300000000000525e-05,0.0089999999999998,0.5186666666666666,0.0017242871096794,0.0,-5.0,0,0.0,0.0,0.0,0.00920000000000026
2003-09-18,0.0237871075911311,-0.0065069999999999,-0.0081999999999999,0.5023333333333333,0.0017213190606764,-0.0099999999999999,-12.0,0,0.0,0.0,0.0,0.00269300000000036
2003-09-19,-0.0022525202173788,0.0,0.0089999999999998,0.486,0.0017183612120401,0.0,-5.0,0,0.0,0.0,0.0,0.00269300000000036
2003-09-22,-0.0218984663273698,0.0,-0.0043999999999999,0.437,0.0051374377627091,0.0,10.0,0,0.0,0.0,0.0,0.00269300000000036
2003-09-23,-0.0025508668554028,0.0,0.0123999999999999,0.4206666666666666,0.0017066307766544,0.0,22.0,0,0.0,0.0,0.0,0.00269300000000036
2003-09-24,-0.0237535012731395,0.0,0.0099,0.4043333333333333,0.0017037231495891,0.0,-13.0,0,0.0,0.0,0.0,0.00269300000000036
2003-09-25,-0.0158175529797084,0.0,0.0062000000000002,0.388,0.0017008254132573,0.0,19.0,0,0.0,0.0,0.0,0.00269300000000036
2003-09-26,0.0003162855452245,0.0,0.0066999999999999,0.3716666666666666,0.0016979375172834,0.0099999999999999,18.0,0,0.0,0.0,0.0,0.00269300000000036
2003-09-29,0.0186722216878187,-3.300000000000525e-05,9.999999999976694e-05,0.3226666666666666,0.0050765828309859,-0.0099999999999999,-7.0,0,0.0,0.0,0.0,0.002660000000000355
2003-09-30,-0.0061021359959099,0.0,-0.0139999999999997,0.3063333333333333,0.0016864833412011,0.0,6.0,0,0.0,0.0,0.0,0.002660000000000355
2003-10-01,0.034860848237411,-3.299999999999137e-05,-0.02,0.29,0.0016836439031333,0.0699999999999999,6.0,0,0.0,0.0,0.0,0.0026270000000003634
2003-10-02,0.0188216950479755,0.0,-0.0045000000000001,0.2916129032258064,-0.000730122612305,0.0,-15.0,0,0.0,0.0,0.0,0.0026270000000003634
2003-10-03,0.0114764523594672,3.299999999999137e-05,-0.0113999999999996,0.2932258064516129,-0.0007306560808562,0.0,-22.0,0,0.0,0.0,0.0,0.002660000000000355
2003-10-06,0.0107096070463761,0.0,-0.0121999999999999,0.2980645161290322,-0.0021951768637809,0.0,-11.0,0,0.0,0.0,0.0,0.002660000000000355
2003-10-07,0.011340535434817,0.0,-0.0052000000000003,0.2996774193548387,-0.0007327977735478,0.0,-20.0,0,0.0,0.0,0.0,0.002660000000000355
2003-10-08,0.0189941925837757,0.0,-0.0257,0.3012903225806451,-0.0007333351599463,0.0,-20.0,1,0.0,0.0,0.0,0.002660000000000355
2003-10-09,-0.0054628018598457,0.0,-0.0021999999999997,0.3029032258064516,-0.0007338733350881,0.0,-7.0,0,0.0,0.0,0.0,0.002660000000000355
2003-10-10,-0.0018087276014018,0.0,-0.0020999999999999,0.304516129032258,-0.0007344123007193,0.0,-2.0,0,0.0,0.0,0.0,0.002660000000000355
2003-10-13,0.0216024965601135,0.0,-0.0030000000000001,0.3093548387096774,-0.0022064786269488,0.0,-5.0,0,0.0,0.0,0.0,0.002660000000000355
2003-10-14,0.006401787867972,0.0,0.0053999999999998,0.3109677419354839,-0.0007365761030175,0.0,-20.0,0,0.0,0.0,0.0,0.002660000000000355
2003-10-15,-0.0130677385594868,0.0,-0.0156999999999998,0.3125806451612903,-0.0007371190473168,0.0,-3.0,0,0.0,0.0,0.0,0.002660000000000355
2003-10-16,0.0007242945409533,0.0,0.0141,0.3141935483870968,-0.0007376627926376,-0.0099999999999999,12.0,0,0.0,0.0,0.0,0.002660000000000355
2003-10-17,-0.0091759162254074,0.0,0.0226000000000001,0.3158064516129032,-0.0007382073407491,0.0,17.0,0,0.0,0.0,0.0,0.002660000000000355
2003-10-20,0.032026187774397,0.0,0.0203999999999999,0.3206451612903226,-0.0022178973655861,0.0,-1.0,0,0.0,0.0,0.0,0.002660000000000355
2003-10-21,0.0042912692485934,0.0,-0.0197000000000002,0.322258064516129,-0.0007403935968017,-0.01,-1.0,0,0.0,0.0,0.0,0.002660000000000355
2003-10-22,-0.0116673442149846,-3.299999999999137e-05,-0.004,0.3238709677419354,-0.0007409421856774,0.0,19.0,0,0.0,0.0,0.0,0.0026270000000003634
2003-10-23,-0.030343316088949,-0.003261,0.0096000000000002,0.3254838709677419,-0.0007414915881014,0.0,13.0,0,0.0,0.0,0.0,-0.0006339999999996366
2003-10-24,0.0069851568379828,0.0,-0.0003000000000001,0.3270967741935484,-0.0007420418058821,0.0,11.0,0,0.0,0.0,0.0,-0.0006339999999996366
2003-10-28,0.0229742083919592,0.0,-0.0019999999999997,0.3335483870967742,-0.0029736857722273,0.0,-3.0,0,0.0,0.0,0.0,-0.0006339999999996366
2003-10-29,-0.0156473488020658,0.0,-0.0138000000000002,0.3351612903225807,-0.0007448051889475,0.0,-15.0,0,0.0,0.0,0.0,-0.0006339999999996366
2003-10-30,0.0082688670039789,0.0,-0.0097,0.3367741935483871,-0.0007453603372198,0.0,-15.0,0,0.0,0.0,0.0,-0.0006339999999996366
2003-10-31,-0.0062091340409686,0.0,0.0121999999999999,0.3383870967741936,-0.0007459163136811,0.0,-13.0,0,0.0,0.0,0.0,-0.0006339999999996366
2003-11-03,0.0293179714930982,0.0,-0.0002999999999997,0.352,-0.0031209733454051,0.0299999999999999,-14.0,0,0.0,0.0,0.0,-0.0006339999999996366
2003-11-04,0.001295267060037,0.0,0.0047999999999999,0.358,-0.001189367809335,0.0,-8.0,0,0.0,0.0,0.0,-0.0006339999999996366
2003-11-05,-0.0127009957468384,0.0,-0.0011000000000001,0.364,-0.0011907840897666,0.0,8.0,0,0.0,0.0,0.0,-0.0006339999999996366
2003-11-06,0.0165767609473181,0.0,0.0112,0.37,-0.0011922037471894,0.0,-9.0,0,0.0,0.0,0.0,-0.0006339999999996366
2003-11-07,0.003164814228004,0.0,-0.0009000000000001,0.376,-0.0011936267936931,-0.01,-8.0,0,0.0,0.0,0.0,-0.0006339999999996366
2003-11-10,-0.0053700053865259,0.0,0.0108000000000001,0.394,-0.0035894527335482,0.0,1.0,0,0.0,0.0,0.0,-0.0006339999999996366
2003-11-11,-0.0088153946932489,0.0,0.0148000000000001,0.4,-0.0011993531144263,0.0,0.0,0,0.0,0.0,0.0,-0.0006339999999996366
2003-11-12,0.020697994496448,0.0,0.0156999999999998,0.406,-0.0012007932897724,0.01,-5.0,0,0.0,0.0,0.0,-0.0006339999999996366
2003-11-13,-0.0020772864270224,-3.300000000000525e-05,0.0083999999999999,0.412,-0.0012022369279804,0.0,14.0,0,0.0,0.0,0.0,-0.0006669999999996418
2003-11-14,0.0122414819257556,0.0,0.0222000000000002,0.418,-0.0012036840415596,0.0,-1.0,0,0.0,0.0,0.0,-0.0006669999999996418
2003-11-17,-0.0168374712044165,0.0,0.0127999999999999,0.436,-0.0036197697486848,0.0,3.0,0,0.0,0.0,0.0,-0.0006669999999996418
2003-11-18,0.0076837259738038,-6.699999999999762e-05,-0.0125000000000001,0.442,-0.0012095075017786,0.0,-9.0,0,0.0,0.0,0.0,-0.0007339999999996395
2003-11-19,-0.0003189792690534,-3.399999999999237e-05,0.0085999999999999,0.448,-0.0012109721818962,0.0,2.0,0,0.0,0.0,0.0,-0.0007679999999996318
2003-11-20,0.0206290533840789,-0.004943,-0.0026999999999999,0.454,-0.0012124404136883,0.0,-14.0,0,0.0,0.0,0.0,-0.005710999999999632
2003-11-21,0.0025489648883034,0.0,-0.0179,0.46,-0.0012139122100922,0.0,-4.0,0,0.0,0.0,0.0,-0.005710999999999632
2003-11-24,0.0227545193307108,0.0,-0.0030999999999998,0.478,-0.0036506032501275,0.0,-14.0,0,0.0,0.0,0.0,-0.005710999999999632
2003-11-25,0.0060251821474253,0.0,-0.0024000000000001,0.484,-0.0012198353026953,0.0,0.0,0,0.0,0.0,0.0,-0.005710999999999632
2003-11-26,-0.0058220642875905,-3.400000000000625e-05,0.0115000000000002,0.49,-0.0012213251183741,0.0,-3.0,0,0.0,0.0,0.0,-0.005744999999999638
2003-11-27,0.0134155734058776,0.0,0.0116,0.496,-0.0012228185776059,0.0,0.0,0,0.0,0.0,0.0,-0.005744999999999638
2003-11-28,0.0111098415100112,-3.399999999999237e-05,0.0016999999999995,0.502,-0.0012243156937685,-0.01,-9.0,0,0.0,0.0,0.0,-0.005778999999999631
2003-12-01,0.0165585407198705,-3.400000000000625e-05,-0.0152999999999998,0.52,-0.0036819665497151,0.01,-32.0,0,0.0,0.0,0.0,-0.005812999999999637
2003-12-02,-0.0030747480238115,0.000102,-0.0068000000000001,0.5277419354838709,-0.001471592916026,0.0,7.0,0,0.0,0.0,0.0,-0.005710999999999637
2003-12-03,0.0040002004655956,-3.400000000000625e-05,0.0043000000000001,0.535483870967742,-0.0014737616936848,0.0,-6.0,0,0.0,0.0,0.0,-0.005744999999999644
2003-12-04,-0.0061532645191046,0.0,0.0087000000000001,0.5432258064516129,-0.001475936873307,-0.01,-8.0,0,0.0,0.0,0.0,-0.005744999999999644
2003-12-05,0.0225708230331314,0.0,-0.0005000000000001,0.5509677419354839,-0.001478118483277,0.0,7.0,0,0.0,0.0,0.0,-0.005744999999999644
2003-12-08,0.0004309416140806,-3.399999999999237e-05,0.0024000000000001,0.5741935483870968,-0.0044475098424978,0.0,-17.0,0,0.0,0.0,0.0,-0.005778999999999636
2003-12-09,0.0176046682852817,0.0,-0.0072,0.5819354838709677,-0.0014869098003202,0.0,-5.0,0,0.0,0.0,0.0,-0.005778999999999636
2003-12-10,-0.0135914767158435,-3.400000000000625e-05,0.0078999999999997,0.5896774193548387,-0.0014891239937906,0.0,21.0,0,0.0,0.0,0.0,-0.005812999999999642
2003-12-11,0.015283365454799,-3.399999999999237e-05,0.0005000000000001,0.5974193548387097,-0.0014913447915141,0.0,14.0,0,0.0,0.0,0.0,-0.005846999999999635
2003-12-12,-0.0152356862405422,-3.400000000000625e-05,-0.0013999999999998,0.6051612903225807,-0.0014935722230813,0.01,-7.0,0,0.0,0.0,0.0,-0.005880999999999641
2003-12-15,-0.0126669000047208,0.0,-0.0127000000000001,0.6283870967741936,-0.0044941480447278,-0.01,-13.0,0,0.0,0.0,0.0,-0.005880999999999641
2003-12-16,0.0024113828901946,0.0,0.0026999999999999,0.6361290322580645,-0.0015025488858793,0.01,-5.0,0,0.0,0.0,0.0,-0.005880999999999641
2003-12-17,0.0209259524564267,-6.699999999999762e-05,0.0060999999999999,0.6438709677419355,-0.0015048099368009,-0.01,-1.0,0,0.0,0.0,0.0,-0.0059479999999996385
2003-12-18,0.0135871655463084,-0.003298,-0.004,0.6516129032258065,-0.0015070778028825,0.0,-8.0,0,0.0,0.0,0.0,-0.009245999999999638
2003-12-19,-0.0048046739659586,0.0001359999999999,-0.0062999999999999,0.6593548387096775,-0.0015093525149847,0.0,1.0,0,0.0,0.0,0.0,-0.009109999999999738
2003-12-22,0.0113447376305035,0.0,-0.0038999999999997,0.6825806451612904,-0.0045417747446094,0.0,-3.0,0,0.0,0.0,0.0,-0.009109999999999738
2003-12-23,0.0026778722313967,0.0,-0.0064000000000001,0.6903225806451613,-0.0015185204473624,0.0,4.0,0,0.0,0.0,0.0,-0.009109999999999738
2003-12-26,0.0054719069742432,0.0,-0.0181,0.7135483870967743,-0.004569445984961,0.01,4.0,0,0.0,0.0,0.0,-0.009109999999999738
2003-12-29,0.0108547996392935,0.0,-0.0110999999999998,0.7367741935483871,-0.0045904217056573,0.0,-6.0,0,0.0,0.0,0.0,-0.009109999999999738
2003-12-30,0.0086267782813216,-3.399999999999931e-05,0.0009000000000001,0.7445161290322581,-0.0015348352009816,0.0,-9.0,0,0.0,0.0,0.0,-0.009143999999999737
2004-01-02,0.0093552751426724,3.399999999999931e-05,-0.0030000000000001,0.7551612903225806,-0.0032580178064129,0.0,-21.0,0,0.0,0.0,0.0,-0.009109999999999738
2004-01-05,0.0472933247683133,0.0,-0.0235000000000003,0.7406451612903225,-0.000543983571573,0.0,-22.0,1,0.0,0.0,0.0,-0.009109999999999738
2004-01-06,0.0018680484331845,0.0,-0.0118999999999998,0.7358064516129033,-0.0001813936366534,-0.01,4.0,0,0.0,0.0,0.0,-0.009109999999999738
2004-01-07,-0.0109178839531018,-3.399999999999931e-05,0.0215,0.7309677419354839,-0.0001814265462751,0.0,-9.0,0,0.0,0.0,0.0,-0.009143999999999737
2004-01-08,0.0168807291004657,0.0,-0.0135,0.7261290322580645,-0.0001814594678393,0.0,-11.0,0,0.0,0.0,0.0,-0.009143999999999737
2004-01-09,0.00839741257397,-3.399999999999931e-05,-0.0165999999999999,0.7212903225806452,-0.0001814924013547,0.0,-2.0,0,0.0,0.0,0.0,-0.009177999999999737
2004-01-12,0.013290888008953,0.0,-0.0259,0.7067741935483871,-0.0005446749247486,0.0,0.0,1,0.0,0.0,0.0,-0.009177999999999737
2004-01-14,-0.0351871047579273,-3.399999999999931e-05,-0.0020999999999999,0.6970967741935484,-0.0003632815034499,0.01,30.0,0,0.0,0.0,0.0,-0.009211999999999736
2004-01-15,-0.0188526107361326,0.0,-0.0015999999999998,0.692258064516129,-0.0001816902537576,0.0,-11.0,0,0.0,0.0,0.0,-0.009211999999999736
2004-01-16,0.0083700642610953,-3.399999999999931e-05,0.0057999999999998,0.6874193548387096,-0.0001817232711047,-0.01,10.0,0,0.0,0.0,0.0,-0.009245999999999735
2004-01-19,0.0098840512451339,0.0,0.0234999999999998,0.6729032258064516,-0.0005453680374518,0.01,0.0,1,0.0,0.0,0.0,-0.009245999999999735
2004-01-20,0.0124937882165241,0.0,-0.0036999999999998,0.6680645161290323,-0.0001818554605819,0.0,2.0,0,0.0,0.0,0.0,-0.009245999999999735
2004-01-21,-0.0160493855966255,-6.899999999999962e-05,0.0034999999999998,0.6632258064516129,-0.0001818885380071,0.0,-12.0,0,0.0,0.0,0.0,-0.009314999999999735
2004-01-22,-0.014393713090131,0.0001709999999999,0.0,0.6583870967741935,-0.0001819216274636,-0.01,6.0,0,0.0,0.0,0.0,-0.009143999999999835
2004-01-23,0.0216201358317871,0.0,0.0018000000000002,0.6535483870967742,-0.0001819547289656,0.0,-5.0,0,0.0,0.0,0.0,-0.009143999999999835
2004-01-26,0.0367662329891942,0.0,-0.0003999999999999,0.6390322580645161,-0.0005460629164133,0.0,-3.0,0,0.0,0.0,0.0,-0.009143999999999835
2004-01-27,-0.0051054129339878,-3.399999999999931e-05,0.0155999999999996,0.6341935483870967,-0.0001820872555136,0.02,1.0,0,0.0,0.0,0.0,-0.009177999999999834
2004-01-28,-0.0155583653337512,0.0,0.0198,0.6293548387096775,-0.0001821204173229,0.0,15.0,0,0.0,0.0,0.0,-0.009177999999999834
2004-01-29,-0.0634323077937839,-6.799999999999862e-05,0.0451000000000001,0.6245161290322581,-0.0001821535912096,0.0,40.0,1,0.0,0.0,0.0,-0.009245999999999832
2004-01-30,-0.0241890763823455,-3.399999999999931e-05,0.0173,0.6196774193548387,-0.0001821867771845,0.0,10.0,0,0.0,0.0,0.0,-0.009279999999999832
2004-02-02,-0.0029332254405343,0.0,0.0076999999999998,0.6051724137931034,0.0042546806754657,-0.06,32.0,0,0.0,0.0,0.0,-0.009279999999999832
2004-02-03,0.0224208357110722,0.0,-0.016,0.6003448275862069,0.004597915320371,0.0,-13.0,0,0.0,0.0,0.0,-0.009279999999999832
2004-02-04,-0.0271135200679388,-3.500000000000031e-05,-0.0219999999999997,0.5955172413793103,0.0045768712171749,0.0,11.0,0,0.0,0.0,0.0,-0.009314999999999832
2004-02-05,-0.0277269556191068,0.0,0.0228999999999999,0.5906896551724138,0.0045560188693141,0.0,25.0,0,0.0,0.0,0.0,-0.009314999999999832
2004-02-06,0.0407385470788206,-3.399999999999931e-05,0.0165000000000001,0.5858620689655172,0.0045353556677323,0.0,-2.0,0,0.0,0.0,0.0,-0.009348999999999831
2004-02-09,-0.000318681571521,0.0,-0.0159000000000002,0.5713793103448276,0.0134839411028782,0.01,-24.0,0,0.0,0.0,0.0,-0.009348999999999831
2004-02-10,0.0094714414345506,-3.399999999999931e-05,-0.0142999999999999,0.566551724137931,0.0044545437703344,0.0,5.0,0,0.0,0.0,0.0,-0.00938299999999983
2004-02-11,0.0452378313560597,3.399999999999931e-05,0.0055,0.5617241379310345,0.0044347887770932,0.0,-19.0,0,0.0,0.0,0.0,-0.009348999999999831
2004-02-12,-0.0057933581835971,6.899999999999962e-05,-0.0211000000000001,0.5568965517241379,0.0044152082292399,0.0,-2.0,0,0.0,0.0,0.0,-0.009279999999999832
2004-02-13,-0.0233818473383831,0.0001019999999999,0.0043000000000001,0.5520689655172414,0.004395799826284,-0.01,16.0,0,0.0,0.0,0.0,-0.009177999999999931
2004-02-16,-0.0152510838598729,3.399999999999931e-05,-0.0019,0.5375862068965517,0.0130726368422955,0.01,0.0,0,0.0,0.0,0.0,-0.009143999999999932
2004-02-17,0.0106243294544103,0.0,0.0059,0.5327586206896552,0.0043198430448612,0.01,17.0,0,0.0,0.0,0.0,-0.009143999999999932
2004-02-18,-0.0191785466803739,0.0,0.0171000000000001,0.5279310344827586,0.0043012622383287,-0.01,18.0,0,0.0,0.0,0.0,-0.009143999999999932
2004-02-19,-0.0488560754324414,0.0,0.0212999999999996,0.5231034482758621,0.0042828405895463,0.0,30.0,0,0.0,0.0,0.0,-0.009143999999999932
2004-02-20,0.0182562769968726,-3.399999999999931e-05,0.0369000000000001,0.5182758620689655,0.0042645760622903,0.0,-1.0,1,0.0,0.0,0.0,-0.009177999999999931
2004-02-25,0.0126672396525879,0.0,-0.0474999999999998,0.4941379310344827,0.021054273417068,0.0,1.0,1,0.0,0.0,0.0,-0.009177999999999931
2004-02-26,-0.0073852492013095,-3.399999999999931e-05,-0.0034,0.4893103448275862,0.0041581786892592,0.0,-16.0,0,0.0,0.0,0.0,-0.00921199999999993
2004-02-27,0.0141189707986182,-3.399999999999931e-05,-0.0230999999999999,0.4844827586206896,0.0041409598136983,0.0,8.0,1,0.0,0.0,0.0,-0.00924599999999993
2004-03-01,0.0336272476056027,-3.399999999999931e-05,-0.0193000000000003,0.47,0.0123209776440589,-0.09,-27.0,0,0.0,0.0,0.0,-0.009279999999999929
2004-03-02,-0.0025366605355721,0.0,0.0141,0.466774193548387,-0.0003132460389103,0.0,11.0,0,0.0,0.0,0.0,-0.009279999999999929
2004-03-03,0.0048008627060127,-3.500000000000031e-05,-0.0273999999999996,0.4635483870967741,-0.0003133441927367,0.01,-16.0,1,0.0,0.0,0.0,-0.00931499999999993
2004-03-04,-0.0069866559259921,-3.399999999999931e-05,0.0065999999999997,0.4603225806451613,-0.0003134424080961,0.0,2.0,0,0.0,0.0,0.0,-0.009348999999999929
2004-03-05,0.0212087656225268,0.0001029999999999,-0.0087999999999999,0.4570967741935484,-0.0003135406850454,-0.01,-9.0,0,0.0,0.0,0.0,-0.009246000000000029
2004-03-08,0.0052326461346421,-3.399999999999931e-05,-0.0038,0.4474193548387096,-0.0009412123335845,0.0,-18.0,0,0.0,0.0,0.0,-0.009280000000000028
2004-03-09,-0.0139709281844577,0.0,0.0005999999999999,0.4441935483870967,-0.0003139344098883,0.0,11.0,0,0.0,0.0,0.0,-0.009280000000000028
2004-03-10,-0.0452900780471381,-3.500000000000031e-05,0.0133,0.4409677419354838,-0.0003140329956519,0.0,17.0,0,0.0,0.0,0.0,-0.009315000000000028
2004-03-11,-0.0427562590204324,-3.399999999999931e-05,0.0240999999999997,0.4377419354838709,-0.0003141316433534,0.0,15.0,1,0.0,0.0,0.0,-0.009349000000000027
2004-03-12,0.047635889381274,-3.399999999999931e-05,-0.0068999999999999,0.434516129032258,-0.0003142303530516,0.0,2.0,0,0.0,0.0,0.0,-0.009383000000000027
2004-03-15,-0.0252047753177286,-3.399999999999931e-05,-0.0049999999999998,0.4248387096774193,-0.0009432839381826,0.0,-5.0,0,0.0,0.0,0.0,-0.009417000000000026
2004-03-16,0.0176913149104009,-3.399999999999931e-05,-0.0011999999999998,0.4216129032258064,-0.000314625812976,0.0,5.0,0,0.0,0.0,0.0,-0.009451000000000025
2004-03-17,0.0132373123786475,-3.400000000000625e-05,0.0068999999999999,0.4183870967741935,-0.0003147248335331,0.0,-6.0,0,0.0,0.0,0.0,-0.009485000000000032
2004-03-18,0.0211884776216084,-0.0007179999999999,0.0064999999999999,0.4151612903225806,-0.0003148239164403,-0.0099999999999999,-11.0,0,0.0,0.0,0.0,-0.010202999999999931
2004-03-19,-0.0048845070338465,0.0001019999999999,-0.0135,0.4119354838709677,-0.0003149230617509,0.0,-21.0,0,0.0,0.0,0.0,-0.01010100000000003
2004-03-22,-0.0272305323310373,0.0001369999999999,0.0106999999999999,0.402258064516129,-0.0009453646820851,0.0,25.0,0,0.0,0.0,0.0,-0.00996400000000013
2004-03-23,-0.0213687332106005,0.000103,0.0037000000000002,0.3990322580645161,-0.0003153202682515,0.0,2.0,0,0.0,0.0,0.0,-0.00986100000000013
2004-03-24,-0.0104291061409984,-3.399999999999931e-05,0.012,0.3958064516129032,-0.0003154197264851,0.0,23.0,0,0.0,0.0,0.0,-0.00989500000000013
2004-03-25,0.0007145409378672,-3.500000000000031e-05,0.0072999999999998,0.3925806451612903,-0.0003155192474828,0.0,-6.0,0,0.0,0.0,0.0,-0.00993000000000013
2004-03-26,0.0254356581825394,3.500000000000031e-05,0.0072999999999998,0.3893548387096774,-0.0003156188312978,0.0,-5.0,0,0.0,0.0,0.0,-0.00989500000000013
2004-03-29,-0.0004643387899179,-6.900000000000656e-05,-0.0044999999999997,0.3796774193548387,-0.0009474546259031,0.0,9.0,0,0.0,0.0,0.0,-0.009964000000000136
2004-03-30,0.0235013340581566,-6.799999999999862e-05,-0.0148999999999999,0.3764516129032258,-0.0003160177959706,0.0,-21.0,0,0.0,0.0,0.0,-0.010032000000000135
2004-03-31,0.0044811662630745,0.000137,-0.0130000000000003,0.3732258064516129,-0.0003161176947905,0.0,3.0,0,0.0,0.0,0.0,-0.009895000000000135
2004-04-01,0.0225511353883227,-3.500000000000031e-05,-0.0181999999999997,0.37,-0.0003162176567865,0.0099999999999999,-16.0,0,0.0,0.0,0.0,-0.009930000000000135
2004-04-02,0.0132469697468771,3.500000000000031e-05,0.0025999999999997,0.3746666666666666,0.0002090945845569,0.0,21.0,0,0.0,0.0,0.0,-0.009895000000000135
2004-04-05,0.0085476168534111,0.0,-0.0078999999999997,0.3886666666666666,0.0006270215583121,0.0,-1.0,0,0.0,0.0,0.0,-0.009895000000000135
2004-04-06,-0.0032022183233468,-3.500000000000031e-05,-0.0108000000000001,0.3933333333333333,0.0002089198485197,0.0,-27.0,0,0.0,0.0,0.0,-0.009930000000000135
2004-04-07,-0.0276409995441611,0.0,0.0030000000000001,0.398,0.0002088762101344,0.0,13.0,0,0.0,0.0,0.0,-0.009930000000000135
2004-04-08,0.0124868785051646,-3.400000000000625e-05,0.0028999999999999,0.4026666666666667,0.0002088325899727,0.0,0.0,0,0.0,0.0,0.0,-0.009964000000000141
2004-04-12,0.0024173179554924,0.0,0.0053,0.4213333333333333,0.0008348945224199,0.0,-6.0,0,0.0,0.0,0.0,-0.009964000000000141
2004-04-13,-0.0070484873310601,-3.399999999999931e-05,-0.0003999999999999,0.426,0.0002086147621671,0.0,-2.0,0,0.0,0.0,0.0,-0.00999800000000014
2004-04-14,-0.0137098203627878,-6.899999999999962e-05,0.0104999999999999,0.4306666666666666,0.0002085712511252,0.0,16.0,0,0.0,0.0,0.0,-0.01006700000000014
2004-04-15,-0.0260167678501446,-0.0006839999999999,0.0108000000000001,0.4353333333333333,0.0002085277582288,0.0,61.0,0,0.0,0.0,0.0,-0.01075100000000004
2004-04-16,0.0013790569437563,0.0,0.0088999999999996,0.44,0.000208484283469,0.0,-22.0,0,0.0,0.0,0.0,-0.01075100000000004
2004-04-19,-0.0065444053282472,6.799999999999862e-05,-0.0051999999999998,0.454,0.000625192183028,0.01,8.0,0,0.0,0.0,0.0,-0.010683000000000041
2004-04-20,-0.025712691578807,0.0,0.0085000000000001,0.4586666666666666,0.0002083105655525,0.0,8.0,0,0.0,0.0,0.0,-0.010683000000000041
2004-04-22,0.0030317408347269,-6.799999999999862e-05,0.0118999999999998,0.4679999999999999,0.0004164909964092,0.0,4.0,0,0.0,0.0,0.0,-0.01075100000000004
2004-04-23,0.0209686611802446,-3.500000000000031e-05,-0.0131999999999998,0.4726666666666667,0.0002081804669789,0.03,-10.0,0,0.0,0.0,0.0,-0.01078600000000004
2004-04-26,-0.0123970455662014,-3.399999999999931e-05,-0.0087999999999999,0.4866666666666667,0.0006242814925432,0.0,-4.0,0,0.0,0.0,0.0,-0.01082000000000004
2004-04-27,-0.000328322509457,-3.399999999999931e-05,0.0076,0.4913333333333333,0.0002080072547894,0.0,28.0,0,0.0,0.0,0.0,-0.010854000000000039
2004-04-28,-0.0403490879534782,-3.399999999999931e-05,0.0173999999999998,0.496,0.0002079639967682,0.0,42.0,0,0.0,0.0,0.0,-0.010888000000000038
2004-04-29,-0.0301963992310163,-6.899999999999962e-05,0.0186999999999999,0.5006666666666667,0.000207920756738,0.0,7.0,0,0.0,0.0,0.0,-0.010957000000000038
2004-04-30,-0.0130727439332787,0.0,-0.0074999999999998,0.5053333333333333,0.0002078775346827,0.0,-16.0,0,0.0,0.0,0.0,-0.010957000000000038
2004-05-03,0.0051887388770737,-3.400000000000625e-05,0.0121999999999999,0.5229032258064517,0.0011973364826438,-0.02,38.0,0,0.0,0.0,0.0,-0.010991000000000044
2004-05-04,0.0140567092715997,0.0,0.0126999999999997,0.5293548387096774,0.0004943841501283,0.0,-26.0,0,0.0,0.0,0.0,-0.010991000000000044
2004-05-05,0.0018993358036532,-3.499999999999337e-05,-0.008,0.5358064516129032,0.0004941398552116,0.0,-6.0,0,0.0,0.0,0.0,-0.011026000000000038
2004-05-06,-0.0426421192660022,-3.400000000000625e-05,0.0283000000000002,0.542258064516129,0.0004938958016058,0.0,53.0,1,0.0,0.0,0.0,-0.011060000000000044
2004-05-07,-0.0301530381706882,-3.399999999999931e-05,0.0604999999999997,0.5487096774193548,0.0004936519889557,-0.0399999999999999,39.0,1,0.0,0.0,0.0,-0.011094000000000043
2004-05-10,-0.0561101229000762,-3.399999999999931e-05,0.0745,0.5680645161290323,0.0014794954951753,0.01,47.0,1,0.0,0.0,0.0,-0.011128000000000042
2004-05-11,0.0516425857981079,-3.500000000000031e-05,-0.0197999999999995,0.574516129032258,0.0004926791407857,0.0,-50.0,0,0.0,0.0,0.0,-0.011163000000000043
2004-05-12,-0.011447918203931,-3.399999999999931e-05,0.016,0.5809677419354838,0.0004924365275744,0.0,19.0,0,0.0,0.0,0.0,-0.011197000000000042
2004-05-13,0.0041385378171483,3.399999999999931e-05,0.0067999999999996,0.5874193548387097,0.0004921941531907,0.0,-14.0,0,0.0,0.0,0.0,-0.011163000000000043
2004-05-14,0.0112934494016574,0.0001029999999999,-0.0297,0.5938709677419355,0.0004919520172794,0.0,-53.0,1,0.0,0.0,0.0,-0.011060000000000143
2004-05-17,-0.0266261339619582,-3.399999999999931e-05,0.0238,0.6132258064516128,0.0014744056158288,0.0,18.0,1,0.0,0.0,0.0,-0.011094000000000142
2004-05-18,0.0236665170896284,-3.399999999999931e-05,-0.0051000000000001,0.6196774193548387,0.0004909858513393,0.0,-16.0,0,0.0,0.0,0.0,-0.011128000000000141
2004-05-19,0.0070884197563199,-6.899999999999962e-05,-0.0109999999999996,0.6261290322580645,0.0004907449025299,0.0,-15.0,0,0.0,0.0,0.0,-0.011197000000000141
2004-05-20,-0.0242646219996309,0.0001369999999999,0.0753999999999996,0.6325806451612903,0.0004905041900951,0.0,61.0,1,0.0,0.0,0.0,-0.011060000000000242
2004-05-21,0.0024640669551576,0.000137,0.0238,0.6390322580645161,0.0004902637136847,0.0099999999999999,-9.0,1,0.0,0.0,0.0,-0.010923000000000242
2004-05-24,0.0207833426538464,-3.399999999999931e-05,-0.0252999999999996,0.6583870967741935,0.0014693506376417,0.0,-20.0,1,0.0,0.0,0.0,-0.01095700000000024
2004-05-25,0.0101788829501217,-3.400000000000625e-05,-0.0222000000000002,0.6648387096774193,0.0004893041613645,0.0,-30.0,0,0.0,0.0,0.0,-0.010991000000000247
2004-05-26,0.011020702647178,3.400000000000625e-05,-0.0005999999999999,0.6712903225806451,0.000489064859888,0.0,21.0,0,0.0,0.0,0.0,-0.01095700000000024
2004-05-27,0.0342790565824842,-3.400000000000625e-05,-0.0045999999999999,0.677741935483871,0.0004888257923667,0.0,-8.0,0,0.0,0.0,0.0,-0.010991000000000247
2004-05-28,-0.0034009321884571,-3.499999999999337e-05,-0.0563000000000002,0.6841935483870967,0.0004885869584541,0.01,-16.0,1,0.0,0.0,0.0,-0.01102600000000024
2004-05-31,-0.0062226050015983,0.0,0.0330000000000003,0.7035483870967741,0.001464330202868,-0.01,2.0,1,0.0,0.0,0.0,-0.01102600000000024
2004-06-01,5.116267172589062e-05,0.0,0.0275999999999996,0.71,0.0004876339520762,0.07,14.0,1,0.0,0.0,0.0,-0.01102600000000024
2004-06-02,0.0087105458674869,-0.000102,-0.0264999999999999,0.7166666666666667,0.0011572794362919,0.0,-21.0,1,0.0,0.0,0.0,-0.01112800000000024
2004-06-03,-0.0162081417148485,3.399999999999931e-05,0.0141,0.7233333333333333,0.0011559416885944,0.0,14.0,0,0.0,0.0,0.0,-0.01109400000000024
2004-06-04,0.0213680074729278,0.0001029999999999,-0.0107999999999996,0.73,0.0011546070300472,0.01,-33.0,0,0.0,0.0,0.0,-0.01099100000000034
2004-06-07,0.0311950989187064,0.000103,-0.0216000000000002,0.75,0.0034558438702934,0.0,-30.0,0,0.0,0.0,0.0,-0.01088800000000034
2004-06-08,-0.0080037745281451,6.799999999999862e-05,0.0036,0.7566666666666666,0.0011492990742976,-0.01,12.0,0,0.0,0.0,0.0,-0.010820000000000341
2004-06-09,-0.020873008666209,-6.799999999999862e-05,0.0011000000000001,0.7633333333333333,0.0011479797021429,0.01,14.0,0,0.0,0.0,0.0,-0.01088800000000034
2004-06-11,-0.0015617525026296,-0.000103,0.0236,0.7766666666666666,0.0022920133804369,0.0,15.0,1,0.0,0.0,0.0,-0.01099100000000034
2004-06-14,-0.0175987452364463,3.400000000000625e-05,0.0248999999999997,0.7966666666666666,0.0034282000864056,0.01,22.0,1,0.0,0.0,0.0,-0.010957000000000335
2004-06-15,0.0282806250948528,6.899999999999962e-05,-0.0270999999999999,0.8033333333333333,0.0011401266477903,0.0,-25.0,1,0.0,0.0,0.0,-0.010888000000000335
2004-06-16,0.0203922439011403,-6.899999999999962e-05,0.0024999999999999,0.81,0.0011388282392257,-0.01,-6.0,0,0.0,0.0,0.0,-0.010957000000000335
2004-06-17,-0.0061282211642925,-3.400000000000625e-05,-0.0124999999999997,0.8166666666666667,0.001137532784627,0.0,-23.0,0,0.0,0.0,0.0,-0.01099100000000034
2004-06-18,-9.835743098385308e-05,0.0,0.0107999999999996,0.8233333333333334,0.0011362402739276,0.01,12.0,0,0.0,0.0,0.0,-0.01099100000000034
2004-06-21,-0.0019691829333723,6.800000000000556e-05,-0.0089999999999998,0.8433333333333334,0.0034009950464444,-0.01,-12.0,0,0.0,0.0,0.0,-0.010923000000000335
2004-06-22,-0.0046429007635779,3.500000000000031e-05,0.0043000000000001,0.85,0.0011310994702888,0.0,4.0,0,0.0,0.0,0.0,-0.010888000000000335
2004-06-23,0.0310491616516923,-0.000103,-0.0083000000000001,0.8566666666666667,0.0011298215296182,0.0,-9.0,0,0.0,0.0,0.0,-0.010991000000000336
2004-06-24,-0.0061621608432904,0.0,-0.0227999999999997,0.8633333333333333,0.0011285464733781,0.01,-4.0,0,0.0,0.0,0.0,-0.010991000000000336
2004-06-25,0.0020261476370517,3.400000000000625e-05,0.0065999999999997,0.87,0.001127274291818,0.0,18.0,0,0.0,0.0,0.0,-0.01095700000000033
2004-06-28,-0.0194161959462952,3.399999999999931e-05,0.0150999999999998,0.89,0.0033742183874565,0.0,6.0,0,0.0,0.0,0.0,-0.01092300000000033
2004-06-29,0.0218710117442793,0.0,-0.0063999999999997,0.8966666666666667,0.0011222141187801,0.0,-11.0,0,0.0,0.0,0.0,-0.01092300000000033
2004-06-30,0.0165915605759217,-3.399999999999931e-05,-0.0108000000000001,0.9033333333333332,0.0011209561658134,-0.01,-5.0,0,0.0,0.0,0.0,-0.01095700000000033
2004-07-01,0.0094122771195745,0.0,-0.0327999999999999,0.91,0.0011197010299088,0.22,-4.0,1,0.0,0.0,0.0,-0.01095700000000033
2004-07-02,0.0102058345597093,3.399999999999931e-05,-0.0245000000000001,0.9029032258064515,-2.8362486657940167e-05,0.01,-23.0,1,0.0,0.0,0.0,-0.01092300000000033
2004-07-05,0.0047180808183711,-3.399999999999931e-05,-0.0185999999999997,0.8816129032258064,-8.509228687358927e-05,0.0,0.0,0,0.0,0.0,0.0,-0.01095700000000033
2004-07-06,-0.0224938318659884,0.0,0.0101999999999997,0.8745161290322581,-2.8365704745070275e-05,0.0,-1.0,0,0.0,0.0,0.0,-0.01095700000000033
2004-07-07,-0.0008026629954773,-3.400000000000625e-05,-0.0050999999999996,0.8674193548387097,-2.836650938142781e-05,0.0,10.0,0,0.0,0.0,0.0,-0.010991000000000336
2004-07-08,-0.0135053648136214,-6.899999999999962e-05,0.0107999999999996,0.8603225806451613,-2.836731406219428e-05,0.0,16.0,0,0.0,0.0,0.0,-0.011060000000000335
2004-07-12,0.0304132448255298,3.400000000000625e-05,-0.0103999999999997,0.8319354838709677,-0.0001134773039801,0.02,-23.0,0,0.0,0.0,0.0,-0.011026000000000329
2004-07-13,0.0067115899140759,0.0,0.0048999999999996,0.8248387096774193,-2.8371338155253056e-05,0.0,-4.0,0,0.0,0.0,0.0,-0.011026000000000329
2004-07-14,-0.0001845444065207,-6.800000000000556e-05,-0.0135999999999998,0.817741935483871,-2.837214311135483e-05,0.0,-6.0,0,0.0,0.0,0.0,-0.011094000000000334
2004-07-15,0.0179253965152454,3.399999999999931e-05,-0.0068999999999999,0.8106451612903226,-2.8372948113641883e-05,0.0,-8.0,0,0.0,0.0,0.0,-0.011060000000000335
2004-07-16,0.0171643322478978,-3.399999999999931e-05,-0.0194,0.8035483870967741,-2.8373753160337856e-05,0.0,-24.0,0,0.0,0.0,0.0,-0.011094000000000334
2004-07-19,-0.0154888728028179,0.0,-0.0081999999999999,0.782258064516129,-8.512609021771311e-05,0.0,4.0,0,0.0,0.0,0.0,-0.011094000000000334
2004-07-20,0.0116502678394176,0.0,0.0102000000000002,0.7751612903225806,-2.837697380542181e-05,0.0099999999999998,2.0,0,0.0,0.0,0.0,-0.011094000000000334
2004-07-21,-0.0249497897924708,-3.399999999999931e-05,0.0205999999999999,0.7680645161290323,-2.837777907949146e-05,0.0,18.0,0,0.0,0.0,0.0,-0.011128000000000334
2004-07-22,-0.0036747859452006,0.0,0.0144999999999999,0.7609677419354839,-2.8378584401522744e-05,0.0,-1.0,0,0.0,0.0,0.0,-0.011128000000000334
2004-07-23,-0.0064172330745613,0.0,0.0072999999999998,0.7538709677419355,-2.8379389767962948e-05,0.0,7.0,0,0.0,0.0,0.0,-0.011128000000000334
2004-07-26,-0.0127247749268306,0.0,0.0108000000000001,0.7325806451612903,-8.514300196438285e-05,0.01,14.0,0,0.0,0.0,0.0,-0.011128000000000334
2004-07-27,0.0194640914237833,0.0,0.0097,0.7254838709677419,-2.8382611693800183e-05,0.0,1.0,0,0.0,0.0,0.0,-0.011128000000000334
2004-07-28,0.0196339298699488,3.399999999999931e-05,-0.0113000000000003,0.7183870967741934,-2.8383417289390422e-05,0.0,-17.0,0,0.0,0.0,0.0,-0.011094000000000334
2004-07-29,0.0027029478569975,6.800000000000556e-05,-0.0182999999999999,0.7112903225806451,-2.838422292938958e-05,0.0,-19.0,0,0.0,0.0,0.0,-0.011026000000000329
2004-07-30,0.0048917409337452,0.0001379999999999,-0.0105999999999997,0.7041935483870967,-2.838502861735037e-05,0.0,1.0,0,0.0,0.0,0.0,-0.010888000000000429
2004-08-02,0.0049570270086842,0.0,0.0198,0.6783870967741935,0.00011574214356,-0.1999999999999999,3.0,0,0.0,0.0,0.0,-0.010888000000000429
2004-08-03,-0.0033466486691651,0.0,0.0083999999999999,0.6667741935483871,0.0001724848618795,0.01,2.0,0,0.0,0.0,0.0,-0.010888000000000429
2004-08-04,-0.0087540681599147,3.399999999999931e-05,0.0028999999999999,0.6551612903225806,0.0001724551159796,0.0,0.0,0,0.0,0.0,0.0,-0.01085400000000043
2004-08-05,-0.0389862740477653,3.399999999999931e-05,0.0057999999999998,0.6435483870967742,0.0001724253803434,0.0,8.0,0,0.0,0.0,0.0,-0.01082000000000043
2004-08-06,0.0150294804948938,6.899999999999962e-05,-0.0147999999999997,0.6319354838709677,0.000172395654955,-0.01,-11.0,0,0.0,0.0,0.0,-0.01075100000000043
2004-08-09,-0.0182696044819241,0.0,-0.0093,0.5970967741935483,0.0005170087149934,0.0,-5.0,0,0.0,0.0,0.0,-0.01075100000000043
2004-08-10,0.0221414691944996,3.399999999999931e-05,-0.0110999999999998,0.5854838709677419,0.0001722768558298,0.0,-8.0,0,0.0,0.0,0.0,-0.010717000000000431
2004-08-11,-0.0077124172896638,3.399999999999931e-05,0.0106999999999999,0.5738709677419355,0.0001722471816272,0.0,3.0,0,0.0,0.0,0.0,-0.010683000000000432
2004-08-12,0.0,0.0,-0.0085000000000001,0.562258064516129,0.0001722175176457,0.0,-6.0,0,0.0,0.0,0.0,-0.010683000000000432
2004-08-13,-0.0078658104930617,0.0,-0.0072,0.5506451612903226,0.0001721878638765,0.0,-16.0,0,0.0,0.0,0.0,-0.010683000000000432
2004-08-16,0.0168195787156761,0.0,-0.0088999999999996,0.5158064516129032,0.0005163857711121,0.0,-2.0,0,0.0,0.0,0.0,-0.010683000000000432
2004-08-17,0.0135541150899474,0.0,-0.0157000000000002,0.5041935483870967,0.000172069350862,0.0,-7.0,0,0.0,0.0,0.0,-0.010683000000000432
2004-08-18,0.0320277151855794,-3.399999999999931e-05,-0.0066999999999999,0.4925806451612903,0.0001720397480937,0.0,-4.0,0,0.0,0.0,0.0,-0.010717000000000431
2004-08-19,0.0068250691499294,-3.399999999999931e-05,-0.0129000000000001,0.4809677419354838,0.0001720101555111,0.0,-1.0,0,0.0,0.0,0.0,-0.01075100000000043
2004-08-20,0.0113157219650581,-3.500000000000031e-05,-0.0050999999999996,0.4693548387096774,0.0001719805731053,-0.01,-22.0,0,0.0,0.0,0.0,-0.01078600000000043
2004-08-23,-0.0149412091519778,-3.399999999999931e-05,-0.0055,0.434516129032258,0.0005157643265913,0.0,-4.0,0,0.0,0.0,0.0,-0.01082000000000043
2004-08-24,0.0007873671724745,-3.399999999999931e-05,-0.0111000000000003,0.4229032258064516,0.0001718623451658,0.0,-7.0,0,0.0,0.0,0.0,-0.01085400000000043
2004-08-25,0.0081867727760709,3.399999999999931e-05,-0.0063999999999997,0.4112903225806452,0.0001718328135762,0.0,6.0,0,0.0,0.0,0.0,-0.01082000000000043
2004-08-26,-0.0208596520524313,6.899999999999962e-05,0.0028999999999999,0.3996774193548387,0.0001718032921331,0.0,12.0,0,0.0,0.0,0.0,-0.01075100000000043
2004-08-27,0.0006640253458982,6.799999999999862e-05,0.0030000000000001,0.3880645161290322,0.0001717737808313,0.0,-9.0,0,0.0,0.0,0.0,-0.010683000000000432
2004-08-30,0.0119651275700185,0.0001029999999999,-0.0083000000000001,0.3532258064516129,0.0005151443760293,0.0,-16.0,0,0.0,0.0,0.0,-0.010580000000000532
2004-08-31,-0.0028901754222339,0.0,-0.0149999999999996,0.3416129032258064,0.0001716558369437,0.0,12.0,0,0.0,0.0,0.0,-0.010580000000000532
2004-09-01,-0.0127991861131757,3.399999999999931e-05,-0.004,0.33,0.0001716263762734,-0.08,0.0,0,0.0,0.0,0.0,-0.010546000000000532
2004-09-02,0.0077432302108793,0.0,0.0062999999999999,0.3336666666666666,0.0010692794610065,0.01,1.0,0,0.0,0.0,0.0,-0.010546000000000532
2004-09-03,-0.0121057727423128,0.0,-0.0072,0.3373333333333334,0.0010681373235961,0.0,-11.0,0,0.0,0.0,0.0,-0.010546000000000532
2004-09-06,0.0038738165414766,0.0,-0.0146999999999999,0.3483333333333333,0.0031975834805546,0.0,0.0,0,0.0,0.0,0.0,-0.010546000000000532
2004-09-08,0.001421085593094,3.399999999999931e-05,-0.0127999999999999,0.3556666666666667,0.0021260561102618,0.0,-15.0,0,0.0,0.0,0.0,-0.010512000000000533
2004-09-09,-0.0110666011171129,0.0,0.0013999999999998,0.3593333333333333,0.0010613354111601,0.0,3.0,0,0.0,0.0,0.0,-0.010512000000000533
2004-09-10,-0.0143718295992467,3.500000000000031e-05,-0.004,0.363,0.0010602101724561,0.0,2.0,0,0.0,0.0,0.0,-0.010477000000000533
2004-09-13,-0.0072641203905252,3.399999999999931e-05,0.0072,0.374,0.0031739028818709,0.0,7.0,0,0.0,0.0,0.0,-0.010443000000000533
2004-09-14,0.0226674558554229,6.800000000000556e-05,0.0064999999999999,0.3776666666666667,0.0010557329766722,-0.01,-6.0,0,0.0,0.0,0.0,-0.010375000000000528
2004-09-15,0.0015676441523631,0.0,-0.0083000000000001,0.3813333333333333,0.0010546195799019,0.0,-8.0,0,0.0,0.0,0.0,-0.010375000000000528
2004-09-16,0.0235304974101939,0.0008559999999999,-0.0149999999999996,0.385,0.0010535085290754,0.01,-10.0,0,0.0,0.0,0.0,-0.009519000000000628
2004-09-17,0.0086181164520287,3.399999999999931e-05,-0.0148000000000001,0.3886666666666666,0.0010523998167908,0.0,-18.0,0,0.0,0.0,0.0,-0.009485000000000628
2004-09-20,0.0001733402673771,3.400000000000625e-05,-0.0068000000000001,0.3996666666666666,0.003150570451611,0.0,-8.0,0,0.0,0.0,0.0,-0.009451000000000622
2004-09-21,0.0012125412883516,0.0,0.0060999999999999,0.4033333333333333,0.0010479882060021,0.0,5.0,0,0.0,0.0,0.0,-0.009451000000000622
2004-09-22,-0.0155711356739178,0.0,-0.0059999999999997,0.407,0.0010468910763989,0.0,-2.0,0,0.0,0.0,0.0,-0.009451000000000622
2004-09-23,0.008535276030301,0.0,0.0047999999999999,0.4106666666666667,0.0010457962415468,0.0,11.0,0,0.0,0.0,0.0,-0.009451000000000622
2004-09-24,0.0012196185848392,0.0,0.0009999999999998,0.4143333333333333,0.0010447036942515,0.0,5.0,0,0.0,0.0,0.0,-0.009451000000000622
2004-09-27,-0.0060254297479129,0.0,-0.0007000000000001,0.4253333333333333,0.0031275785672857,0.0,9.0,0,0.0,0.0,0.0,-0.009451000000000622
2004-09-28,0.0172369403846914,0.0,-0.0035999999999996,0.429,0.0010403562378371,0.0,-3.0,0,0.0,0.0,0.0,-0.009451000000000622
2004-09-29,-0.0009905468197253,-3.400000000000625e-05,-0.0090000000000003,0.4326666666666666,0.0010392750214869,0.0,-8.0,0,0.0,0.0,0.0,-0.009485000000000628
2004-09-30,0.0015930083234447,3.400000000000625e-05,-0.0015999999999998,0.4363333333333333,0.0010381960501693,0.0,-6.0,0,0.0,0.0,0.0,-0.009451000000000622
2004-10-01,0.0226286717277179,-3.400000000000625e-05,-0.0072999999999998,0.44,0.0010371193168925,0.01,-5.0,0,0.0,0.0,0.0,-0.009485000000000628
2004-10-04,0.0155656532283163,-3.399999999999931e-05,-0.0248000000000003,0.4641935483870967,0.0020076555225507,0.0,-19.0,1,0.0,0.0,0.0,-0.009519000000000628
2004-10-05,0.0022748432930761,-6.899999999999962e-05,-0.0023999999999997,0.472258064516129,0.0006683237986333,0.0,0.0,0,0.0,0.0,0.0,-0.009588000000000627
2004-10-06,-0.0073810253820028,6.899999999999962e-05,0.0120999999999997,0.4803225806451613,0.0006678774402271,-0.01,6.0,0,0.0,0.0,0.0,-0.009519000000000628
2004-10-07,0.003199603818345,3.399999999999931e-05,0.0156,0.4883870967741935,0.0006674316776518,0.0,-11.0,0,0.0,0.0,0.0,-0.009485000000000628
2004-10-08,-0.0073702734164591,3.400000000000625e-05,-0.0266999999999999,0.4964516129032258,0.0006669865097101,0.0,3.0,1,0.0,0.0,0.0,-0.009451000000000622
2004-10-11,0.0011277961137743,0.0,0.0066999999999999,0.5206451612903226,0.0019982944500149,0.0,2.0,0,0.0,0.0,0.0,-0.009451000000000622
2004-10-13,-0.0281541784336614,0.0,0.0056000000000002,0.5367741935483871,0.0013299813085865,0.0,7.0,0,0.0,0.0,0.0,-0.009451000000000622
2004-10-14,-0.0142711295957607,0.0,0.0257,0.5448387096774193,0.0006643279230349,0.0,29.0,1,0.0,0.0,0.0,-0.009451000000000622
2004-10-15,0.0176575485895469,0.0,-0.0008000000000003,0.5529032258064516,0.000663886884423,0.0,-17.0,0,0.0,0.0,0.0,-0.009451000000000622
2004-10-18,0.0018384322927413,0.0,-0.0076,0.5770967741935483,0.0019890202678976,0.0,1.0,0,0.0,0.0,0.0,-0.009451000000000622
2004-10-19,-0.0223748104025762,0.0,0.0159000000000002,0.5851612903225806,0.0006621285704646,0.0,19.0,0,0.0,0.0,0.0,-0.009451000000000622
2004-10-20,-0.0008740113303833,0.0,0.0141,0.5932258064516129,0.0006616904463001,0.0,5.0,0,0.0,0.0,0.0,-0.009451000000000622
2004-10-21,0.0080989731209655,0.0017039999999999,-0.0312000000000001,0.6012903225806452,0.0006612529015548,0.0,-3.0,1,0.0,0.0,0.0,-0.007747000000000722
2004-10-22,-0.0141505614892132,0.0,-0.0045999999999999,0.6093548387096774,0.0006608159350864,0.0,4.0,0,0.0,0.0,0.0,-0.007747000000000722
2004-10-25,-0.005822946445523,0.0,0.0327999999999999,0.6335483870967742,0.0019798317719992,0.0,20.0,1,0.0,0.0,0.0,-0.007747000000000722
2004-10-26,0.0108247118749567,0.0,-0.0087999999999999,0.6416129032258064,0.0006590738290661,0.0,-6.0,0,0.0,0.0,0.0,-0.007747000000000722
2004-10-27,0.0139941440642044,0.0,-0.0144000000000001,0.6496774193548387,0.0006586397368391,0.0,-23.0,0,0.0,0.0,0.0,-0.007747000000000722
2004-10-28,-0.0104990118417553,0.0,0.0070000000000001,0.6577419354838709,0.0006582062160536,0.0,2.0,0,0.0,0.0,0.0,-0.007747000000000722
2004-10-29,0.0053500486455639,0.0,-0.0089999999999998,0.6658064516129032,0.000657773265587,0.0,-10.0,0,0.0,0.0,0.0,-0.007747000000000722
2004-11-03,0.0260333249758204,-3.399999999999931e-05,-0.0261,0.7013333333333333,0.0002862772852232,0.01,-16.0,1,0.0,0.0,0.0,-0.007781000000000721
2004-11-04,0.0092554299741607,0.0,-0.0093,0.707,-0.000843290458814,0.0,-9.0,0,0.0,0.0,0.0,-0.007781000000000721
2004-11-05,-0.0142552285341128,0.0,-0.0024999999999999,0.7126666666666667,-0.000844002197855,0.0,7.0,0,0.0,0.0,0.0,-0.007781000000000721
2004-11-08,-0.0141166736619275,3.399999999999931e-05,0.0112999999999998,0.7296666666666666,-0.0025362890674198,0.01,4.0,0,0.0,0.0,0.0,-0.007747000000000722
2004-11-09,0.00017230981347,0.0,-0.0011999999999998,0.7353333333333333,-0.0008468612089131,-0.01,3.0,0,0.0,0.0,0.0,-0.007747000000000722
2004-11-10,0.010241995638589,0.0,-0.0078,0.741,-0.000847578990724,0.0,-6.0,0,0.0,0.0,0.0,-0.007747000000000722
2004-11-11,0.0028099473529863,0.0,-0.0009000000000001,0.7466666666666666,-0.0008482979903217,0.0,0.0,0,0.0,0.0,0.0,-0.007747000000000722
2004-11-12,0.0216174622125162,0.0,-0.0208999999999996,0.7523333333333333,-0.0008490182108058,0.0,-15.0,0,0.0,0.0,0.0,-0.007747000000000722
2004-11-16,-0.0110026838415091,0.0,-0.0135,0.7749999999999999,-0.0034032995749875,0.0,-3.0,0,0.0,0.0,0.0,-0.007747000000000722
2004-11-17,0.0166037772109781,0.0,-0.0182000000000002,0.7806666666666666,-0.0008526377358499,0.01,-8.0,0,0.0,0.0,0.0,-0.007747000000000722
2004-11-18,-0.0011177117053744,0.0016969999999999,-0.0070999999999998,0.7863333333333333,-0.0008533653473907,0.0,1.0,0,0.0,0.0,0.0,-0.006050000000000822
2004-11-19,-0.0045249885209095,0.0,0.0034,0.7919999999999999,-0.0008540942018324,0.0,2.0,0,0.0,0.0,0.0,-0.006050000000000822
2004-11-22,0.0169562015415003,-3.399999999999237e-05,0.0040999999999997,0.8089999999999999,-0.0025666682089848,0.0,0.0,0,0.0,0.0,0.0,-0.0060840000000008145
2004-11-23,-0.0043046084712266,0.0,-0.0231999999999996,0.8146666666666667,-0.0008570221124788,0.0,-7.0,1,0.0,0.0,0.0,-0.0060840000000008145
2004-11-24,0.0011497085934237,3.399999999999237e-05,0.0038999999999997,0.8203333333333334,-0.0008577572294345,0.0,-10.0,0,0.0,0.0,0.0,-0.006050000000000822
2004-11-25,0.0202708271246923,-3.399999999999237e-05,0.0026000000000001,0.826,-0.0008584936085807,0.0,0.0,0,0.0,0.0,0.0,-0.0060840000000008145
2004-11-26,0.0052541983905314,-3.400000000000625e-05,-0.0179,0.8316666666666667,-0.0008592312531661,0.0,-4.0,0,0.0,0.0,0.0,-0.006118000000000821
2004-11-29,-0.0057368821213934,0.0,0.0070000000000001,0.8486666666666667,-0.0025821323304402,0.0,6.0,0,0.0,0.0,0.0,-0.006118000000000821
2004-11-30,0.0109238226897101,-3.300000000000525e-05,-0.0095,0.8543333333333333,-0.0008621945513684,0.0,-4.0,0,0.0,0.0,0.0,-0.006151000000000826
2004-12-01,0.0042491575558791,6.70000000000115e-05,-0.0161999999999999,0.86,-0.0008629385723484,0.02,-9.0,0,0.0,0.0,0.0,-0.0060840000000008145
2004-12-02,-0.0013879252748481,0.0,0.0093999999999998,0.8509677419354839,-0.0022094052892036,0.0,7.0,0,0.0,0.0,0.0,-0.0060840000000008145
2004-12-03,0.0105787676374013,0.0,-0.0144000000000001,0.8419354838709677,-0.0022142975719656,0.0,1.0,0,0.0,0.0,0.0,-0.0060840000000008145
2004-12-06,0.0064578217029875,3.399999999999237e-05,0.0091000000000001,0.8148387096774193,-0.0066724642785764,0.0,-1.0,0,0.0,0.0,0.0,-0.006050000000000822
2004-12-07,-0.0254448558179696,0.0,0.0136000000000002,0.8058064516129032,-0.002234085298733,-0.01,-5.0,0,0.0,0.0,0.0,-0.006050000000000822
2004-12-08,-0.0008407230713185,0.0,0.0341999999999997,0.7967741935483871,-0.0022390876135389,0.0,8.0,1,0.0,0.0,0.0,-0.006050000000000822
2004-12-09,-0.0178612256286445,0.0,0.008,0.787741935483871,-0.0022441123798753,0.0,4.0,0,0.0,0.0,0.0,-0.006050000000000822
2004-12-10,0.0164584478991649,0.0,0.0123000000000002,0.7787096774193548,-0.0022491597492368,-0.01,-7.0,0,0.0,0.0,0.0,-0.006050000000000822
2004-12-13,0.011643339000674,0.0,-0.0170000000000003,0.7516129032258064,-0.0067779917952712,0.01,-2.0,0,0.0,0.0,0.0,-0.006050000000000822
2004-12-14,0.0133104272742556,0.0,-0.0116999999999998,0.7425806451612903,-0.0022695783348751,0.0,1.0,0,0.0,0.0,0.0,-0.006050000000000822
2004-12-15,0.0005084182436121,3.400000000000625e-05,-0.0072,0.7335483870967742,-0.0022747410400789,0.0,-4.0,0,0.0,0.0,0.0,-0.006016000000000816
2004-12-16,0.009920909273676,0.0016559999999999,-0.0215,0.724516129032258,-0.002279927286489,0.0,-5.0,0,0.0,0.0,0.0,-0.004360000000000916
2004-12-17,-0.0066809337644624,0.0,-0.0045999999999999,0.7154838709677419,-0.0022851372354857,0.0,-6.0,0,0.0,0.0,0.0,-0.004360000000000916
2004-12-20,-0.0047660063651022,0.0,-0.032,0.6883870967741935,-0.0068869108782916,-0.01,-8.0,1,0.0,0.0,0.0,-0.004360000000000916
2004-12-21,0.0137284128617949,0.0,-0.0034999999999998,0.6793548387096774,-0.0023062173371855,0.0,1.0,0,0.0,0.0,0.0,-0.004360000000000916
2004-12-22,-0.0064712604495298,0.0,0.0097999999999998,0.6703225806451613,-0.0023115482722548,0.0,-3.0,0,0.0,0.0,0.0,-0.004360000000000916
2004-12-23,0.0060076535798447,0.0,0.0077000000000002,0.6612903225806451,-0.0023169039098736,0.0,0.0,0,0.0,0.0,0.0,-0.004360000000000916
2004-12-27,0.0022773338029153,0.0,-0.0083999999999999,0.6251612903225806,-0.0093216721239688,0.01,-9.0,0,0.0,0.0,0.0,-0.004360000000000916
2004-12-28,0.0069159225976562,0.0,-0.0088000000000003,0.6161290322580645,-0.0023440587161864,0.0,4.0,0,0.0,0.0,0.0,-0.004360000000000916
2004-12-29,0.0016833088637522,0.0,-0.0058999999999995,0.6070967741935483,-0.002349566239939,0.0,-3.0,0,0.0,0.0,0.0,-0.004360000000000916
2004-12-30,0.0013369751977219,3.400000000000625e-05,-0.0292000000000003,0.5980645161290322,-0.0023550997052499,0.0,1.0,1,0.0,0.0,0.0,-0.00432600000000091
2005-01-03,-0.0182600705119124,-3.400000000000625e-05,0.0138000000000002,0.5806451612903225,-0.0053976083301403,0.0399999999999999,6.0,0,0.0,0.0,0.0,-0.004360000000000916
2005-01-04,-0.0345693904375643,0.0,0.0204999999999997,0.5809677419354838,-0.0003355206853985,0.0,10.0,0,0.0,0.0,0.0,-0.004360000000000916
2005-01-05,-0.0062979618746812,0.0,0.0209000000000001,0.5812903225806452,-0.0003356332973147,0.0,21.0,0,0.0,0.0,0.0,-0.004360000000000916
2005-01-06,-0.0132495466470334,0.0,0.0110999999999998,0.5816129032258064,-0.0003357459848469,0.0,6.0,0,0.0,0.0,0.0,-0.004360000000000916
2005-01-07,0.015474511662088,0.0,-0.0175,0.5819354838709677,-0.0003358587480732,0.0,-5.0,0,0.0,0.0,0.0,-0.004360000000000916
2005-01-10,-0.0185571915113751,0.0,-0.0059,0.5829032258064516,-0.0010082535816735,0.0,16.0,0,0.0,0.0,0.0,-0.004360000000000916
2005-01-11,0.003205789601786,0.0,0.0133,0.5832258064516128,-0.0003363105594527,0.0,0.0,0,0.0,0.0,0.0,-0.004360000000000916
2005-01-12,0.0057283299029062,0.0,0.0007000000000001,0.5835483870967741,-0.0003364237022971,0.0,-13.0,0,0.0,0.0,0.0,-0.004360000000000916
2005-01-13,0.0120043618531173,0.0,-0.0102000000000002,0.5838709677419355,-0.0003365369212957,0.0,4.0,0,0.0,0.0,0.0,-0.004360000000000916
2005-01-14,0.0047456352888364,0.0,0.0062999999999999,0.5841935483870967,-0.0003366502165231,-0.01,10.0,0,0.0,0.0,0.0,-0.004360000000000916
2005-01-17,-0.0165460195787776,0.0,-0.0066999999999999,0.5851612903225806,-0.0010106311844015,0.0,-1.0,0,0.0,0.0,0.0,-0.004360000000000916
2005-01-18,-0.0175298703384374,0.0,0.0132000000000003,0.5854838709677419,-0.000337104161284,0.0,7.0,0,0.0,0.0,0.0,-0.004360000000000916
2005-01-19,0.0075269172563618,3.400000000000625e-05,0.0045999999999999,0.5858064516129032,-0.0003372178388207,0.0,-1.0,0,0.0,0.0,0.0,-0.00432600000000091
2005-01-20,-0.0276118709236996,0.0016489999999999,0.0036999999999998,0.5861290322580645,-0.0003373315930534,0.01,-3.0,0,0.0,0.0,0.0,-0.00267700000000101
2005-01-21,0.0087712462483828,0.0,-0.0222999999999999,0.5864516129032258,-0.0003374454240567,-0.01,-5.0,0,0.0,0.0,0.0,-0.00267700000000101
2005-01-24,0.0158283877734817,0.0,-0.0219,0.5874193548387097,-0.0010130200270754,0.0,-3.0,0,0.0,0.0,0.0,-0.00267700000000101
2005-01-26,0.0136268731511108,0.0,-0.0032,0.5880645161290322,-0.0006759172507191,0.0,-16.0,0,0.0,0.0,0.0,-0.00267700000000101
2005-01-27,-0.0205938085220207,0.0,-0.0102999999999999,0.5883870967741935,-0.0003381300266447,0.0,2.0,0,0.0,0.0,0.0,-0.00267700000000101
2005-01-28,-0.0025834424135684,0.0,-0.0057999999999998,0.5887096774193548,-0.0003382443972324,0.0,5.0,0,0.0,0.0,0.0,-0.00267700000000101
2005-01-31,0.0158533091123391,0.0,-0.0339,0.5896774193548386,-0.0010154201895868,0.0,-1.0,1,0.0,0.0,0.0,-0.00267700000000101
2005-02-01,-0.00832994507339,0.0,-0.0118,0.59,-0.0003387026543375,-0.0299999999999999,3.0,0,0.0,0.0,0.0,-0.00267700000000101
2005-02-02,0.0187067029441845,3.300000000000525e-05,0.0110000000000001,0.5907142857142856,0.004039636406329,0.0,4.0,0,0.0,0.0,0.0,-0.002644000000001005
2005-02-03,0.0108734069136069,0.0,-0.0205999999999999,0.5914285714285714,0.0040233833783425,0.0,-2.0,0,0.0,0.0,0.0,-0.002644000000001005
2005-02-04,0.0339122723172042,0.0,-0.0003999999999999,0.5921428571428571,0.0040072606109458,0.0,-12.0,0,0.0,0.0,0.0,-0.002644000000001005
2005-02-09,0.0223657633948928,0.0,0.0047999999999999,0.5957142857142856,0.0197989128592119,0.0,2.0,0,0.0,0.0,0.0,-0.002644000000001005
2005-02-10,0.003868770234126,0.0,0.0043999999999999,0.5964285714285714,0.0039131738435553,0.0,-4.0,0,0.0,0.0,0.0,-0.002644000000001005
2005-02-11,0.0096069456263059,3.399999999999237e-05,0.0051000000000001,0.5971428571428571,0.0038979205832969,-0.01,-5.0,0,0.0,0.0,0.0,-0.0026100000000010126
2005-02-14,-0.0052252811407687,0.0,-0.0339,0.5992857142857143,0.0116034198432295,0.01,1.0,1,0.0,0.0,0.0,-0.0026100000000010126
2005-02-15,0.0029355333262888,0.0,-0.0072,0.6,0.0038380784093625,0.0,1.0,0,0.0,0.0,0.0,-0.0026100000000010126
2005-02-16,-0.0085293191723554,0.0,0.0163999999999999,0.6007142857142856,0.0038234038675817,0.0,-2.0,0,0.0,0.0,0.0,-0.0026100000000010126
2005-02-17,0.0264438035888581,0.001642,-0.0188999999999999,0.6014285714285714,0.00380884111207,0.0,-11.0,0,0.0,0.0,0.0,-0.0009680000000010125
2005-02-18,-0.0124428221499393,0.0,-0.0116,0.6021428571428571,0.0037943888703413,0.0,3.0,0,0.0,0.0,0.0,-0.0009680000000010125
2005-02-21,0.0036187993007494,0.0,0.0141,0.6042857142857143,0.0112975396126806,-0.01,0.0,0,0.0,0.0,0.0,-0.0009680000000010125
2005-02-22,-0.0042169748831142,0.0,0.0175,0.605,0.0037376602573679,0.0,7.0,0,0.0,0.0,0.0,-0.0009680000000010125
2005-02-23,0.0169828695129705,0.0,-0.008,0.6057142857142856,0.0037237421581544,0.0,-3.0,0,0.0,0.0,0.0,-0.0009680000000010125
2005-02-24,0.0445125068804692,0.0,0.0240999999999997,0.6064285714285714,0.0037099273294494,0.0,-8.0,1,0.0,0.0,0.0,-0.0009680000000010125
2005-02-25,-0.0003869084306362,0.0,0.0222000000000002,0.6071428571428571,0.003696214626121,0.0,-1.0,0,0.0,0.0,0.0,-0.0009680000000010125
2005-02-28,-0.010112525184498,-3.400000000000625e-05,-0.0369999999999999,0.6092857142857143,0.011007372087251,0.0,2.0,1,0.0,0.0,0.0,-0.0010020000000010188
2005-03-01,-0.0146416548244161,0.0,0.0060999999999999,0.61,0.0036423627478558,-0.06,2.0,0,0.0,0.0,0.0,-0.0010020000000010188
2005-03-02,0.0168071183163824,0.0,0.0356999999999998,0.6183870967741936,-3.24221290224358e-05,0.0,-3.0,1,0.0,0.0,0.0,-0.0010020000000010188
2005-03-03,0.0164595401876042,0.0,0.0329999999999999,0.626774193548387,-3.242318025087343e-05,0.0,-3.0,1,0.0,0.0,0.0,-0.0010020000000010188
2005-03-04,0.0182844461384483,0.0,-0.0082999999999997,0.6351612903225806,-3.242423154681262e-05,0.01,-5.0,0,0.0,0.0,0.0,-0.0010020000000010188
2005-03-07,0.0087977107035293,3.400000000000625e-05,0.0008999999999996,0.6603225806451613,-9.727900310529948e-05,0.0,-7.0,0,0.0,0.0,0.0,-0.0009680000000010125
2005-03-08,-0.0148439691175088,0.0,0.0310000000000001,0.6687096774193548,-3.242843741624313e-05,0.0,-1.0,1,0.0,0.0,0.0,-0.0009680000000010125
2005-03-09,-0.0176245111243726,0.0,0.0179,0.6770967741935484,-3.242948905501919e-05,-0.01,10.0,0,0.0,0.0,0.0,-0.0009680000000010125
2005-03-10,0.0018570107472122,0.0,0.0205999999999999,0.6854838709677419,-3.2430540759520454e-05,0.01,6.0,0,0.0,0.0,0.0,-0.0009680000000010125
2005-03-11,-0.0173727048544733,0.0,-0.0297999999999998,0.6938709677419355,-3.243159253329964e-05,0.0,7.0,1,0.0,0.0,0.0,-0.0009680000000010125
2005-03-14,0.000854487893342,0.0,0.0501999999999998,0.7190322580645161,-9.730108892824774e-05,0.0,12.0,1,0.0,0.0,0.0,-0.0009680000000010125
2005-03-15,-0.0183530929488053,0.0,0.0098000000000002,0.7274193548387097,-3.24358003140901e-05,0.0,8.0,0,0.0,0.0,0.0,-0.0009680000000010125
2005-03-16,0.0086258768172058,0.0,-0.0051000000000001,0.7358064516129033,-3.243685242715344e-05,0.0,12.0,0,0.0,0.0,0.0,-0.0009680000000010125
2005-03-17,0.0092644591597377,0.0016349999999999,-0.0047999999999999,0.7441935483870967,-3.243790461127105e-05,0.0,-4.0,0,0.0,0.0,0.0,0.0006669999999988874
2005-03-18,-0.0177091141790892,0.0,-0.0359000000000002,0.7525806451612903,-3.243895686289022e-05,0.0,-2.0,1,0.0,0.0,0.0,0.0006669999999988874
2005-03-21,-0.0066177246823055,0.0,0.0125000000000001,0.7777419354838709,-9.732318478228308e-05,0.01,11.0,0,0.0,0.0,0.0,0.0006669999999988874
2005-03-22,-0.0293567140202295,0.0,-0.0228000000000001,0.7861290322580645,-3.244316655326429e-05,0.0,9.0,0,0.0,0.0,0.0,0.0006669999999988874
2005-03-23,-0.0139978830055635,0.0,0.0343,0.794516129032258,-3.244421914594397e-05,0.0,18.0,1,0.0,0.0,0.0,0.0006669999999988874
2005-03-24,0.0171486733091033,0.0,-0.0099999999999997,0.8029032258064516,-3.244527180790158e-05,0.0,11.0,0,0.0,0.0,0.0,0.0006669999999988874
2005-03-28,-0.0168058488128401,3.300000000000525e-05,0.0081999999999999,0.8364516129032258,-0.0001297916152136,0.0,4.0,0,0.0,0.0,0.0,0.0006999999999988927
2005-03-29,-0.0159315448550341,0.0,-0.0354000000000001,0.8448387096774194,-3.2450536139094766e-05,0.0,-6.0,1,0.0,0.0,0.0,0.0006999999999988927
2005-03-30,0.0240109409389805,0.0,-0.0222999999999999,0.853225806451613,-3.24515892113908e-05,0.0,-10.0,0,0.0,0.0,0.0,0.0006999999999988927
2005-03-31,0.0053126479016789,0.0,-0.0146000000000001,0.8616129032258064,-3.245264235118839e-05,0.0,-4.0,0,0.0,0.0,0.0,0.0006999999999988927
2005-04-01,0.0061066032230172,-3.300000000000525e-05,-0.0112,0.87,-3.245369556026389e-05,-0.01,1.0,0,0.0,0.0,0.0,0.0006669999999988874
2005-04-04,-0.0138021408427349,0.0,0.0048000000000003,0.832,0.0001188116565185,0.0,15.0,0,0.0,0.0,0.0,0.0006669999999988874
2005-04-05,-0.0140721170457656,0.0,-0.0343,0.8193333333333334,3.960074877795705e-05,0.0,-11.0,1,0.0,0.0,0.0,0.0006669999999988874
2005-04-06,-0.0132605890310131,0.0,-0.0188000000000001,0.8066666666666666,3.959918062079737e-05,0.0,-15.0,0,0.0,0.0,0.0,0.0006669999999988874
2005-04-07,0.0235766549949119,0.0,-0.0047999999999999,0.794,3.959761258798267e-05,0.0,2.0,0,0.0,0.0,0.0,0.0006669999999988874
2005-04-08,-0.0162094250852398,0.0,-0.0077000000000002,0.7813333333333333,3.9596044677736586e-05,0.0,-4.0,0,0.0,0.0,0.0,0.0006669999999988874
2005-04-11,0.0005793183516278,0.0,-0.0158999999999998,0.7433333333333334,0.0001187787278258,0.0,0.0,0,0.0,0.0,0.0,0.0006669999999988874
2005-04-12,0.0117454234769009,0.0,0.0116,0.7306666666666667,3.958977428375477e-05,0.01,-5.0,0,0.0,0.0,0.0,0.0006669999999988874
2005-04-13,-0.0053566090738659,0.0,-0.0301,0.718,3.9588206997009934e-05,0.0,-9.0,1,0.0,0.0,0.0,0.0006669999999988874
2005-04-14,-0.0423961631277496,0.0,0.0148999999999999,0.7053333333333334,3.9586639832833725e-05,0.0,24.0,0,0.0,0.0,0.0,0.0006669999999988874
2005-04-15,-0.0132153414030184,0.0,0.0224000000000001,0.6926666666666667,3.958507279122614e-05,0.0099999999999999,30.0,0,0.0,0.0,0.0,0.0006669999999988874
2005-04-18,0.0089234032448786,0.0,0.0185999999999997,0.6546666666666667,0.0001187458173781,0.0,-7.0,0,0.0,0.0,0.0,0.0006669999999988874
2005-04-19,0.0273196619231921,0.0,-0.0331999999999998,0.642,3.957880587357465e-05,0.0,-17.0,1,0.0,0.0,0.0,0.0006669999999988874
2005-04-20,-0.0199105890027357,0.0,-0.0180000000000002,0.6293333333333333,3.957723945369196e-05,0.0,2.0,0,0.0,0.0,0.0,0.0006669999999988874
2005-04-22,-0.0118406328278588,0.0008319999999999,-0.0252999999999996,0.604,7.914978014156304e-05,0.0,-14.0,1,0.0,0.0,0.0,0.0014989999999987873
2005-04-25,0.0186009083054479,0.0,-0.0083999999999999,0.5660000000000001,0.0001187129251629,0.0,-2.0,0,0.0,0.0,0.0,0.0014989999999987873
2005-04-26,0.0028889744453586,0.0,0.0046999999999997,0.5533333333333333,3.956784353853493e-05,0.0,-2.0,0,0.0,0.0,0.0,0.0014989999999987873
2005-04-27,-0.0024927308296032,3.300000000000525e-05,-0.016,0.5406666666666666,3.956627798373802e-05,0.0,1.0,0,0.0,0.0,0.0,0.0015319999999987926
2005-04-28,-0.0322881395330441,0.0,0.0022000000000002,0.528,3.95647125568388e-05,0.0,15.0,0,0.0,0.0,0.0,0.0015319999999987926
2005-04-29,0.0163951403936621,0.0,0.0095999999999998,0.5153333333333333,3.9563147250731845e-05,0.0,-5.0,0,0.0,0.0,0.0,0.0015319999999987926
2005-05-02,-0.0056106223993435,0.0,-0.0166999999999997,0.4735483870967741,0.0003290534883788,-0.0499999999999999,-1.0,0,0.0,0.0,0.0,0.0015319999999987926
2005-05-03,0.0004451549010209,3.299999999999137e-05,-0.0139,0.4570967741935484,0.0002498694389529,0.0,-12.0,0,0.0,0.0,0.0,0.001564999999998784
2005-05-04,0.0302075169688329,0.0,-0.0242,0.4406451612903225,0.0002498070198111,0.0,-17.0,1,0.0,0.0,0.0,0.001564999999998784
2005-05-05,-0.0014928307624053,0.0,-0.0078,0.4241935483870968,0.0002497446318496,0.01,3.0,0,0.0,0.0,0.0,0.001564999999998784
2005-05-06,0.005997078238229,0.0,-0.0093,0.4077419354838709,0.0002496822750419,-0.01,-5.0,0,0.0,0.0,0.0,0.001564999999998784
2005-05-09,-0.0048576113068232,3.300000000000525e-05,-0.0055999999999998,0.3583870967741935,0.0007486729954688,0.0,-2.0,0,0.0,0.0,0.0,0.0015979999999987892
2005-05-10,-0.0279543566934385,0.0,0.0111999999999996,0.3419354838709677,0.0002494331588849,0.0,18.0,0,0.0,0.0,0.0,0.0015979999999987892
2005-05-11,-0.0025878466587307,0.0,0.0069000000000003,0.3254838709677419,0.0002493709574995,0.01,3.0,0,0.0,0.0,0.0,0.0015979999999987892
2005-05-12,-0.023845770970464,0.0,-0.0071000000000003,0.3090322580645161,0.0002493087871293,0.0,1.0,0,0.0,0.0,0.0,0.0015979999999987892
2005-05-13,-0.0095826081161103,0.0,0.0066999999999999,0.2925806451612903,0.0002492466477495,0.0,4.0,0,0.0,0.0,0.0,0.0015979999999987892
2005-05-16,0.0203877280868365,0.0,0.0057,0.2432258064516128,0.000747367416535,0.0,0.0,0,0.0,0.0,0.0,0.0015979999999987892
2005-05-17,0.0013936713192013,0.0,0.0007000000000001,0.226774193548387,0.000248998399682,0.0,9.0,0,0.0,0.0,0.0,0.0015979999999987892
2005-05-18,0.0196717016557332,-3.300000000000525e-05,-0.0142999999999999,0.2103225806451612,0.0002489364149127,0.0,-11.0,0,0.0,0.0,0.0,0.001564999999998784
2005-05-19,-0.0027751541127969,0.00083,-0.0177999999999998,0.1938709677419354,0.0002488744609951,0.0,-7.0,0,0.0,0.0,0.0,0.002394999999998784
2005-05-20,-0.0124416510366032,-3.300000000000525e-05,0.0034999999999998,0.1774193548387096,0.0002488125379098,0.0,-3.0,0,0.0,0.0,0.0,0.0023619999999987787
2005-05-23,-0.0125983979550028,0.0,-0.0194,0.1280645161290322,0.0007460663831615,0.0,-2.0,0,0.0,0.0,0.0,0.0023619999999987787
2005-05-24,0.0135358916548238,0.0,0.0013999999999998,0.1116129032258064,0.0002485651534023,0.0,6.0,0,0.0,0.0,0.0,0.0023619999999987787
2005-05-25,-0.002733412549869,0.0,-0.0196999999999998,0.0951612903225805,0.0002485033841193,0.0,-12.0,0,0.0,0.0,0.0,0.0023619999999987787
2005-05-27,0.0312494009598687,0.0,-0.0181999999999997,0.0622580645161289,0.0004968215831393,0.0,-12.0,0,0.0,0.0,0.0,0.0023619999999987787
2005-05-30,0.0066694538743448,0.0,-0.0150000000000001,0.0129032258064515,0.0007447698716518,0.0,0.0,0,0.0,0.0,0.0,0.0023619999999987787
2005-05-31,-0.0085718760723079,3.300000000000525e-05,0.0253999999999998,-0.0035483870967742,0.0002481334121622,0.0,3.0,1,0.0,0.0,0.0,0.002394999999998784
2005-06-01,0.0290113395018565,0.0,0.0247999999999999,-0.02,0.0002480718572446,-0.01,7.0,1,0.0,0.0,0.0,0.002394999999998784
2005-06-02,0.0262807724482794,-3.300000000000525e-05,-0.0083999999999999,-0.011,0.0004016429877111,0.0,-9.0,0,0.0,0.0,0.0,0.0023619999999987787
2005-06-03,-0.0103385443364096,0.0,-0.0173,-0.0019999999999999,0.0004014817353859,0.0,-2.0,0,0.0,0.0,0.0,0.0023619999999987787
2005-06-06,-0.0312031785956818,0.0,0.0546999999999999,0.025,0.0012034789856993,0.0,15.0,1,0.0,0.0,0.0,0.0023619999999987787
2005-06-07,-0.0209568382972324,0.0,0.0056000000000002,0.034,0.0004008380188036,0.0,13.0,0,0.0,0.0,0.0,0.0023619999999987787
2005-06-08,-0.0130310724270419,0.0,-0.0167999999999999,0.043,0.0004006774120597,0.0,-1.0,0,0.0,0.0,0.0,0.0023619999999987787
2005-06-09,-0.0088643690269982,0.0,0.0426999999999999,0.052,0.0004005169339702,0.0,5.0,1,0.0,0.0,0.0,0.0023619999999987787
2005-06-10,0.0188940585658361,0.0,-0.0140000000000002,0.061,0.000400356584377,0.0,-19.0,0,0.0,0.0,0.0,0.0023619999999987787
2005-06-13,-0.0019657800244399,0.0,-0.0188999999999999,0.088,0.0012001089382227,0.0,-6.0,0,0.0,0.0,0.0,0.0023619999999987787
2005-06-14,0.033253468719808,0.0,-0.0186999999999999,0.097,0.0003997164678875,0.0,-5.0,0,0.0,0.0,0.0,0.0023619999999987787
2005-06-15,-0.01026851384837,0.0,0.008,0.106,0.0003995567584702,0.01,1.0,0,0.0,0.0,0.0,0.0023619999999987787
2005-06-16,0.0105403849054859,-3.300000000000525e-05,-0.0293999999999998,0.115,0.0003993971766274,0.0,-6.0,1,0.0,0.0,0.0,0.0023289999999987735
2005-06-17,0.0131936178159417,0.0,-0.0287999999999999,0.124,0.0003992377222061,0.0,-4.0,1,0.0,0.0,0.0,0.0023289999999987735
2005-06-20,-0.0018028735775743,0.0,-0.0018000000000002,0.151,0.0011967577120248,0.0,0.0,0,0.0,0.0,0.0,0.0023289999999987735
2005-06-21,-0.0125175487016164,0.0,-0.0082999999999997,0.16,0.0003986011756946,0.0,2.0,0,0.0,0.0,0.0,0.0023289999999987735
2005-06-22,-0.0017120626750024,0.0,-0.0069000000000003,0.169,0.0003984423561025,0.0,4.0,0,0.0,0.0,0.0,0.0023289999999987735
2005-06-23,-0.0341459877347087,0.0,0.0229000000000003,0.178,0.0003982836630189,0.0,9.0,1,0.0,0.0,0.0,0.0023289999999987735
2005-06-24,0.0040616950054399,0.0,-0.0055,0.187,0.0003981250962947,0.0,0.0,0,0.0,0.0,0.0,0.0023289999999987735
2005-06-27,0.012324907225377,0.0,-0.0047000000000001,0.214,0.0011934251498733,0.0,4.0,0,0.0,0.0,0.0,0.0023289999999987735
2005-06-28,0.001386495755618,0.0,-0.0135999999999998,0.223,0.0003974920899807,0.0,-8.0,0,0.0,0.0,0.0,0.0023289999999987735
2005-06-29,-0.0053585378383917,0.0,-0.0144999999999999,0.232,0.0003973341527956,0.0,-5.0,0,0.0,0.0,0.0,0.0023289999999987735
2005-06-30,-0.0029894196884612,0.0,-0.0045000000000001,0.241,0.0003971763410675,0.0,-1.0,0,0.0,0.0,0.0,0.0023289999999987735
2005-07-01,0.0103253369578339,-3.399999999999237e-05,-0.0045000000000001,0.25,0.0003970186546489,0.13,-7.0,0,0.0,0.0,0.0,0.002294999999998781
2005-07-04,-0.0105648770420199,-3.300000000000525e-05,0.0256000000000002,0.242258064516129,0.0026809115120745,0.0,0.0,1,0.0,0.0,0.0,0.002261999999998776
2005-07-05,-0.0148836214900338,0.0,-0.0047000000000001,0.2396774193548387,0.0008920423712286,0.0,3.0,0,0.0,0.0,0.0,0.002261999999998776
2005-07-06,-0.0064238308395712,0.0,0.0232999999999998,0.2370967741935483,0.0008912473407836,0.0,6.0,1,0.0,0.0,0.0,0.002261999999998776
2005-07-07,-0.0027365385590929,0.0,-0.0011000000000001,0.234516129032258,0.0008904537262157,0.0,-1.0,0,0.0,0.0,0.0,0.002261999999998776
2005-07-08,-0.0011049046609308,0.0,-0.0206999999999997,0.2319354838709677,0.000889661523745,0.0,-6.0,0,0.0,0.0,0.0,0.002261999999998776
2005-07-11,0.0239903088955895,0.0,-0.0181,0.2241935483870967,0.0026642454209753,0.0,3.0,0,0.0,0.0,0.0,0.002261999999998776
2005-07-12,0.0205736011118577,0.0,-0.0148999999999999,0.2216129032258064,0.0008865067597181,0.0,-11.0,0,0.0,0.0,0.0,0.002261999999998776
2005-07-13,0.0124534610712867,0.0,0.0128999999999996,0.2190322580645161,0.0008857215615165,0.0,0.0,0,0.0,0.0,0.0,0.002261999999998776
2005-07-14,0.0024721891453882,0.0,-0.0048999999999996,0.2164516129032258,0.0008849377530175,0.0,-3.0,0,0.0,0.0,0.0,0.002261999999998776
2005-07-15,-0.0272982419503904,3.300000000000525e-05,-0.0006000000000003,0.2138709677419354,0.0008841553305334,0.0,4.0,0,0.0,0.0,0.0,0.002294999999998781
2005-07-18,0.0039174614331809,-3.300000000000525e-05,-0.0122999999999997,0.2061290322580645,0.0026477852618587,0.0,0.0,0,0.0,0.0,0.0,0.002261999999998776
2005-07-19,-0.0019765977339858,0.0,0.0129999999999999,0.2035483870967742,0.0008810394275062,0.0,6.0,0,0.0,0.0,0.0,0.002261999999998776
2005-07-20,0.0170280322745899,0.0,0.0087999999999999,0.2009677419354839,0.0008802638802709,0.0,-1.0,0,0.0,0.0,0.0,0.002261999999998776
2005-07-21,0.0053155497925612,0.0,-0.0116999999999998,0.1983870967741935,0.0008794896972084,0.0,-3.0,0,0.0,0.0,0.0,0.002261999999998776
2005-07-22,-0.0176062947741577,0.0,0.0356,0.1958064516129032,0.0008787168747197,-0.01,12.0,1,0.0,0.0,0.0,0.002261999999998776
2005-07-25,-0.0344571566779219,0.0,0.0525999999999999,0.1880645161290322,0.0026315272413128,0.0,4.0,1,0.0,0.0,0.0,0.002261999999998776
2005-07-26,0.0136442125591411,0.0,0.0368999999999997,0.1854838709677419,0.0008756391190427,0.0,2.0,1,0.0,0.0,0.0,0.002261999999998776
2005-07-27,0.0187234087727716,0.0,-0.0216999999999996,0.1829032258064516,0.0008748730459302,0.0,-6.0,0,0.0,0.0,0.0,0.002261999999998776
2005-07-28,0.0284032632902722,3.300000000000525e-05,-0.0228000000000001,0.1803225806451613,0.0008741083120806,0.01,-6.0,0,0.0,0.0,0.0,0.002294999999998781
2005-07-29,-0.0009978891635977,3.399999999999237e-05,-0.0306000000000001,0.1777419354838709,0.0008733449139821,0.0,-8.0,1,0.0,0.0,0.0,0.0023289999999987735
2005-08-01,0.0097822713581905,0.0,-0.012,0.17,0.0026154676585186,-0.12,-2.0,0,0.0,0.0,0.0,0.0023289999999987735
2005-08-02,0.0184984648341508,3.300000000000525e-05,-0.0254999999999996,0.1758064516129032,-0.0003870241833183,-0.01,-8.0,1,0.0,0.0,0.0,0.0023619999999987787
2005-08-03,-0.0028035829439652,0.0,-0.0379,0.1816129032258064,-0.0003871740290328,0.0,-3.0,1,0.0,0.0,0.0,0.0023619999999987787
2005-08-04,-0.0091757563159031,3.300000000000525e-05,-0.0097,0.1874193548387097,-0.0003873239908234,0.01,-2.0,0,0.0,0.0,0.0,0.002394999999998784
2005-08-05,0.0018117314535182,0.0,-0.0068000000000001,0.1932258064516129,-0.0003874740688303,-0.01,-7.0,0,0.0,0.0,0.0,0.002394999999998784
2005-08-08,0.0072517178898774,0.0,0.0114,0.2106451612903225,-0.0011633238386696,0.0,7.0,0,0.0,0.0,0.0,0.002394999999998784
2005-08-09,0.0214815119256286,0.0,0.0051000000000001,0.2164516129032258,-0.0003880755456791,0.0,-5.0,0,0.0,0.0,0.0,0.002394999999998784
2005-08-10,-0.00639614002365,0.0,-0.0384000000000002,0.222258064516129,-0.0003882262067786,0.0,-5.0,1,0.0,0.0,0.0,0.002394999999998784
2005-08-11,-0.0180097891031412,0.0,0.0402,0.2280645161290322,-0.0003883769849029,0.0,15.0,1,0.0,0.0,0.0,0.002394999999998784
2005-08-12,0.0118693540367544,0.0,0.0588999999999999,0.2338709677419355,-0.0003885278801938,0.01,13.0,1,0.0,0.0,0.0,0.002394999999998784
2005-08-15,0.0156097857186683,0.0,-0.0335999999999998,0.2512903225806451,-0.0011664901859891,0.0,-9.0,1,0.0,0.0,0.0,0.002394999999998784
2005-08-16,-0.0108347400925907,3.299999999999137e-05,0.0019999999999997,0.2570967741935483,-0.0003891326357123,0.0,6.0,0,0.0,0.0,0.0,0.0024279999999987753
2005-08-17,0.0123313365282324,-6.599999999999662e-05,0.0050000000000003,0.2629032258064516,-0.0003892841188708,0.0,-2.0,0,0.0,0.0,0.0,0.0023619999999987787
2005-08-18,-0.0190004979645141,-3.300000000000525e-05,0.0144999999999999,0.2687096774193548,-0.0003894357200113,0.0,6.0,0,0.0,0.0,0.0,0.0023289999999987735
2005-08-19,-0.0095623020568602,0.0,0.0678999999999998,0.2745161290322581,-0.0003895874392796,0.0,13.0,1,0.0,0.0,0.0,0.0023289999999987735
2005-08-22,0.0228931248303876,0.0,-0.0287999999999999,0.2919354838709677,-0.0011696738167508,0.0,-9.0,1,0.0,0.0,0.0,0.0023289999999987735
2005-08-23,-0.0182126077951956,0.0,0.0068999999999999,0.2977419354838709,-0.0003901955003513,0.0,6.0,0,0.0,0.0,0.0,0.0023289999999987735
2005-08-24,-0.0021315989447714,0.0,0.0138000000000002,0.3035483870967742,-0.0003903478123117,-0.01,4.0,0,0.0,0.0,0.0,0.0023289999999987735
2005-08-25,0.0255031007895638,0.0,-0.0032,0.3093548387096774,-0.0003905002432293,0.0,-6.0,0,0.0,0.0,0.0,0.0023289999999987735
2005-08-26,-0.0112667944128403,0.0,-0.0074,0.3151612903225806,-0.0003906527932429,0.0,2.0,0,0.0,0.0,0.0,0.0023289999999987735
2005-08-29,0.010646209217608,-3.399999999999237e-05,-0.0133999999999998,0.3325806451612902,-0.0011728748728501,0.0,-4.0,0,0.0,0.0,0.0,0.002294999999998781
2005-08-30,0.0079652715226714,0.0,-0.0134000000000003,0.3383870967741935,-0.0003912641870407,0.0,4.0,0,0.0,0.0,0.0,0.002294999999998781
2005-08-31,0.0158496732019433,0.0,-0.0223999999999997,0.3441935483870967,-0.0003914173346277,0.0,-3.0,0,0.0,0.0,0.0,0.002294999999998781
2005-09-01,-0.0029639173946662,3.399999999999237e-05,-0.0014000000000002,0.35,-0.0003915706021526,-0.0399999999999999,-1.0,0,0.0,0.0,0.0,0.0023289999999987735
2005-09-02,0.0126865119019843,-3.399999999999237e-05,-0.0193999999999996,0.3633333333333333,0.0015302532912215,0.0,-5.0,0,0.0,0.0,0.0,0.002294999999998781
2005-09-05,0.007142761846957,0.0,-0.0134000000000003,0.4033333333333333,0.0045767597905381,-0.01,0.0,0,0.0,0.0,0.0,0.002294999999998781
2005-09-06,0.0116075688483547,3.399999999999237e-05,-0.0032999999999998,0.4166666666666666,0.0015209435737766,0.0,-7.0,0,0.0,0.0,0.0,0.0023289999999987735
2005-09-08,-0.0009361511007348,0.0,-0.0064000000000001,0.4433333333333333,0.0030349648819001,0.0,-10.0,0,0.0,0.0,0.0,0.0023289999999987735
2005-09-09,0.0165133792355227,0.0,-0.0022999999999999,0.4566666666666666,0.0015140352857354,0.0,-4.0,0,0.0,0.0,0.0,0.0023289999999987735
2005-09-12,-0.0076035575421986,0.0,0.0022000000000002,0.4966666666666666,0.0045284004379233,0.0,-2.0,0,0.0,0.0,0.0,0.0023289999999987735
2005-09-13,-0.007350056381691,0.0,0.0072,0.51,0.0015049212683955,0.0,5.0,0,0.0,0.0,0.0,0.0023289999999987735
2005-09-14,0.0061115809240934,0.0,0.0030999999999998,0.5233333333333333,0.0015026598831511,0.0,-5.0,0,0.0,0.0,0.0,0.0023289999999987735
2005-09-15,0.0108190592428254,-0.0008299999999999,-0.0287999999999999,0.5366666666666666,0.0015004052838989,0.0,-12.0,1,0.0,0.0,0.0,0.0014989999999988734
2005-09-16,0.0152076196362109,3.300000000000525e-05,-0.0075000000000002,0.55,0.0014981574401407,0.0,-4.0,0,0.0,0.0,0.0,0.0015319999999988787
2005-09-19,0.008682349338823,3.299999999999137e-05,-0.0031999999999996,0.59,0.0044810523591038,0.0,-4.0,0,0.0,0.0,0.0,0.00156499999999887
2005-09-20,-0.0005653945440382,0.0,0.0042999999999997,0.6033333333333333,0.001489233016386,0.0,3.0,0,0.0,0.0,0.0,0.00156499999999887
2005-09-21,0.025553150727152,-3.299999999999137e-05,-0.0120999999999997,0.6166666666666667,0.0014870184989312,0.0,-3.0,0,0.0,0.0,0.0,0.0015319999999988787
2005-09-22,-0.0051694823729775,3.299999999999137e-05,-0.0075000000000002,0.63,0.0014848105577591,0.0,0.0,0,0.0,0.0,0.0,0.00156499999999887
2005-09-23,0.0198806005539484,-3.299999999999137e-05,-0.0069999999999996,0.6433333333333333,0.0014826091636166,0.0,-5.0,0,0.0,0.0,0.0,0.0015319999999988787
2005-09-26,-0.0049011069517312,0.0,-0.0099,0.6833333333333333,0.0044346841611666,0.0,-6.0,0,0.0,0.0,0.0,0.0015319999999988787
2005-09-27,-0.008578483979992,0.0,-0.0050000000000003,0.6966666666666667,0.0014738684783779,0.0,3.0,0,0.0,0.0,0.0,0.0015319999999988787
2005-09-28,0.0142142861461298,6.599999999999662e-05,-0.0099999999999997,0.71,0.0014716993866485,-0.01,0.0,0,0.0,0.0,0.0,0.0015979999999988753
2005-09-29,-0.0034545663374032,0.0,-0.0188999999999999,0.7233333333333334,0.0014695366700419,0.0,-8.0,0,0.0,0.0,0.0,0.0015979999999988753
2005-09-30,0.0119441484942033,3.400000000000625e-05,-0.0022000000000002,0.7366666666666667,0.0014673803004967,0.0,-3.0,0,0.0,0.0,0.0,0.0016319999999988815
2005-10-03,0.0085750840707685,-0.000167,0.0117000000000002,0.7370967741935484,0.0026253226448886,0.0399999999999999,-4.0,0,0.0,0.0,0.0,0.0014649999999988815
2005-10-04,-0.0181189625824753,-6.60000000000105e-05,0.0084999999999997,0.7306451612903226,0.0005795419070118,0.0,12.0,0,0.0,0.0,0.0,0.001398999999998871
2005-10-05,-0.0364576243989649,-3.299999999999137e-05,0.0261,0.7241935483870968,0.0005792062327181,0.0,12.0,1,0.0,0.0,0.0,0.0013659999999988796
2005-10-06,-0.0315562207643527,0.0,0.0201000000000002,0.717741935483871,0.0005788709470486,0.0,19.0,0,0.0,0.0,0.0,0.0013659999999988796
2005-10-07,0.0252040368429433,0.0,-0.0256000000000002,0.7112903225806452,0.0005785360493284,0.0,-10.0,1,0.0,0.0,0.0,0.0013659999999988796
2005-10-10,0.0100913719447497,0.0,-0.0245999999999999,0.6919354838709677,0.0017336026310754,0.0,0.0,1,0.0,0.0,0.0,0.0013659999999988796
2005-10-11,0.0110690723057746,0.0,-0.0032999999999998,0.685483870967742,0.0005772003245088,0.0,-1.0,0,0.0,0.0,0.0,0.0013659999999988796
2005-10-13,-0.0242680604048981,0.0,0.0276,0.6725806451612903,0.0011534021288497,0.0,18.0,1,0.0,0.0,0.0,0.0013659999999988796
2005-10-14,-0.0036881852369319,0.0,-0.0116,0.6661290322580645,0.0005762025715476,0.0,-3.0,0,0.0,0.0,0.0,0.0013659999999988796
2005-10-17,0.0157305116627917,0.0,-0.0159000000000002,0.6467741935483872,0.0017266183324711,0.0,-12.0,0,0.0,0.0,0.0,0.0013659999999988796
2005-10-18,-0.0395937739360867,0.0,0.0053,0.6403225806451613,0.0005748775877343,0.0,-3.0,0,0.0,0.0,0.0,0.0013659999999988796
2005-10-19,0.0078472089480143,0.0,0.0129999999999999,0.6338709677419355,0.0005745472933611,0.0,-1.0,0,0.0,0.0,0.0,0.0013659999999988796
2005-10-20,-0.0330697541392339,-0.001666,-0.0091999999999998,0.6274193548387097,0.0005742173783129,0.0,5.0,0,0.0,0.0,0.0,-0.00030000000000112033
2005-10-21,0.0289310859432081,0.0,0.0102999999999999,0.6209677419354839,0.0005738878419325,0.0,6.0,0,0.0,0.0,0.0,-0.00030000000000112033
2005-10-24,0.0223357474676664,0.0,0.0077000000000002,0.6016129032258065,0.0017196900844282,0.0,-7.0,0,0.0,0.0,0.0,-0.00030000000000112033
2005-10-25,-0.0113597365367343,0.0,-0.0005000000000001,0.5951612903225807,0.0005725734700838,0.0,-10.0,0,0.0,0.0,0.0,-0.00030000000000112033
2005-10-26,0.0078341725726964,0.0,0.0127999999999999,0.5887096774193549,0.0005722458173007,0.0,-4.0,0,0.0,0.0,0.0,-0.00030000000000112033
2005-10-27,-0.0202850847296804,0.0,0.0104999999999999,0.582258064516129,0.0005719185393004,0.0,9.0,0,0.0,0.0,0.0,-0.00030000000000112033
2005-10-28,0.0063301095875125,0.0,-0.0059999999999997,0.5758064516129033,0.0005715916354382,0.0,-9.0,0,0.0,0.0,0.0,-0.00030000000000112033
2005-10-31,0.0294415672777059,0.0,-0.0247999999999999,0.5564516129032259,0.001712817214921,0.0,-5.0,1,0.0,0.0,0.0,-0.00030000000000112033
2005-11-01,0.0231129547581545,0.0,-0.0027000000000003,0.55,0.0005702877485749,0.03,-3.0,0,0.0,0.0,0.0,-0.00030000000000112033
2005-11-03,0.006451635281488,0.0,-0.0179999999999997,0.5373333333333333,-0.0011309734203219,0.0,1.0,0,0.0,0.0,0.0,-0.00030000000000112033
2005-11-04,-0.0068400602232525,3.299999999999137e-05,-0.0104999999999999,0.531,-0.0005659667349284,-0.01,1.0,0,0.0,0.0,0.0,-0.00026700000000112896
2005-11-07,0.0020698584362772,3.400000000000625e-05,-0.0218000000000002,0.512,-0.0016998246566597,0.0,-3.0,0,0.0,0.0,0.0,-0.00023300000000112272
2005-11-08,0.0006136653778483,6.699999999999762e-05,0.0019,0.5056666666666667,-0.0005672509155569,0.0,1.0,0,0.0,0.0,0.0,-0.0001660000000011251
2005-11-09,-0.0098967337618631,6.599999999999662e-05,-0.0314999999999998,0.4993333333333333,-0.0005675728717982,0.0,-8.0,1,0.0,0.0,0.0,-0.00010000000000112848
2005-11-10,0.0019221064379006,3.400000000000625e-05,0.004,0.493,-0.0005678951937113,0.01,3.0,0,0.0,0.0,0.0,-6.600000000112224e-05
2005-11-11,-0.0069893811216754,3.300000000000525e-05,-0.0123999999999999,0.4866666666666667,-0.0005682178819235,0.0,0.0,0,0.0,0.0,0.0,-3.300000000111699e-05
2005-11-14,-0.0096164087017687,0.0,0.0356999999999998,0.4676666666666667,-0.0017065934474125,0.0,6.0,1,0.0,0.0,0.0,-3.300000000111699e-05
2005-11-16,0.0086654798350043,-3.300000000000525e-05,-0.0015999999999998,0.455,-0.0011393491496516,0.0,-1.0,0,0.0,0.0,0.0,-6.600000000112224e-05
2005-11-17,0.0196533799016194,-3.400000000000625e-05,-0.0108000000000001,0.4486666666666666,-0.0005701617385494,-0.01,-5.0,0,0.0,0.0,0.0,-0.00010000000000112848
2005-11-18,0.0004824004338672,-3.299999999999137e-05,0.0321000000000002,0.4423333333333333,-0.0005704870084226,0.0,0.0,1,0.0,0.0,0.0,-0.00013300000000111985
2005-11-21,0.0002571851104011,-6.699999999999762e-05,-0.0005999999999999,0.4233333333333333,-0.0017134163610545,0.0,-2.0,0,0.0,0.0,0.0,-0.00020000000000111747
2005-11-22,0.0121089675860996,0.0,0.0329999999999999,0.417,-0.0005717918076495,0.0,2.0,1,0.0,0.0,0.0,-0.00020000000000111747
2005-11-23,0.0143147859918979,-6.70000000000115e-05,-0.0131000000000001,0.4106666666666667,-0.0005721189405818,0.01,-8.0,0,0.0,0.0,0.0,-0.00026700000000112896
2005-11-24,6.260956676307217e-05,-0.0016719999999999,-0.0009999999999998,0.4043333333333333,-0.0005724464480465,0.0,0.0,0,0.0,0.0,0.0,-0.0019390000000010289
2005-11-25,-0.0007829014726983,3.300000000000525e-05,-0.0041000000000002,0.398,-0.0005727743306849,0.0,0.0,0,0.0,0.0,0.0,-0.0019060000000010236
2005-11-28,-0.0177633546433497,6.699999999999762e-05,-0.0234999999999998,0.379,-0.0017202940493419,0.0,5.0,1,0.0,0.0,0.0,-0.001839000000001026
2005-11-29,0.0093319198086874,3.399999999999237e-05,-0.0114,0.3726666666666667,-0.0005740896259265,0.0,-2.0,0,0.0,0.0,0.0,-0.0018050000000010336
2005-11-30,0.0083374454553926,0.0001,0.0089999999999998,0.3663333333333333,-0.0005744193941517,0.0,-4.0,0,0.0,0.0,0.0,-0.0017050000000010336
2005-12-01,0.0216948416434821,-3.300000000000525e-05,0.0106999999999999,0.36,-0.0005747495414425,0.0299999999999999,-10.0,0,0.0,0.0,0.0,-0.0017380000000010388
2005-12-02,0.0065700247024835,-6.699999999999762e-05,-0.0115999999999996,0.3674193548387097,-0.0019032850035536,0.0,-4.0,0,0.0,0.0,0.0,-0.0018050000000010365
2005-12-05,-0.0039979910729321,-3.399999999999237e-05,-0.0093,0.3896774193548387,-0.0057316869799421,0.01,-3.0,0,0.0,0.0,0.0,-0.0018390000000010288
2005-12-06,0.0158367486762909,-3.300000000000525e-05,-0.0161000000000002,0.3970967741935484,-0.0019178861437385,0.0,-7.0,0,0.0,0.0,0.0,-0.001872000000001034
2005-12-07,-0.0141257274516242,0.0,-0.0006999999999997,0.404516129032258,-0.0019215715002243,-0.01,1.0,0,0.0,0.0,0.0,-0.001872000000001034
2005-12-08,-0.0084921644065616,0.0,0.0326999999999997,0.4119354838709677,-0.0019252710473391,0.0,7.0,1,0.0,0.0,0.0,-0.001872000000001034
2005-12-09,0.0135166120114149,0.0,0.0319000000000002,0.4193548387096774,-0.0019289848672059,0.0,-7.0,1,0.0,0.0,0.0,-0.001872000000001034
2005-12-12,0.0014872599223618,0.0,0.0187999999999997,0.4416129032258064,-0.0058093814934849,0.0,-1.0,0,0.0,0.0,0.0,-0.001872000000001034
2005-12-13,0.013526135939994,0.0,-0.0068999999999999,0.4490322580645161,-0.0019439845389221,0.0,-5.0,0,0.0,0.0,0.0,-0.001872000000001034
2005-12-14,0.0062342667874872,0.0,0.0213999999999998,0.4564516129032258,-0.0019477709767823,0.0,0.0,0,0.0,0.0,0.0,-0.001872000000001034
2005-12-15,-0.0130497796363755,-0.001612,0.0178000000000002,0.4638709677419355,-0.0019515721936631,0.0,2.0,0,0.0,0.0,0.0,-0.003484000000001034
2005-12-16,0.0029781175654886,0.000101,0.0398999999999998,0.4712903225806451,-0.001955388276265,0.0,4.0,1,0.0,0.0,0.0,-0.003383000000001034
2005-12-19,-0.0086580627431143,3.300000000000525e-05,0.0379,0.4935483870967742,-0.0058892112963562,0.0,0.0,1,0.0,0.0,0.0,-0.003350000000001029
2005-12-20,0.0018767410763356,0.0,-0.0238,0.5009677419354839,-0.0019708030217095,0.0,-3.0,1,0.0,0.0,0.0,-0.003350000000001029
2005-12-21,0.0135169665848717,0.0,-0.0328999999999997,0.5083870967741935,-0.0019746947573668,0.0,-8.0,1,0.0,0.0,0.0,-0.003350000000001029
2005-12-22,-0.0001193495451214,0.0,0.0085999999999999,0.5158064516129032,-0.0019786018934233,0.0,-3.0,0,0.0,0.0,0.0,-0.003350000000001029
2005-12-23,-0.0054455283869536,0.0,0.0072999999999998,0.5232258064516129,-0.0019825245214786,-0.0099999999999999,3.0,0,0.0,0.0,0.0,-0.003350000000001029
2005-12-26,-0.0009905597472066,0.0,-0.0001999999999999,0.5454838709677419,-0.0059712656419836,0.0,0.0,0,0.0,0.0,0.0,-0.003350000000001029
2005-12-27,0.0021899242278795,0.0,0.0200999999999997,0.5529032258064516,-0.0019983718111866,0.0,-2.0,0,0.0,0.0,0.0,-0.003350000000001029
2005-12-28,-0.007006599203434,0.0,-0.0042999999999997,0.5603225806451613,-0.0020023732988754,0.0,3.0,0,0.0,0.0,0.0,-0.003350000000001029
2005-12-29,0.0095504825391721,3.399999999999237e-05,-0.0076,0.567741935483871,-0.0020063908436736,0.0,-1.0,0,0.0,0.0,0.0,-0.0033160000000010364
2006-01-02,0.0015232295405223,-0.0002349999999999,-0.0036999999999998,0.5841935483870967,-0.006881577467805,-0.01,5.0,0,0.0,0.0,0.0,-0.0035510000000009362
2006-01-03,0.0303926520124129,0.0,0.0089999999999998,0.5783870967741935,-0.0008388407035742,0.0,-9.0,0,0.0,0.0,0.0,-0.0035510000000009362
2006-01-04,0.0132581784747518,-3.399999999999237e-05,-0.0394000000000001,0.5725806451612903,-0.0008395449480911,0.0,-8.0,1,0.0,0.0,0.0,-0.0035850000000009286
2006-01-05,-0.0018873865307043,-3.400000000000625e-05,-0.0240999999999997,0.5667741935483871,-0.0008402503760898,0.0,2.0,1,0.0,0.0,0.0,-0.003619000000000935
2006-01-06,0.0153104068628451,-3.300000000000525e-05,0.0044999999999997,0.5609677419354838,-0.000840956990558,0.01,-11.0,0,0.0,0.0,0.0,-0.00365200000000094
2006-01-09,-0.0038976494013489,0.0,-0.0238,0.5435483870967741,-0.0025271225681837,0.0,-2.0,1,0.0,0.0,0.0,-0.00365200000000094
2006-01-10,-0.0081834912416365,0.0,0.0005999999999999,0.537741935483871,-0.0008437953731981,-0.01,2.0,0,0.0,0.0,0.0,-0.00365200000000094
2006-01-11,0.0254376330398535,0.0,0.0041000000000002,0.5319354838709677,-0.0008445079651533,0.0,-6.0,0,0.0,0.0,0.0,-0.00365200000000094
2006-01-12,-0.0048235863275927,0.0,0.0049999999999998,0.5261290322580645,-0.0008452217617076,0.0,10.0,0,0.0,0.0,0.0,-0.00365200000000094
2006-01-13,0.0032925974274551,0.0,0.0018000000000002,0.5203225806451612,-0.000845936765911,0.0,0.0,0,0.0,0.0,0.0,-0.00365200000000094
2006-01-16,0.0175896073116561,0.0,0.0014999999999996,0.5029032258064516,-0.0025421124455835,0.0,0.0,0,0.0,0.0,0.0,-0.00365200000000094
2006-01-17,-0.0114242911817594,0.0,0.0162000000000004,0.4970967741935483,-0.0008488089207787,0.0,3.0,0,0.0,0.0,0.0,-0.00365200000000094
2006-01-18,-0.0087314942138299,0.0,0.0351999999999996,0.4912903225806451,-0.0008495300094715,0.01,-1.0,1,0.0,0.0,0.0,-0.00365200000000094
2006-01-19,0.0289851429509422,-0.0025329999999999,-0.0051000000000001,0.4854838709677419,-0.0008502523243798,0.0,-9.0,0,0.0,0.0,0.0,-0.00618500000000084
2006-01-20,-0.0044321854128188,0.0,-0.0468999999999999,0.4796774193548386,-0.0008509758686336,0.0,-3.0,1,0.0,0.0,0.0,-0.00618500000000084
2006-01-23,-0.0017183306422321,0.0,-0.0146999999999999,0.462258064516129,-0.0025572812120593,0.0,-1.0,0,0.0,0.0,0.0,-0.00618500000000084
2006-01-24,0.0207485290656919,0.0,-0.0168999999999996,0.4564516129032258,-0.0008538824020849,0.0,-5.0,0,0.0,0.0,0.0,-0.00618500000000084
2006-01-26,0.0162838085081595,6.699999999999762e-05,-0.0058000000000002,0.4448387096774193,-0.0017099552674579,0.0,-8.0,0,0.0,0.0,0.0,-0.006118000000000842
2006-01-27,-0.005063569023564,3.400000000000625e-05,-0.0230000000000001,0.4390322580645161,-0.0008560753652879,0.0,-5.0,1,0.0,0.0,0.0,-0.006084000000000836
2006-01-30,0.0110434441656863,0.0,-0.0036,0.4216129032258064,-0.002572632089123,0.0,1.0,0,0.0,0.0,0.0,-0.006084000000000836
2006-01-31,0.0036802651653147,0.0,0.0044000000000004,0.4158064516129032,-0.0008590168982873,0.0,5.0,0,0.0,0.0,0.0,-0.006084000000000836
2006-02-01,0.0026539017501985,0.0,0.0056999999999995,0.41,-0.0008597554427858,-0.02,-4.0,0,0.0,0.0,0.0,-0.006084000000000836
2006-02-02,-0.0311679954802617,3.399999999999237e-05,-0.0006999999999997,0.4107142857142857,0.0037433898562238,0.0,2.0,0,0.0,0.0,0.0,-0.006050000000000844
2006-02-03,-0.0011265189078581,6.799999999999862e-05,-0.0007999999999999,0.4114285714285714,0.0037294291327985,0.0,-2.0,0,0.0,0.0,0.0,-0.005982000000000845
2006-02-06,0.0015821303060246,3.400000000000625e-05,-0.0325000000000001,0.4135714285714285,0.0111055547580711,0.0,-3.0,1,0.0,0.0,0.0,-0.005948000000000839
2006-02-07,-0.0205467212192917,3.399999999999237e-05,-0.0011000000000001,0.4142857142857142,0.0036746122463444,0.0,2.0,0,0.0,0.0,0.0,-0.0059140000000008465
2006-02-08,-0.0017245867320347,3.300000000000525e-05,0.0090000000000003,0.415,0.0036611588919601,0.0,-3.0,0,0.0,0.0,0.0,-0.005881000000000841
2006-02-09,0.0104387642000673,0.0,-0.0178000000000002,0.4157142857142857,0.003647803688187,0.0,-2.0,0,0.0,0.0,0.0,-0.005881000000000841
2006-02-10,0.0025183814439362,0.0,-0.0202999999999997,0.4164285714285714,0.0036345455648234,0.0,-26.0,0,0.0,0.0,0.0,-0.005881000000000841
2006-02-13,-0.0235614068031733,0.0,0.0045999999999999,0.4185714285714285,0.0108250430289356,0.01,1.0,0,0.0,0.0,0.0,-0.005881000000000841
2006-02-14,0.0141050715611381,0.0,-0.0186000000000001,0.4192857142857142,0.0035824630081613,0.0,-3.0,0,0.0,0.0,0.0,-0.005881000000000841
2006-02-15,0.0165709258470929,0.0,-0.0059999999999997,0.42,0.0035696747667302,0.0,3.0,0,0.0,0.0,0.0,-0.005881000000000841
2006-02-16,0.0269438115140481,0.0,-0.0198,0.4207142857142857,0.003556977500466,-0.01,-2.0,0,0.0,0.0,0.0,-0.005881000000000841
2006-02-17,0.0043298014902823,0.0,0.0008999999999996,0.4214285714285714,0.0035443702420163,0.0,0.0,0,0.0,0.0,0.0,-0.005881000000000841
2006-02-20,0.0030405033753559,0.0,-0.0003999999999999,0.4235714285714285,0.0105583530285322,0.0,0.0,0,0.0,0.0,0.0,-0.005881000000000841
2006-02-21,-0.0097256486568841,0.0,0.0115000000000002,0.4242857142857142,0.0034948224126303,0.0,1.0,0,0.0,0.0,0.0,-0.005881000000000841
2006-02-22,0.0020939127160595,0.0,0.0186999999999999,0.425,0.0034826511529786,0.0,2.0,0,0.0,0.0,0.0,-0.005881000000000841
2006-02-23,0.0041486798098624,0.0,-0.0131000000000001,0.4257142857142857,0.0034705643757799,0.0,-8.0,0,0.0,0.0,0.0,-0.005881000000000841
2006-02-24,0.0053236508255007,0.0,0.0001999999999999,0.4264285714285714,0.0034585612044661,0.0,-2.0,0,0.0,0.0,0.0,-0.005881000000000841
2006-03-01,0.014604054485062,0.0,-0.0173999999999998,0.43,0.0171156248044024,-0.0499999999999999,-6.0,0,0.0,0.0,0.0,-0.005881000000000841
2006-03-02,-0.0013281571220868,0.0,-0.0047000000000001,0.4229032258064516,-0.0011533494523909,0.0,1.0,0,0.0,0.0,0.0,-0.005881000000000841
2006-03-03,0.0029094270580412,0.0,0.0020999999999999,0.4158064516129032,-0.0011546812034719,0.0,1.0,0,0.0,0.0,0.0,-0.005881000000000841
2006-03-06,-0.0228378098458374,0.0,0.0106000000000001,0.3945161290322581,-0.0034720649609276,0.0,5.0,0,0.0,0.0,0.0,-0.005881000000000841
2006-03-07,-0.0245733361873732,0.0,0.0421,0.3874193548387096,-0.0011600391054713,0.0,12.0,1,0.0,0.0,0.0,-0.005881000000000841
2006-03-08,-0.0035871116737755,0.0,0.0095999999999998,0.3803225806451613,-0.0011613863592163,0.0,2.0,0,0.0,0.0,0.0,-0.005881000000000841
2006-03-09,-0.0265501118360109,-0.002547,-0.0162999999999997,0.3732258064516129,-0.0011627367459645,0.0,-1.0,0,0.0,0.0,0.0,-0.008428000000000841
2006-03-10,0.0158193537042556,0.0,-0.0168000000000003,0.3661290322580645,-0.0011640902766583,0.0,-6.0,0,0.0,0.0,0.0,-0.008428000000000841
2006-03-13,-0.002660009168462,0.0,-0.0097999999999998,0.3448387096774193,-0.003500423618771,0.0,-1.0,0,0.0,0.0,0.0,-0.008428000000000841
2006-03-14,0.0201260593661434,0.0,-0.008,0.3377419354838709,-0.0011695360594945,0.0,3.0,0,0.0,0.0,0.0,-0.008428000000000841
2006-03-15,0.0185530161670985,0.0,-0.0053999999999998,0.3306451612903225,-0.0011709054758295,0.0,-7.0,0,0.0,0.0,0.0,-0.008428000000000841
2006-03-16,-0.0022774580857429,0.0,-0.0148000000000001,0.3235483870967742,-0.0011722781028336,0.0,-1.0,0,0.0,0.0,0.0,-0.008428000000000841
2006-03-17,-0.002834424384055,0.0,0.0120999999999997,0.3164516129032257,-0.0011736539518203,0.0,1.0,0,0.0,0.0,0.0,-0.008428000000000841
2006-03-20,0.0040654194190885,0.0,0.0198,0.2951612903225806,-0.0035292493398557,0.0,3.0,0,0.0,0.0,0.0,-0.008428000000000841
2006-03-21,-0.0213229951177229,0.0,0.0205000000000001,0.2880645161290323,-0.0011791897955113,0.0,3.0,0,0.0,0.0,0.0,-0.008428000000000841
2006-03-22,0.0120401725589456,0.0,-0.0038,0.2809677419354838,-0.0011805819258352,0.0,-2.0,0,0.0,0.0,0.0,-0.008428000000000841
2006-03-23,-0.0100100404373932,0.0,-0.0047000000000001,0.2738709677419355,-0.0011819773470893,0.0,1.0,0,0.0,0.0,0.0,-0.008428000000000841
2006-03-24,0.0027448019257914,0.0,0.0121999999999999,0.266774193548387,-0.0011833760709603,0.0,4.0,0,0.0,0.0,0.0,-0.008428000000000841
2006-03-27,0.0017017207435596,0.0,0.0176000000000002,0.2454838709677419,-0.0035585537586992,0.0,2.0,0,0.0,0.0,0.0,-0.008428000000000841
2006-03-28,-0.0258077103168314,0.0,0.0434000000000001,0.2383870967741935,-0.0011890042282285,0.0,1.0,1,0.0,0.0,0.0,-0.008428000000000841
2006-03-29,0.0218414053553992,0.0,-0.0010000000000003,0.2312903225806451,-0.0011904196423841,0.0,-2.0,0,0.0,0.0,0.0,-0.008428000000000841
2006-03-30,0.0075728749425127,0.0,-0.0276,0.2241935483870967,-0.0011918384304294,0.0,-1.0,1,0.0,0.0,0.0,-0.008428000000000841
2006-03-31,0.0046217515485089,0.0,-0.0227999999999997,0.2170967741935483,-0.0011932606044435,0.0,1.0,0,0.0,0.0,0.0,-0.008428000000000841
2006-04-03,0.0199565766925928,-0.000306,-0.0182000000000002,0.2026666666666666,0.0023854876407813,0.0,1.0,0,0.0,0.0,0.0,-0.008734000000000842
2006-04-04,0.0021930116246569,0.0,-0.0248999999999997,0.1989999999999999,0.0017852917361462,0.0,-1.0,1,0.0,0.0,0.0,-0.008734000000000842
2006-04-05,0.0064479062261941,0.0,0.0050999999999996,0.1953333333333333,0.0017821101487811,0.0,4.0,0,0.0,0.0,0.0,-0.008734000000000842
2006-04-06,0.0059230687090803,0.0,-0.0044999999999997,0.1916666666666666,0.0017789398811274,0.0,0.0,0,0.0,0.0,0.0,-0.008734000000000842
2006-04-07,-0.0091803588074022,0.0,0.0109999999999996,0.188,0.0017757808728813,0.0,5.0,0,0.0,0.0,0.0,-0.008734000000000842
2006-04-10,-0.0116537280954407,0.0,0.0113000000000003,0.177,0.0053085002676276,0.0,1.0,0,0.0,0.0,0.0,-0.008734000000000842
2006-04-11,-0.0150311827603708,0.0,-0.0102000000000002,0.1733333333333333,0.0017632562427731,-0.01,2.0,0,0.0,0.0,0.0,-0.008734000000000842
2006-04-12,0.0137828405525368,0.0,-0.0083999999999999,0.1696666666666666,0.0017601526418378,0.0,-6.0,0,0.0,0.0,0.0,-0.008734000000000842
2006-04-13,-0.0090186079647196,0.0,0.0089999999999998,0.1659999999999999,0.0017570599473302,0.0,-3.0,0,0.0,0.0,0.0,-0.008734000000000842
2006-04-17,0.0099290113362666,0.0,-0.0082999999999997,0.1513333333333333,0.006997528972704,0.01,3.0,0,0.0,0.0,0.0,-0.008734000000000842
2006-04-18,0.0284510565723206,0.0,-0.0051000000000001,0.1476666666666666,0.0017417580766565,0.0,-7.0,0,0.0,0.0,0.0,-0.008734000000000842
2006-04-19,0.009206454160223,-3.500000000000031e-05,-0.0148999999999999,0.144,0.0017387296295172,0.0,-8.0,0,0.0,0.0,0.0,-0.008769000000000842
2006-04-20,-0.0040896773973493,-0.0025649999999999,0.0093,0.1403333333333333,0.0017357116954048,0.0,2.0,0,0.0,0.0,0.0,-0.011334000000000743
2006-04-24,-0.0006035762072418,-3.500000000000031e-05,-0.0054000000000002,0.1256666666666666,0.0069128757962886,0.0,3.0,0,0.0,0.0,0.0,-0.011369000000000743
2006-04-25,-0.0003270892857099,0.0,0.0051000000000001,0.122,0.0017207778207453,0.0,-3.0,0,0.0,0.0,0.0,-0.011369000000000743
2006-04-26,0.0167693703594835,0.0,-0.0009000000000001,0.1183333333333333,0.0017178218303097,0.0,-2.0,0,0.0,0.0,0.0,-0.011369000000000743
2006-04-27,-0.0164422810737736,3.500000000000031e-05,-0.0087999999999999,0.1146666666666666,0.0017148759781964,0.0,-4.0,0,0.0,0.0,0.0,-0.011334000000000743
2006-04-28,0.015278525727199,3.399999999999931e-05,-0.0243999999999999,0.111,0.0017119402123313,0.0,-4.0,1,0.0,0.0,0.0,-0.011300000000000743
2006-05-02,0.0160730911698578,0.0,-0.0173999999999998,0.09,0.0044571212233943,-0.03,-4.0,0,0.0,0.0,0.0,-0.011300000000000743
2006-05-03,-0.0023676738302391,3.399999999999931e-05,-0.0011999999999998,0.08,-0.0006616223620774,0.0,1.0,0,0.0,0.0,0.0,-0.011266000000000744
2006-05-04,0.0013675883737445,0.0,-0.0039000000000002,0.07,-0.000662060396058,0.0,0.0,0,0.0,0.0,0.0,-0.011266000000000744
2006-05-05,0.0107048951088088,0.0002059999999999,-0.008,0.06,-0.0006624990104295,0.0,1.0,0,0.0,0.0,0.0,-0.011060000000000843
2006-05-08,0.0023633831480154,0.0,0.0064000000000001,0.03,-0.001990134538806,0.0,1.0,0,0.0,0.0,0.0,-0.011060000000000843
2006-05-09,0.0111146855276906,0.0,-0.0009000000000001,0.02,-0.0006642592949965,0.0,2.0,0,0.0,0.0,0.0,-0.011060000000000843
2006-05-10,-0.0054221389005739,-0.0002059999999999,-0.0055999999999998,0.01,-0.0006647008287181,0.0,-1.0,0,0.0,0.0,0.0,-0.011266000000000744
2006-05-11,-0.0219139751443897,-3.399999999999931e-05,0.0294999999999996,0.0,-0.0006651429498045,0.0,4.0,1,0.0,0.0,0.0,-0.011300000000000743
2006-05-12,-0.0153944078775527,0.0001719999999999,0.0426000000000001,-0.0099999999999999,-0.0006655856594282,0.0,12.0,1,0.0,0.0,0.0,-0.011128000000000844
2006-05-15,-0.0239526383221235,-3.500000000000031e-05,0.0466999999999999,-0.04,-0.0019994191390857,0.0,17.0,1,0.0,0.0,0.0,-0.011163000000000844
2006-05-16,0.0036854922446174,0.0001029999999999,-0.0371000000000001,-0.0499999999999999,-0.0006673624068849,0.0,-9.0,1,0.0,0.0,0.0,-0.011060000000000944
2006-05-17,-0.0289569436139895,-0.0003089999999999,0.0423,-0.06,-0.0006678080769084,-0.01,13.0,1,0.0,0.0,0.0,-0.011369000000000844
2006-05-18,-0.0127206109616064,0.0,0.0007000000000001,-0.07,-0.0006682543425711,0.0,5.0,0,0.0,0.0,0.0,-0.011369000000000844
2006-05-19,-0.001959227526374,-6.799999999999862e-05,0.0097,-0.0799999999999999,-0.0006687012050718,0.0,5.0,0,0.0,0.0,0.0,-0.011437000000000842
2006-05-22,-0.0333049777099976,0.0,0.0952999999999999,-0.1099999999999999,-0.0020087907765802,0.0,14.0,1,0.0,0.0,0.0,-0.011437000000000842
2006-05-23,-0.0106602301403277,3.399999999999931e-05,-0.0282,-0.12,-0.0006704946474549,0.0,-3.0,1,0.0,0.0,0.0,-0.011403000000000843
2006-05-24,-0.0088454305415925,-3.399999999999931e-05,0.1110000000000002,-0.13,-0.0006709445121746,0.0,13.0,1,0.0,0.0,0.0,-0.011437000000000842
2006-05-25,0.0484548375022306,3.399999999999931e-05,-0.0561000000000002,-0.1399999999999999,-0.0006713949809711,0.0,-19.0,1,0.0,0.0,0.0,-0.011403000000000843
2006-05-26,0.0246348310571384,-3.399999999999931e-05,-0.0630000000000001,-0.15,-0.0006718460550558,-0.0099999999999999,-1.0,1,0.0,0.0,0.0,-0.011437000000000842
2006-05-29,-0.0094193857649518,3.399999999999931e-05,0.0046000000000003,-0.18,-0.0020182506809334,0.0,0.0,0,0.0,0.0,0.0,-0.011403000000000843
2006-05-30,-0.0464688338026828,-3.399999999999931e-05,0.0668999999999999,-0.1899999999999999,-0.0006736564287805,0.0,9.0,1,0.0,0.0,0.0,-0.011437000000000842
2006-05-31,0.0032079870676824,0.0,-0.0230000000000001,-0.1999999999999999,-0.0006741105477026,0.0,-5.0,1,0.0,0.0,0.0,-0.011437000000000842
2006-06-01,0.0327986533518949,-0.001686,-0.0291999999999998,-0.21,-0.0006745652792901,0.0199999999999999,-7.0,1,0.0,0.0,0.0,-0.013123000000000842
2006-06-02,0.0051261837712672,-3.500000000000031e-05,-0.0118,-0.1966666666666666,0.0015107461002532,0.01,9.0,0,0.0,0.0,0.0,-0.013158000000000843
2006-06-05,-0.0321925981433732,3.500000000000031e-05,-0.0038,-0.1566666666666666,0.004518592261542,0.0,-11.0,0,0.0,0.0,0.0,-0.013123000000000842
2006-06-06,-0.0049660392925687,0.0,0.0129000000000001,-0.1433333333333333,0.0015016715209608,0.0,5.0,0,0.0,0.0,0.0,-0.013123000000000842
2006-06-07,-0.0360374269639631,0.0,-0.0186000000000001,-0.13,0.0014994198843982,0.0,-7.0,0,0.0,0.0,0.0,-0.013123000000000842
2006-06-08,0.0049220772054283,0.0,0.0200999999999997,-0.1166666666666666,0.0014971749900301,0.0,8.0,0,0.0,0.0,0.0,-0.013123000000000842
2006-06-09,-0.0102960647473526,0.0,-0.0085999999999999,-0.1033333333333333,0.001494936807612,-0.01,-7.0,0,0.0,0.0,0.0,-0.013123000000000842
2006-06-12,-0.0443027423783206,3.399999999999931e-05,0.0092000000000003,-0.0633333333333333,0.0044714479980783,0.0,4.0,0,0.0,0.0,0.0,-0.013089000000000843
2006-06-13,-0.021295023333625,3.500000000000031e-05,0.0310999999999999,-0.0499999999999999,0.0014860505990128,0.0,9.0,1,0.0,0.0,0.0,-0.013054000000000843
2006-06-14,0.002827222239194,-3.500000000000031e-05,-0.0173,-0.0366666666666666,0.0014838455290711,-0.01,-11.0,0,0.0,0.0,0.0,-0.013089000000000843
2006-06-16,0.0433094116736043,0.0,-0.0323999999999999,-0.0099999999999999,0.0029611019564033,0.01,-10.0,1,0.0,0.0,0.0,-0.013089000000000843
2006-06-19,-0.0147009792941581,0.0,-0.0116999999999998,0.03,0.0044252773278987,0.0,2.0,0,0.0,0.0,0.0,-0.013089000000000843
2006-06-20,-0.0078485202006781,0.0,0.0101999999999997,0.0433333333333333,0.0014707513200651,0.0,-3.0,0,0.0,0.0,0.0,-0.013089000000000843
2006-06-21,0.026842721068963,0.0,-0.0127999999999999,0.0566666666666666,0.0014685913869563,-0.01,3.0,0,0.0,0.0,0.0,-0.013089000000000843
2006-06-22,-0.0066798575518571,0.0,0.0013,0.07,0.0014664377886628,0.0,1.0,0,0.0,0.0,0.0,-0.013089000000000843
2006-06-23,0.0099742773618611,-3.399999999999931e-05,0.0070999999999998,0.0833333333333333,0.001464290497358,-0.0099999999999999,0.0,0,0.0,0.0,0.0,-0.013123000000000842
2006-06-26,-0.0008659008795941,3.399999999999931e-05,-0.0202999999999997,0.1233333333333333,0.0043800504001421,0.0099999999999999,3.0,0,0.0,0.0,0.0,-0.013089000000000843
2006-06-27,-0.0073905882212201,0.0,0.0055999999999998,0.1366666666666667,0.0014557638511512,0.0,8.0,0,0.0,0.0,0.0,-0.013089000000000843
2006-06-28,0.0132639820093896,0.0,-0.0053,0.15,0.0014536476830269,0.0,-9.0,0,0.0,0.0,0.0,-0.013089000000000843
2006-06-29,0.0463334042812029,0.0,-0.0198999999999998,0.1633333333333333,0.0014515376583048,0.0,-6.0,0,0.0,0.0,0.0,-0.013089000000000843
2006-06-30,0.0039388436820981,0.0,-0.0420000000000002,0.1766666666666667,0.0014494337502615,0.0,0.0,1,0.0,0.0,0.0,-0.013089000000000843
2006-07-03,0.0196254339051904,-3.399999999999931e-05,0.0058000000000002,0.1809677419354838,0.0031298374778288,0.1,-7.0,0,0.0,0.0,0.0,-0.013123000000000842
2006-07-04,0.0002676516262436,3.399999999999931e-05,-0.0055,0.1764516129032258,0.0008401904077839,0.0,0.0,0,0.0,0.0,0.0,-0.013089000000000843
2006-07-05,-0.0268237656591701,0.0,0.0308999999999999,0.1719354838709677,0.0008394850804283,0.0,1.0,1,0.0,0.0,0.0,-0.013089000000000843
2006-07-06,0.0042517653989424,0.0,-0.0114999999999998,0.1674193548387096,0.0008387809363057,0.0,-5.0,0,0.0,0.0,0.0,-0.013089000000000843
2006-07-07,-0.0118676962503201,0.0,-0.0075000000000002,0.1629032258064516,0.000838077972439,-0.01,2.0,0,0.0,0.0,0.0,-0.013089000000000843
2006-07-10,0.0010796894865556,0.0,-0.0015,0.1493548387096774,0.0025100278922494,0.0,-2.0,0,0.0,0.0,0.0,-0.013089000000000843
2006-07-11,0.0113626643794244,0.0,0.0109000000000003,0.1448387096774193,0.0008352778603715,0.01,2.0,0,0.0,0.0,0.0,-0.013089000000000843
2006-07-12,-0.008903114425264,0.0,0.0055999999999998,0.1403225806451613,0.000834580753505,0.0,3.0,0,0.0,0.0,0.0,-0.013089000000000843
2006-07-13,-0.0244759647932948,0.0,0.0190999999999998,0.1358064516129032,0.0008338848092535,0.0,6.0,0,0.0,0.0,0.0,-0.013089000000000843
2006-07-14,-0.0001131477711098,0.0,0.0024000000000001,0.1312903225806451,0.0008331900247089,0.0,1.0,0,0.0,0.0,0.0,-0.013089000000000843
2006-07-17,-0.0137862500215586,-6.899999999999962e-05,-0.0003999999999999,0.1177419354838709,0.0024954129205418,0.0,-4.0,0,0.0,0.0,0.0,-0.013158000000000843
2006-07-18,0.0075433239567122,0.0001039999999999,-0.0163999999999999,0.1132258064516129,0.0008304224258228,0.0,-9.0,0,0.0,0.0,0.0,-0.013054000000000943
2006-07-19,0.0460346871064931,-6.899999999999962e-05,-0.0152000000000001,0.1087096774193548,0.0008297333965625,0.0,-6.0,0,0.0,0.0,0.0,-0.013123000000000943
2006-07-20,-0.0258302718485019,-0.0017619999999999,0.0084999999999997,0.1041935483870967,0.0008290455097768,0.0,1.0,0,0.0,0.0,0.0,-0.014885000000000842
2006-07-21,-0.0094455345807293,-3.500000000000031e-05,0.004,0.0996774193548387,0.0008283587626252,0.0,-1.0,0,0.0,0.0,0.0,-0.014920000000000842
2006-07-24,0.0199075356257214,3.500000000000031e-05,-0.0018999999999995,0.0861290322580645,0.0024809671589149,0.0,-5.0,0,0.0,0.0,0.0,-0.014885000000000842
2006-07-25,0.0125370272494436,0.0,0.0076999999999998,0.0816129032258064,0.0008256231139043,0.0,-2.0,0,0.0,0.0,0.0,-0.014885000000000842
2006-07-26,-0.0023746172877885,0.0,-0.0009000000000001,0.0770967741935483,0.000824942022664,0.0,-2.0,0,0.0,0.0,0.0,-0.014885000000000842
2006-07-27,0.0080020023620317,0.0,-0.0084999999999997,0.0725806451612903,0.0008242620542198,0.0,-5.0,0,0.0,0.0,0.0,-0.014885000000000842
2006-07-28,0.0132762590391184,-3.500000000000031e-05,-0.0099,0.0680645161290322,0.000823583205797,0.0,0.0,0,0.0,0.0,0.0,-0.014920000000000842
2006-07-31,-0.0081657226678153,3.500000000000031e-05,-0.0038,0.054516129032258,0.00246668768564,0.0,1.0,0,0.0,0.0,0.0,-0.014885000000000842
2006-08-01,-0.00643976466527,0.0,0.0142999999999999,0.05,0.0008208789571515,-0.07,1.0,0,0.0,0.0,0.0,-0.014885000000000842
2006-08-02,0.012114492460002,0.0,-0.0083999999999999,0.0551612903225806,-0.0005007592583741,0.0,-3.0,0,0.0,0.0,0.0,-0.014885000000000842
2006-08-03,0.0043618528059816,3.399999999999931e-05,0.0013999999999998,0.0603225806451612,-0.0005010101438482,0.0,0.0,0,0.0,0.0,0.0,-0.014851000000000843
2006-08-04,0.0105447264524247,-3.399999999999931e-05,-0.0114999999999998,0.0654838709677419,-0.0005012612808403,0.0,-1.0,0,0.0,0.0,0.0,-0.014885000000000842
2006-08-07,-0.0039710956799812,0.0,0.0072999999999998,0.0809677419354838,-0.0015052931853354,0.0,-2.0,0,0.0,0.0,0.0,-0.014885000000000842
2006-08-08,-0.002602992253017,0.0,0.0045999999999999,0.0861290322580645,-0.0005022683515711,0.0,-2.0,0,0.0,0.0,0.0,-0.014885000000000842
2006-08-09,-0.0092178863901573,0.0,-0.0152000000000001,0.0912903225806451,-0.0005025207518443,0.01,-8.0,0,0.0,0.0,0.0,-0.014885000000000842
2006-08-10,0.0026538368857238,0.0,-0.0059,0.0964516129032257,-0.0005027734059215,0.0,2.0,0,0.0,0.0,0.0,-0.014885000000000842
2006-08-11,-0.0110367482792756,3.399999999999931e-05,-0.0011999999999998,0.1016129032258064,-0.0005030263141794,0.0,-1.0,0,0.0,0.0,0.0,-0.014851000000000843
2006-08-14,-0.0105305662858192,7.000000000000062e-05,-0.0011000000000001,0.1170967741935483,-0.0015105989396833,0.0,-3.0,0,0.0,0.0,0.0,-0.014781000000000842
2006-08-15,0.0200133959670818,3.399999999999931e-05,-0.0124999999999997,0.122258064516129,-0.0005040404967324,0.0,4.0,0,0.0,0.0,0.0,-0.014747000000000843
2006-08-16,0.010190287449781,-3.399999999999931e-05,-0.0151000000000003,0.1274193548387096,-0.0005042946816811,0.0,0.0,0,0.0,0.0,0.0,-0.014781000000000842
2006-08-17,-0.003163339825706,0.0,0.0036,0.1325806451612903,-0.0005045491231268,0.0,0.0,0,0.0,0.0,0.0,-0.014781000000000842
2006-08-18,-0.0001863908088086,0.0001729999999999,0.0091000000000001,0.1377419354838709,-0.000504803821455,0.0,6.0,0,0.0,0.0,0.0,-0.014608000000000941
2006-08-21,-0.0104668148684954,-0.000139,-0.0095,0.1532258064516128,-0.0015159422290587,0.0,1.0,0,0.0,0.0,0.0,-0.014747000000000942
2006-08-22,-0.0130827039655301,-3.399999999999931e-05,-0.0005999999999999,0.1583870967741935,-0.0005058251914373,0.0,2.0,0,0.0,0.0,0.0,-0.014781000000000941
2006-08-23,-0.0323064527429082,-3.500000000000031e-05,-9.999999999976694e-05,0.1635483870967741,-0.0005060811800525,0.0,4.0,0,0.0,0.0,0.0,-0.014816000000000941
2006-08-24,0.0079934234809169,3.500000000000031e-05,0.0168999999999996,0.1687096774193548,-0.0005063374279004,0.0,3.0,0,0.0,0.0,0.0,-0.014781000000000941
2006-08-25,0.0044874996914519,-3.500000000000031e-05,0.0047999999999999,0.1738709677419354,-0.0005065939353752,0.0,4.0,0,0.0,0.0,0.0,-0.014816000000000941
2006-08-28,0.011530134787554,3.500000000000031e-05,-0.0097999999999998,0.1893548387096774,-0.0015213234531827,0.0,-3.0,0,0.0,0.0,0.0,-0.014781000000000941
2006-08-29,-0.0019537974541705,0.0,-0.0053999999999998,0.194516129032258,-0.000507622569458,0.0,2.0,0,0.0,0.0,0.0,-0.014781000000000941
2006-08-30,0.000247875843014,-7.000000000000062e-05,-0.0089000000000001,0.1996774193548386,-0.0005078803810096,0.0,-4.0,0,0.0,0.0,0.0,-0.014851000000000942
2006-08-31,-0.002233097626588,-0.0017,0.0057999999999998,0.2048387096774193,-0.000508138454565,0.0,-2.0,0,0.0,0.0,0.0,-0.01655100000000094
2006-09-01,0.0298277982076911,-3.500000000000031e-05,0.008,0.21,-0.000508396790531,-0.02,0.0,0,0.0,0.0,0.0,-0.01658600000000094
2006-09-04,0.0097038963597935,0.0,-0.0185999999999997,0.222,0.00653423186038,0.0,0.0,0,0.0,0.0,0.0,-0.01658600000000094
2006-09-05,-0.0086596776215905,3.500000000000031e-05,0.0005999999999999,0.226,0.0021686235649536,0.0,-9.0,0,0.0,0.0,0.0,-0.01655100000000094
2006-09-06,-0.0177655256910629,-3.500000000000031e-05,0.0154999999999998,0.2299999999999999,0.0021639308117666,0.0,4.0,0,0.0,0.0,0.0,-0.01658600000000094
2006-09-08,-0.0041491570143321,0.0,0.0139,0.238,0.004313864295975,-0.01,5.0,0,0.0,0.0,0.0,-0.01658600000000094
2006-09-11,-0.021734576010477,0.0,0.0169000000000001,0.25,0.0064361032050364,0.01,1.0,0,0.0,0.0,0.0,-0.01658600000000094
2006-09-12,0.010428493125314,0.0,-0.0019,0.254,0.0021361953277452,0.0,1.0,0,0.0,0.0,0.0,-0.01658600000000094
2006-09-13,0.0110872285865397,0.0,-0.0032,0.258,0.0021316417229293,0.0,0.0,0,0.0,0.0,0.0,-0.01658600000000094
2006-09-14,-0.0108935936431251,0.0,-0.0106999999999999,0.262,0.0021271074901392,0.0,-2.0,0,0.0,0.0,0.0,-0.01658600000000094
2006-09-15,0.0004424534113436,0.0,-0.0053,0.266,0.0021225925060228,0.0,-3.0,0,0.0,0.0,0.0,-0.01658600000000094
2006-09-18,0.0086163527029654,-3.399999999999931e-05,-0.0086999999999997,0.278,0.0063408782715992,0.0,-2.0,0,0.0,0.0,0.0,-0.01662000000000094
2006-09-19,-0.0164991513764967,3.399999999999931e-05,0.0064999999999999,0.282,0.0021047226254822,0.0,8.0,0,0.0,0.0,0.0,-0.01658600000000094
2006-09-20,-0.0193863955912014,0.0,0.0171999999999998,0.286,0.0021003020705645,0.0,4.0,0,0.0,0.0,0.0,-0.01658600000000094
2006-09-21,-0.0104817673213641,3.500000000000031e-05,0.0278999999999998,0.29,0.0020959000457452,-0.01,14.0,1,0.0,0.0,0.0,-0.01655100000000094
2006-09-22,-0.0008904336425406,-3.500000000000031e-05,0.0207999999999999,0.294,0.002091516434751,0.0,8.0,0,0.0,0.0,0.0,-0.01658600000000094
2006-09-25,0.0049876844784808,0.0,0.0011000000000001,0.306,0.0062484300528709,0.0,-2.0,0,0.0,0.0,0.0,-0.01658600000000094
2006-09-26,0.0239021436644186,0.0,-0.0207999999999999,0.31,0.0020741638374612,0.0,-6.0,0,0.0,0.0,0.0,-0.01658600000000094
2006-09-27,0.0079805776361983,0.0,-0.012,0.314,0.002069870585208,0.0,-4.0,0,0.0,0.0,0.0,-0.01658600000000094
2006-09-28,0.0104695688515601,0.0,-0.0066999999999999,0.318,0.0020655950692116,0.0,-7.0,0,0.0,0.0,0.0,-0.01658600000000094
2006-09-29,-0.0010146021299526,0.0,-0.0051000000000001,0.322,0.0020613371797857,0.0,0.0,0,0.0,0.0,0.0,-0.01658600000000094
2006-10-02,0.0165702296241487,-3.399999999999931e-05,-0.0118999999999998,0.3293548387096774,0.0043966122835232,0.04,-2.0,0,0.0,0.0,0.0,-0.01662000000000094
2006-10-03,-0.016872066716731,0.0,0.0032,0.3287096774193548,0.0002865594890586,0.0,5.0,0,0.0,0.0,0.0,-0.01662000000000094
2006-10-04,0.035346799134448,0.0,0.0020999999999999,0.3280645161290322,0.0002864773962425,0.0,-2.0,0,0.0,0.0,0.0,-0.01662000000000094
2006-10-05,0.0060217280448604,0.0,-0.0047000000000001,0.3274193548387097,0.0002863953504483,0.0,-6.0,0,0.0,0.0,0.0,-0.01662000000000094
2006-10-06,-0.000974748815933,3.399999999999931e-05,0.0007000000000001,0.3267741935483871,0.0002863133516335,0.0,-5.0,0,0.0,0.0,0.0,-0.01658600000000094
2006-10-09,0.0122077328810537,-3.399999999999931e-05,-0.0048000000000003,0.3248387096774193,0.0008584485312344,0.0099999999999999,0.0,0,0.0,0.0,0.0,-0.01662000000000094
2006-10-10,0.0064624353845168,0.0,-0.0090999999999996,0.3241935483870968,0.0002859858253909,-0.0099999999999999,-6.0,0,0.0,0.0,0.0,-0.01662000000000094
2006-10-11,-0.0086519889649316,0.0,0.0048999999999996,0.3235483870967742,0.0002859040608829,0.0,-1.0,0,0.0,0.0,0.0,-0.01662000000000094
2006-10-13,0.0136839330061491,0.0,-0.0126999999999997,0.322258064516129,0.0005715630151552,0.0,-6.0,0,0.0,0.0,0.0,-0.01662000000000094
2006-10-16,0.0097081923870163,0.0,-0.0087999999999999,0.3203225806451613,0.0008567324561195,0.0,0.0,0,0.0,0.0,0.0,-0.01662000000000094
2006-10-17,-0.0084734337797591,0.0,0.0029999999999996,0.3196774193548387,0.0002854144539696,0.0,3.0,0,0.0,0.0,0.0,-0.01662000000000094
2006-10-18,-0.0054650579410076,0.0,-0.0021999999999997,0.3190322580645161,0.0002853330158032,0.0,-2.0,0,0.0,0.0,0.0,-0.01662000000000094
2006-10-19,0.0060304798378982,-0.001708,0.0047999999999999,0.3183870967741936,0.0002852516240956,0.0,-1.0,0,0.0,0.0,0.0,-0.01832800000000094
2006-10-20,-0.0071426112357428,-7.000000000000062e-05,0.0070000000000001,0.317741935483871,0.0002851702788095,0.0,2.0,0,0.0,0.0,0.0,-0.01839800000000094
2006-10-23,0.0149996391275735,3.500000000000031e-05,-0.0066000000000001,0.3158064516129032,0.0008550232283308,0.0,-1.0,0,0.0,0.0,0.0,-0.01836300000000094
2006-10-24,0.0069100699212789,3.500000000000031e-05,0.0076,0.3151612903225806,0.0002848453610848,0.0,1.0,0,0.0,0.0,0.0,-0.01832800000000094
2006-10-25,0.0016189829242669,3.500000000000031e-05,0.0042999999999997,0.314516129032258,0.0002847642473078,0.0,0.0,0,0.0,0.0,0.0,-0.01829300000000094
2006-10-26,0.0020704986691821,0.0,-0.0146999999999999,0.3138709677419354,0.000284683179716,0.0,1.0,0,0.0,0.0,0.0,-0.01829300000000094
2006-10-27,-0.0080281033407381,-3.500000000000031e-05,0.0015,0.3132258064516129,0.0002846021582687,0.0,2.0,0,0.0,0.0,0.0,-0.01832800000000094
2006-10-30,-0.0109424827592246,3.500000000000031e-05,0.0078,0.3112903225806451,0.0008533208069678,0.0,3.0,0,0.0,0.0,0.0,-0.01829300000000094
2006-10-31,0.0092883489571136,0.0,-0.0026000000000001,0.3106451612903226,0.0002842785331296,0.0,5.0,0,0.0,0.0,0.0,-0.01829300000000094
2006-11-01,0.0168453214936157,0.0,-0.0019999999999997,0.31,0.0002841977418128,0.0199999999999999,1.0,0,0.0,0.0,0.0,-0.01829300000000094
2006-11-03,0.0125678254726562,-3.500000000000031e-05,0.0009999999999998,0.3213333333333333,-0.0017039455784111,0.0,-11.0,0,0.0,0.0,0.0,-0.01832800000000094
2006-11-06,0.0198826363154207,7.000000000000062e-05,-0.0041999999999999,0.3383333333333333,-0.0025613746991233,0.0,-1.0,0,0.0,0.0,0.0,-0.01825800000000094
2006-11-07,-0.0048362692235421,0.0,-0.0024999999999999,0.344,-0.0008552515639781,0.0,4.0,0,0.0,0.0,0.0,-0.01825800000000094
2006-11-08,0.0069432921994501,0.0,0.0110999999999998,0.3496666666666667,-0.0008559836453763,0.0,1.0,0,0.0,0.0,0.0,-0.01825800000000094
2006-11-09,-0.0126357449357943,-3.500000000000031e-05,-0.0051999999999998,0.3553333333333333,-0.0008567169811435,0.0,2.0,0,0.0,0.0,0.0,-0.01829300000000094
2006-11-10,-0.002330288661053,-7.000000000000062e-05,0.0076999999999998,0.361,-0.0008574515745127,0.0,2.0,0,0.0,0.0,0.0,-0.01836300000000094
2006-11-13,-0.0028035333022167,7.000000000000062e-05,0.0131000000000001,0.378,-0.0025767749083911,0.0,-1.0,0,0.0,0.0,0.0,-0.01829300000000094
2006-11-14,0.0167287196038863,-3.500000000000031e-05,-0.0082999999999997,0.3836666666666666,-0.0008604025889127,0.0,-2.0,0,0.0,0.0,0.0,-0.01832800000000094
2006-11-16,-0.003129057893668,-3.500000000000031e-05,-0.0020000000000002,0.395,-0.0017230292454986,0.0,-4.0,0,0.0,0.0,0.0,-0.01836300000000094
2006-11-17,-0.0032363669036161,0.0,0.0076,0.4006666666666666,-0.0008626292142785,0.0,5.0,0,0.0,0.0,0.0,-0.01836300000000094
2006-11-21,0.0130996195178934,7.000000000000062e-05,0.0045000000000001,0.4233333333333333,-0.0034579774619629,0.0,1.0,0,0.0,0.0,0.0,-0.01829300000000094
2006-11-22,0.0082172880719149,-7.000000000000062e-05,-0.0015,0.429,-0.0008663659775223,0.0,1.0,0,0.0,0.0,0.0,-0.01836300000000094
2006-11-23,0.0037388562659685,3.500000000000031e-05,0.0059999999999997,0.4346666666666666,-0.0008671172184282,0.0,0.0,0,0.0,0.0,0.0,-0.01832800000000094
2006-11-24,-0.0074438478952458,-3.500000000000031e-05,0.0017,0.4403333333333333,-0.0008678697632902,0.0,2.0,0,0.0,0.0,0.0,-0.01836300000000094
2006-11-27,-0.0203943057278372,0.0,0.0100000000000002,0.4573333333333333,-0.0026081376496698,0.0,6.0,0,0.0,0.0,0.0,-0.01836300000000094
2006-11-28,0.0031235536267413,7.000000000000062e-05,0.0069999999999996,0.4629999999999999,-0.0008708930504628,0.0,1.0,0,0.0,0.0,0.0,-0.01829300000000094
2006-11-29,0.0223347797394115,0.0,-0.0086999999999997,0.4686666666666667,-0.0008716521663227,0.0,-8.0,0,0.0,0.0,0.0,-0.01829300000000094
2006-11-30,-0.0009058187551715,-0.00175,-0.0115000000000002,0.4743333333333333,-0.0008724126067125,0.0,1.0,0,0.0,0.0,0.0,-0.020043000000000942
2006-12-01,-0.0145332192001248,0.0,0.0003999999999999,0.48,-0.0008731743750924,-0.01,6.0,0,0.0,0.0,0.0,-0.020043000000000942
2006-12-04,0.031605016785198,0.0,0.0020999999999999,0.4761290322580645,-0.0039066622755985,0.0,-5.0,0,0.0,0.0,0.0,-0.020043000000000942
2006-12-05,0.0117235729942368,3.500000000000031e-05,-0.0132999999999996,0.4748387096774193,-0.0013056196931202,0.0,-6.0,0,0.0,0.0,0.0,-0.02000800000000094
2006-12-06,-0.001414443791404,-3.500000000000031e-05,-0.0032,0.4735483870967741,-0.001307326564671,0.0,-2.0,0,0.0,0.0,0.0,-0.020043000000000942
2006-12-07,-0.0043485912373597,0.0,-0.0100000000000002,0.472258064516129,-0.001309037904944,0.0,0.0,0,0.0,0.0,0.0,-0.020043000000000942
2006-12-08,0.0016067627194953,0.0,0.0014000000000002,0.4709677419354838,-0.0013107537315057,0.01,-6.0,0,0.0,0.0,0.0,-0.020043000000000942
2006-12-11,0.0073949916831583,3.500000000000031e-05,-0.0058000000000002,0.4670967741935484,-0.0039426012823557,0.0,0.0,0,0.0,0.0,0.0,-0.02000800000000094
2006-12-12,-0.0064647157892849,-3.500000000000031e-05,0.0097,0.4658064516129032,-0.0013176622553743,0.0,3.0,0,0.0,0.0,0.0,-0.020043000000000942
2006-12-13,0.0061875219134943,3.500000000000031e-05,-0.0021999999999997,0.464516129032258,-0.0013194007802326,0.0,-7.0,0,0.0,0.0,0.0,-0.02000800000000094
2006-12-14,0.0107997373200579,0.0,9.999999999976694e-05,0.4632258064516129,-0.0013211438987781,0.0,-3.0,0,0.0,0.0,0.0,-0.02000800000000094
2006-12-15,-0.0036404889607286,-3.500000000000031e-05,0.0009999999999998,0.4619354838709677,-0.0013228916292362,-0.01,-1.0,0,0.0,0.0,0.0,-0.020043000000000942
2006-12-18,-0.0019975897808421,3.500000000000031e-05,0.0,0.4580645161290322,-0.0039792076651146,0.0,1.0,0,0.0,0.0,0.0,-0.02000800000000094
2006-12-19,0.001859953004077,0.0,0.0102000000000002,0.4567741935483871,-0.0013299290382366,0.01,-3.0,0,0.0,0.0,0.0,-0.02000800000000094
2006-12-20,-0.0020208522010776,0.0,-0.0011999999999998,0.4554838709677419,-0.0013317001051387,0.0,1.0,0,0.0,0.0,0.0,-0.02000800000000094
2006-12-21,-0.0026931548037705,0.0,0.0032999999999998,0.4541935483870967,-0.0013334758953913,0.0,0.0,0,0.0,0.0,0.0,-0.02000800000000094
2006-12-22,-0.000668657291948,0.0,-0.0074999999999998,0.4529032258064516,-0.0013352564279163,0.0,-3.0,0,0.0,0.0,0.0,-0.02000800000000094
2006-12-26,0.0056808533738177,0.0,-0.0081000000000002,0.447741935483871,-0.0053589265502669,0.0,2.0,0,0.0,0.0,0.0,-0.02000800000000094
2006-12-27,0.0209473328887295,-3.500000000000031e-05,0.0060000000000002,0.4464516129032258,-0.0013442308939684,0.0,-4.0,0,0.0,0.0,0.0,-0.020043000000000942
2006-12-28,-0.0011685394588116,3.500000000000031e-05,-0.0117000000000002,0.4451612903225806,-0.0013460402831739,0.0,-4.0,0,0.0,0.0,0.0,-0.02000800000000094
2007-01-02,0.020232836827196,0.0,-0.0038,0.44,-0.006200325900096,0.01,2.0,0,0.0,0.0,0.0,-0.02000800000000094
2007-01-03,-0.0208851158907972,-3.500000000000031e-05,0.0030000000000001,0.44,-0.0007986102961989,0.0,0.0,0,0.0,0.0,0.0,-0.020043000000000942
2007-01-04,-0.0096083935953235,3.500000000000031e-05,0.0057,0.44,-0.0007992485843821,0.0,5.0,0,0.0,0.0,0.0,-0.02000800000000094
2007-01-05,-0.0411580724935074,0.0,0.0045000000000001,0.44,-0.000799887893681,0.0,-1.0,0,0.0,0.0,0.0,-0.02000800000000094
2007-01-08,0.0137527880224723,0.0,0.0030999999999998,0.44,-0.002403509784866,0.0,-1.0,0,0.0,0.0,0.0,-0.02000800000000094
2007-01-09,-0.0194025205645917,0.0,9.999999999976694e-05,0.44,-0.0008024553912289,0.0,3.0,0,0.0,0.0,0.0,-0.02000800000000094
2007-01-10,0.0078015168698577,0.0,0.0050000000000003,0.44,-0.0008030998430648,0.01,-1.0,0,0.0,0.0,0.0,-0.02000800000000094
2007-01-11,0.0078583092673625,0.0,-0.0091000000000001,0.44,-0.0008037453308471,0.01,-3.0,0,0.0,0.0,0.0,-0.02000800000000094
2007-01-12,0.0099108838994546,-3.500000000000031e-05,-0.0043999999999999,0.44,-0.0008043918570823,0.0,-3.0,0,0.0,0.0,0.0,-0.020043000000000942
2007-01-15,-0.0040923627695246,3.500000000000031e-05,-0.0014000000000002,0.44,-0.002417065150821,-0.01,0.0,0,0.0,0.0,0.0,-0.02000800000000094
2007-01-16,-0.0068971434119138,0.0,0.0037000000000002,0.44,-0.0008069883968033,0.0,-1.0,0,0.0,0.0,0.0,-0.02000800000000094
2007-01-17,0.0026007817000568,0.0,-0.0094000000000002,0.44,-0.0008076401530701,0.0,-6.0,0,0.0,0.0,0.0,-0.02000800000000094
2007-01-18,-0.0060319617719262,0.0,-0.0020999999999999,0.44,-0.000808292962958,0.0,4.0,0,0.0,0.0,0.0,-0.02000800000000094
2007-01-19,0.022118099523551,0.0,-0.0021999999999997,0.44,-0.0008089468290233,0.0,-3.0,0,0.0,0.0,0.0,-0.02000800000000094
2007-01-22,0.0028741928938931,0.0,0.0019999999999997,0.44,-0.0024307742837592,0.01,1.0,0,0.0,0.0,0.0,-0.02000800000000094
2007-01-23,0.0142257043939171,0.0,0.0041000000000002,0.44,-0.0008115729064837,0.0,-3.0,0,0.0,0.0,0.0,-0.02000800000000094
2007-01-24,0.0114783399230251,-3.500000000000031e-05,-0.0081999999999999,0.44,-0.0008122320920804,0.0,0.0,0,0.0,0.0,0.0,-0.020043000000000942
2007-01-26,-0.0061729283884233,-0.0009129999999999,0.0074,0.44,-0.0016264460303379,0.0,1.0,0,0.0,0.0,0.0,-0.020956000000000842
2007-01-29,-0.0190720107164974,3.500000000000031e-05,0.0,0.44,-0.0024446398150139,0.0,4.0,0,0.0,0.0,0.0,-0.02092100000000084
2007-01-30,0.0107514417758238,0.0,-0.0031000000000003,0.44,-0.0008162098030766,0.0,0.0,0,0.0,0.0,0.0,-0.02092100000000084
2007-01-31,0.0134859856854756,0.0,-0.0081999999999999,0.44,-0.0008168765457554,0.0,0.0,0,0.0,0.0,0.0,-0.02092100000000084
2007-02-01,0.0038677848725043,0.0,-0.0153999999999996,0.44,-0.0008175443786218,0.01,-8.0,0,0.0,0.0,0.0,-0.02092100000000084
2007-02-02,0.0040751395288669,0.0,-0.0111000000000003,0.4375,0.0038301073650934,0.0,0.0,0,0.0,0.0,0.0,-0.02092100000000084
2007-02-05,0.0063798896121376,0.0,-0.0017999999999998,0.43,0.0114030826011983,0.0,0.0,0,0.0,0.0,0.0,-0.02092100000000084
2007-02-06,0.0014563430716734,0.0,-0.0131000000000001,0.4275,0.0037723138276106,0.0,-1.0,0,0.0,0.0,0.0,-0.02092100000000084
2007-02-07,-0.0169895124946251,0.0,0.0019,0.425,0.0037581369389219,-0.01,5.0,0,0.0,0.0,0.0,-0.02092100000000084
2007-02-08,0.0067948406266324,0.0,0.0099,0.4225,0.0037440662089007,-0.01,0.0,0,0.0,0.0,0.0,-0.02092100000000084
2007-02-09,-0.0136361671567897,0.0,0.0081999999999999,0.42,0.0037301004495997,0.01,-2.0,0,0.0,0.0,0.0,-0.02092100000000084
2007-02-12,-0.0079121690494137,0.0,0.0106999999999999,0.4125,0.011107539049437,0.0,-2.0,0,0.0,0.0,0.0,-0.02092100000000084
2007-02-13,0.0283194440062644,0.0,-0.0051999999999998,0.41,0.0036752639717771,0.0,-5.0,0,0.0,0.0,0.0,-0.02092100000000084
2007-02-14,0.0175237232323475,0.0,-0.0087999999999999,0.4075,0.0036618058535609,0.0,4.0,0,0.0,0.0,0.0,-0.02092100000000084
2007-02-15,-0.0008917793763458,0.0,-0.0104000000000001,0.405,0.0036484459379924,0.01,-1.0,0,0.0,0.0,0.0,-0.02092100000000084
2007-02-16,-0.0023092685962637,3.500000000000031e-05,0.0017,0.4025,0.0036351831541221,0.0,2.0,0,0.0,0.0,0.0,-0.02088600000000084
2007-02-21,0.0052426185186078,0.0,-0.0110999999999998,0.39,0.0179803005865917,0.0,-3.0,0,0.0,0.0,0.0,-0.02088600000000084
2007-02-22,0.0078235146510952,0.0,-0.0036,0.3875,0.0035575881631384,0.0,-3.0,0,0.0,0.0,0.0,-0.02088600000000084
2007-02-23,-0.0094303592849307,0.0,0.0102000000000002,0.385,0.0035449765831536,-0.01,3.0,0,0.0,0.0,0.0,-0.02088600000000084
2007-02-26,0.0041421396633651,-3.500000000000031e-05,-0.0005000000000001,0.3775,0.0105601465766493,0.0,3.0,0,0.0,0.0,0.0,-0.02092100000000084
2007-02-27,-0.0685647658016765,0.0,0.0236,0.375,0.0034954119183758,0.0,22.0,1,0.0,0.0,0.0,-0.02092100000000084
2007-02-28,0.0171655351682833,0.0,0.0082999999999997,0.3725,0.0034832365594397,0.0,-9.0,0,0.0,0.0,0.0,-0.02092100000000084
2007-03-01,-0.0085804047804405,0.0,0.0078,0.37,0.0034711457255607,-0.07,0.0,0,0.0,0.0,0.0,-0.02092100000000084
2007-03-02,-0.0267111017096457,0.0,0.0014000000000002,0.3661290322580645,-0.0006183601815799,-0.01,6.0,0,0.0,0.0,0.0,-0.02092100000000084
2007-03-05,-0.0285121469665075,0.0,0.0113999999999996,0.354516129032258,-0.0018573780761599,0.0,0.0,0,0.0,0.0,0.0,-0.02092100000000084
2007-03-06,0.0483286574633208,0.0,-0.0179,0.3506451612903226,-0.0006198934513381,0.0,-4.0,0,0.0,0.0,0.0,-0.02092100000000084
2007-03-07,-0.0128312874142899,0.0,-0.0087999999999999,0.3467741935483871,-0.0006202779575925,0.0,2.0,0,0.0,0.0,0.0,-0.02092100000000084
2007-03-08,0.0185532355625195,-0.000845,-0.0066999999999999,0.3429032258064516,-0.0006206629411487,0.0,-2.0,0,0.0,0.0,0.0,-0.02176600000000084
2007-03-09,0.0152287786526752,0.0,-0.0070999999999998,0.3390322580645161,-0.0006210484028894,0.0,-7.0,0,0.0,0.0,0.0,-0.02176600000000084
2007-03-12,0.0026249703923379,0.0,-0.0081000000000002,0.3274193548387096,-0.001865462774365,0.0,1.0,0,0.0,0.0,0.0,-0.02176600000000084
2007-03-13,-0.034486969032212,-3.500000000000031e-05,0.0060000000000002,0.3235483870967742,-0.0006225950495828,0.0,7.0,0,0.0,0.0,0.0,-0.02180100000000084
2007-03-14,0.0125296570441229,0.0,0.0081999999999999,0.3196774193548387,-0.000622982915674,0.0,-4.0,0,0.0,0.0,0.0,-0.02180100000000084
2007-03-15,-0.0002310375908436,0.0,-0.0135,0.3158064516129032,-0.0006233712653376,0.0,-1.0,0,0.0,0.0,0.0,-0.02180100000000084
2007-03-16,-0.0127431730936571,0.0,0.0005999999999999,0.3119354838709677,-0.0006237600994705,0.0,-2.0,0,0.0,0.0,0.0,-0.02180100000000084
2007-03-19,0.0227442910438941,0.0,-0.0122999999999997,0.3003225806451612,-0.0018736181615857,-0.01,-5.0,0,0.0,0.0,0.0,-0.02180100000000084
2007-03-20,0.0144897157158787,0.0,-0.0029000000000003,0.2964516129032258,-0.0006253202989299,0.0,0.0,0,0.0,0.0,0.0,-0.02180100000000084
2007-03-21,0.0284520536899961,0.0,-0.0086999999999997,0.2925806451612903,-0.0006257115690875,0.0,-5.0,0,0.0,0.0,0.0,-0.02180100000000084
2007-03-22,-0.0045467103750862,0.0,-0.0074,0.2887096774193548,-0.0006261033291963,0.0,-6.0,0,0.0,0.0,0.0,-0.02180100000000084
2007-03-23,0.0023967380669507,0.0,0.0049999999999998,0.2848387096774193,-0.0006264955801782,0.0,0.0,0,0.0,0.0,0.0,-0.02180100000000084
2007-03-26,0.0024567342194767,0.0,-0.0051000000000001,0.2732258064516129,-0.0018818451690041,0.0,-1.0,0,0.0,0.0,0.0,-0.02180100000000084
2007-03-27,-0.0096421299129172,0.0,0.0036,0.2693548387096774,-0.0006280695113201,0.0,-1.0,0,0.0,0.0,0.0,-0.02180100000000084
2007-03-28,-0.0161223681475313,0.0,0.0079000000000002,0.2654838709677419,-0.0006284642305569,0.0,-1.0,0,0.0,0.0,0.0,-0.02180100000000084
2007-03-29,0.0193908501103123,0.0,-0.0171000000000001,0.2616129032258064,-0.0006288594462375,0.0,-2.0,0,0.0,0.0,0.0,-0.02180100000000084
2007-03-30,0.0098728314002638,0.0,-0.0041000000000002,0.257741935483871,-0.0006292551593016,0.0,-3.0,0,0.0,0.0,0.0,-0.02180100000000084
2007-04-02,-0.0045513305847375,0.0,-0.0025999999999997,0.251,4.945903605779733e-05,0.0,0.0,0,0.0,0.0,0.0,-0.02180100000000084
2007-04-03,0.0150408233513452,0.0,-0.0106000000000001,0.252,0.0013074468327225,0.0,-3.0,0,0.0,0.0,0.0,-0.02180100000000084
2007-04-04,0.0057301809060881,0.0,-0.0051000000000001,0.253,0.0013057396473143,0.0,1.0,0,0.0,0.0,0.0,-0.02180100000000084
2007-04-05,0.0019956874039213,3.500000000000031e-05,0.0012000000000003,0.254,0.0013040369143713,0.0,-1.0,0,0.0,0.0,0.0,-0.02176600000000084
2007-04-09,0.0044491100319987,-3.500000000000031e-05,-0.0097,0.258,0.0051992087704419,0.0,-8.0,0,0.0,0.0,0.0,-0.02180100000000084
2007-04-10,0.006785166785896,0.0,0.0045999999999999,0.259,0.0012955894309616,0.0,2.0,0,0.0,0.0,0.0,-0.02180100000000084
2007-04-11,-0.0049940069578102,0.0,0.0051000000000001,0.26,0.0012939130506559,0.0,-2.0,0,0.0,0.0,0.0,-0.02180100000000084
2007-04-12,0.008654573248469,0.0,0.0038,0.261,0.0012922410029254,0.0,1.0,0,0.0,0.0,0.0,-0.02180100000000084
2007-04-13,0.0121546949980348,0.0,-0.0140000000000002,0.262,0.0012905732709942,0.0,-3.0,0,0.0,0.0,0.0,-0.02180100000000084
2007-04-16,0.0205485974968731,0.0,0.0108999999999999,0.265,0.0038617563296128,0.0,0.0,0,0.0,0.0,0.0,-0.02180100000000084
2007-04-17,-0.0033989958601683,-3.499999999999337e-05,0.0008000000000003,0.266,0.0012839451688151,0.0,1.0,0,0.0,0.0,0.0,-0.021836000000000834
2007-04-18,-0.0009234084686298,0.0,0.0017,0.267,0.0012822987672809,0.0,-2.0,0,0.0,0.0,0.0,-0.021836000000000834
2007-04-19,0.00106697318067,-0.000847,-0.0053,0.268,0.0012806565826988,-0.01,-5.0,0,0.0,0.0,0.0,-0.022683000000000834
2007-04-20,0.0131610334031897,0.0,-0.0050000000000003,0.269,0.0012790185988862,0.0,-2.0,0,0.0,0.0,0.0,-0.022683000000000834
2007-04-23,-0.0049913870495217,0.0,0.0028000000000001,0.272,0.003827269660519,0.0,2.0,0,0.0,0.0,0.0,-0.022683000000000834
2007-04-24,-0.0018527384082922,0.0,0.0095,0.273,0.0012725083506133,0.0,1.0,0,0.0,0.0,0.0,-0.022683000000000834
2007-04-25,0.0122536901412875,0.0,-0.0148999999999999,0.274,0.0012708911308187,0.0,-1.0,0,0.0,0.0,0.0,-0.022683000000000834
2007-04-26,-0.0123148279152793,0.0,0.0015999999999998,0.275,0.00126927801643,0.0,0.0,0,0.0,0.0,0.0,-0.022683000000000834
2007-04-27,0.0032961025996041,0.0,0.0068999999999999,0.276,0.0012676689918293,0.01,0.0,0,0.0,0.0,0.0,-0.022683000000000834
2007-04-30,-0.005581258250018,0.0,0.0018000000000002,0.279,0.0037933934932681,-0.01,8.0,0,0.0,0.0,0.0,-0.022683000000000834
2007-05-02,0.0104849174448649,0.0,-0.0070999999999998,0.28,0.0007866368287263,-0.0399999999999999,-3.0,0,0.0,0.0,0.0,-0.022683000000000834
2007-05-03,0.0149666752004478,0.0,-0.0029000000000003,0.28,-0.0004748620400523,0.0,-1.0,0,0.0,0.0,0.0,-0.022683000000000834
2007-05-04,0.0075385216551548,0.0,0.0070000000000001,0.28,-0.0004750876411421,0.0,5.0,0,0.0,0.0,0.0,-0.022683000000000834
2007-05-07,-0.0062648896421926,0.0,-0.0042999999999997,0.28,-0.0014266186761275,0.0,-1.0,0,0.0,0.0,0.0,-0.022683000000000834
2007-05-08,-7.95544948708482e-05,0.0,-0.004,0.28,-0.0004759921931931,0.0,-1.0,0,0.0,0.0,0.0,-0.022683000000000834
2007-05-09,0.0201231464932281,0.0,-0.0003999999999999,0.28,-0.0004762188696609,0.0,-3.0,0,0.0,0.0,0.0,-0.022683000000000834
2007-05-10,-0.020978757262446,0.0,-0.0005000000000001,0.28,-0.0004764457621284,-0.01,2.0,0,0.0,0.0,0.0,-0.022683000000000834
2007-05-11,0.0131902206011051,0.0,-0.0022999999999999,0.28,-0.0004766728709011,0.0,-2.0,0,0.0,0.0,0.0,-0.022683000000000834
2007-05-14,-0.0077110811716103,0.0,-0.0056000000000002,0.28,-0.0014313834330614,0.0,0.0,0,0.0,0.0,0.0,-0.022683000000000834
2007-05-15,0.0001385740730128,0.0,-0.0215999999999998,0.28,-0.0004775834752628,0.0,-2.0,0,0.0,0.0,0.0,-0.022683000000000834
2007-05-16,0.0238628127814557,0.0,-0.0336,0.28,-0.0004778116702262,0.0,-2.0,1,0.0,0.0,0.0,-0.022683000000000834
2007-05-17,-0.0020702539100962,0.0,-0.0012999999999998,0.28,-0.0004780400833617,0.0,-3.0,0,0.0,0.0,0.0,-0.022683000000000834
2007-05-18,0.0086203274170184,0.0,0.0057,0.28,-0.000478268714982,0.0,-4.0,0,0.0,0.0,0.0,-0.022683000000000834
2007-05-21,0.0066028316173802,0.0,-0.0195,0.28,-0.0014361801242337,0.0,2.0,0,0.0,0.0,0.0,-0.022683000000000834
2007-05-22,-0.0041096864715797,0.0,-0.0025999999999999,0.28,-0.0004791854326047,0.0,-4.0,0,0.0,0.0,0.0,-0.022683000000000834
2007-05-23,-0.0075946568210731,0.0,0.008,0.28,-0.0004794151613687,0.0,0.0,0,0.0,0.0,0.0,-0.022683000000000834
2007-05-24,-0.0250540736982678,0.0,0.0163999999999999,0.28,-0.0004796451105129,0.0,4.0,0,0.0,0.0,0.0,-0.022683000000000834
2007-05-25,0.021283439535642,0.0,-0.0133,0.28,-0.000479875280348,0.0,-3.0,0,0.0,0.0,0.0,-0.022683000000000834
2007-05-28,0.0096783033893785,0.0,-0.0079,0.28,-0.0014410090717724,0.0,0.0,0,0.0,0.0,0.0,-0.022683000000000834
2007-05-29,-0.007839551673701,0.0,0.002,0.28,-0.0004807981729992,0.0,2.0,0,0.0,0.0,0.0,-0.022683000000000834
2007-05-30,0.0156371601762934,0.0,0.0007000000000001,0.28,-0.0004810294510839,0.0,4.0,0,0.0,0.0,0.0,-0.022683000000000834
2007-05-31,-0.0049620316323366,0.0,-0.0179,0.28,-0.0004812609517799,0.0,-1.0,0,0.0,0.0,0.0,-0.022683000000000834
2007-06-01,0.0218570357201155,0.0,-0.0233000000000001,0.28,-0.0004814926754068,-0.0199999999999999,-6.0,1,0.0,0.0,0.0,-0.022683000000000834
2007-06-04,-0.0033750242975596,0.0,0.0159,0.276,0.0029966447931339,0.0,5.0,0,0.0,0.0,0.0,-0.022683000000000834
2007-06-05,-0.0015224851397253,0.0,0.018,0.2746666666666666,0.0009968893855134,0.0,0.0,0,0.0,0.0,0.0,-0.022683000000000834
2007-06-06,-0.0211582728291794,0.0,0.0221999999999999,0.2733333333333334,0.000995896586696,0.0,2.0,0,0.0,0.0,0.0,-0.022683000000000834
2007-06-08,0.0053842378035664,-0.0017689999999999,0.0020999999999999,0.2706666666666666,0.0019888226729776,0.0,0.0,0,0.0,0.0,0.0,-0.024452000000000734
2007-06-11,0.0085056693636111,0.0,-0.0164999999999999,0.2666666666666666,0.0029758372144517,0.0,0.0,0,0.0,0.0,0.0,-0.024452000000000734
2007-06-12,-0.0187432572173484,0.0,-0.0053,0.2653333333333333,0.0009899810735785,0.0,-3.0,0,0.0,0.0,0.0,-0.024452000000000734
2007-06-13,0.0228464670661132,0.0,0.0021999999999999,0.264,0.0009890019802547,0.0,8.0,0,0.0,0.0,0.0,-0.024452000000000734
2007-06-14,0.0134763582813999,0.0,-0.0139,0.2626666666666666,0.0009880248216713,0.0,-3.0,0,0.0,0.0,0.0,-0.024452000000000734
2007-06-15,0.0148942068893411,0.0,-0.0205999999999999,0.2613333333333333,0.0009870495920942,0.0,-7.0,0,0.0,0.0,0.0,-0.024452000000000734
2007-06-18,0.0038627403885929,0.0,-0.0049999999999998,0.2573333333333333,0.0029553166034439,0.0,-3.0,0,0.0,0.0,0.0,-0.024452000000000734
2007-06-19,-0.001572586130587,0.0,0.0010999999999998,0.256,0.0009831678500784,0.0,5.0,0,0.0,0.0,0.0,-0.024452000000000734
2007-06-20,-0.01131847957671,0.0,0.014,0.2546666666666666,0.0009822021803955,0.0,-1.0,0,0.0,0.0,0.0,-0.024452000000000734
2007-06-21,0.0115563548031278,0.0,-9.9999999999989e-05,0.2533333333333333,0.0009812384058154,0.0,3.0,0,0.0,0.0,0.0,-0.024452000000000734
2007-06-22,-0.0071609868640507,0.0,0.0137,0.252,0.0009802765207691,0.0,2.0,0,0.0,0.0,0.0,-0.024452000000000734
2007-06-25,-0.0041547853579455,0.0,0.0044999999999999,0.248,0.002935077064194,0.0,7.0,0,0.0,0.0,0.0,-0.024452000000000734
2007-06-26,-0.0035219789126728,0.0,0.0109000000000001,0.2466666666666666,0.0009764477651916,0.0,3.0,0,0.0,0.0,0.0,-0.024452000000000734
2007-06-27,0.0053891514290711,0.0,0.0010999999999998,0.2453333333333333,0.0009754952449636,0.0,1.0,0,0.0,0.0,0.0,-0.024452000000000734
2007-06-28,7.387570416028666e-05,0.0,-0.0242999999999999,0.244,0.0009745445812825,0.0,-7.0,1,0.0,0.0,0.0,-0.024452000000000734
2007-06-29,0.0045145139739375,0.0,0.0005999999999999,0.2426666666666666,0.0009735957687286,0.0,9.0,0,0.0,0.0,0.0,-0.024452000000000734
2007-07-02,0.0178389067691053,0.0,-0.0085999999999999,0.2474193548387096,0.0023617743540693,0.06,-3.0,0,0.0,0.0,0.0,-0.024452000000000734
2007-07-03,0.0059241559399758,0.0,-0.0054,0.2548387096774193,0.0004172477084463,0.0,0.0,0,0.0,0.0,0.0,-0.024452000000000734
2007-07-04,-7.181586415505592e-05,0.0,-0.0022999999999999,0.262258064516129,0.0004170736854032,0.0,0.0,0,0.0,0.0,0.0,-0.024452000000000734
2007-07-05,0.0042283361095201,0.0,0.0058,0.2696774193548387,0.0004168998074618,0.0,-4.0,0,0.0,0.0,0.0,-0.024452000000000734
2007-07-06,0.0091123290169097,0.0,-0.0123999999999999,0.2770967741935484,0.0004167260744392,0.0,-6.0,0,0.0,0.0,0.0,-0.024452000000000734
2007-07-10,-0.0099887767768098,0.0,-0.0085999999999999,0.3067741935483871,0.0016651698595797,0.0,11.0,0,0.0,0.0,0.0,-0.024452000000000734
2007-07-11,0.0084284927723263,0.0,-0.0047000000000001,0.3141935483870968,0.0004158595767815,0.0,-4.0,0,0.0,0.0,0.0,-0.024452000000000734
2007-07-12,0.0220595244900998,0.0,-0.0132999999999998,0.3216129032258064,0.0004156867094806,-0.01,-3.0,0,0.0,0.0,0.0,-0.024452000000000734
2007-07-13,0.0005379282949853,0.0,-0.0082999999999999,0.3290322580645161,0.0004155139858372,0.01,3.0,0,0.0,0.0,0.0,-0.024452000000000734
2007-07-16,-0.0046949259411963,0.0,-0.0037,0.3512903225806451,0.0012455070495391,0.0,4.0,0,0.0,0.0,0.0,-0.024452000000000734
2007-07-17,0.0049724531753376,0.0,-0.0025999999999999,0.3587096774193548,0.0004148245242596,0.0,-3.0,0,0.0,0.0,0.0,-0.024452000000000734
2007-07-18,-0.0018053053090856,0.0,-0.0012,0.3661290322580645,0.0004146525162251,-0.01,7.0,0,0.0,0.0,0.0,-0.024452000000000734
2007-07-19,0.00983747700635,-0.001778,-0.0073,0.3735483870967742,0.0004144806507788,0.0,-2.0,0,0.0,0.0,0.0,-0.026230000000000732
2007-07-20,-0.0118027121191524,0.0,0.0070000000000001,0.3809677419354839,0.000414308927743,0.0,7.0,0,0.0,0.0,0.0,-0.026230000000000732
2007-07-23,0.0102875864010254,0.0,-0.0158,0.4032258064516129,0.0012418978664623,0.0,2.0,0,0.0,0.0,0.0,-0.026230000000000732
2007-07-24,-0.0393964785517297,0.0,0.0077,0.4106451612903226,0.0004136234561684,0.01,7.0,0,0.0,0.0,0.0,-0.026230000000000732
2007-07-25,0.0036852880809057,0.0,0.0118,0.4180645161290322,0.0004134524425403,0.0,7.0,0,0.0,0.0,0.0,-0.026230000000000732
2007-07-26,-0.0383689483673439,0.0,0.0410999999999999,0.4254838709677419,0.0004132815702622,0.0,39.0,1,0.0,0.0,0.0,-0.026230000000000732
2007-07-27,-0.0181814679236698,0.0,0.0015,0.4329032258064516,0.0004131108391618,0.0,-10.0,0,0.0,0.0,0.0,-0.026230000000000732
2007-07-30,0.0307201235206324,0.0,-0.026,0.4551612903225806,0.0012383095400601,0.0,-5.0,1,0.0,0.0,0.0,-0.026230000000000732
2007-07-31,-0.0071720488385533,0.0,-0.0033,0.4625806451612902,0.0004124293230578,0.0,1.0,0,0.1195383811916293,-0.0127272929087878,0.0171482071047604,-0.026230000000000732
2007-08-01,0.0009408119346936,0.0,0.008,0.47,0.0004122592952349,-0.02,-2.0,0,0.0063572842559593,0.0072165668337128,-0.0223106965516684,-0.026230000000000732
2007-08-02,0.008391144025591,0.0,-0.0126999999999999,0.4606451612903225,-0.0009493740914816,0.0,-5.0,0,-0.1092643259217021,0.0043498168025946,0.0054265722532075,-0.026230000000000732
2007-08-03,-0.0343171385214962,0.0,0.0084999999999999,0.4512903225806451,-0.000950276259207,0.0,0.0,0,0.1703113249401138,-0.026945788416662,-0.0134212648043664,-0.026230000000000732
2007-08-06,0.0046253988087343,0.0,0.0292000000000001,0.4232258064516129,-0.0028562589710077,0.0,-1.0,1,-0.0923732907856853,0.0238640801648673,-0.049077856687517,-0.026230000000000732
2007-08-07,0.0133032188408073,0.0,-0.0029000000000001,0.4138709677419354,-0.0009539021417168,0.0,-6.0,0,-0.0620424137118182,0.0061404746545445,0.0088131629744896,-0.026230000000000732
2007-08-08,0.0263947900033123,0.0,-0.0210999999999998,0.404516129032258,-0.000954812939895,0.0,-19.0,0,-0.0051150403277363,0.0139737527890708,-0.0113455265984656,-0.026230000000000732
2007-08-09,-0.0333143293296309,0.0,0.0324999999999999,0.3951612903225806,-0.0009557254790202,0.0,9.0,1,0.2106650328393614,-0.0300980667075809,-0.0110482539699878,-0.026230000000000732
2007-08-10,-0.0149528094973447,0.0,0.0359,0.3858064516129032,-0.0009566397640856,0.0,6.0,1,0.0664720639085407,0.0003784657249806,0.0025604609597272,-0.026230000000000732
2007-08-13,-0.0038830565008396,-3.500000000000031e-05,-0.0139,0.3577419354838709,-0.0028754225374303,0.0,-1.0,0,-0.0630790294042057,-0.0004954108659971,-0.0022755809789741,-0.026265000000000732
2007-08-14,-0.0294565837180869,3.500000000000031e-05,0.0398,0.3483870967741935,-0.0009603144643772,0.0,8.0,1,0.0409273934886108,-0.0183233954989881,0.0039789560577249,-0.026230000000000732
2007-08-15,-0.032478877037974,0.0,0.0234,0.3390322580645161,-0.000961237554776,0.0,3.0,1,0.1025748388391304,-0.014005458249531,0.0158989946450146,-0.026230000000000732
2007-08-16,-0.0260854864193902,0.0,0.1080999999999998,0.3296774193548387,-0.0009621624215014,0.0,29.0,1,0.0052032588096574,0.003243520983883,-0.0264494988359473,-0.026230000000000732
2007-08-17,0.0112452647604666,0.0,-0.0748000000000002,0.3203225806451613,-0.0009630890696836,0.0,-21.0,1,-0.027624254294414,0.0242695665225197,0.0095572484505179,-0.026230000000000732
2007-08-20,0.0132360138238514,0.0,-0.0095999999999998,0.292258064516129,-0.0028948449901324,0.0,8.0,0,-0.1301550145183664,-0.0002696828152993,-0.0084112544294884,-0.026230000000000732
2007-08-21,0.0123005762144892,0.0,0.0104999999999999,0.2829032258064516,-0.0009668135803391,0.0,1.0,0,-0.041882814889244,0.001085465275582,-0.0167464000897175,-0.026230000000000732
2007-08-22,0.0380116656233173,0.0,-0.0211999999999998,0.2735483870967742,-0.000967749213494,0.0,-7.0,0,-0.0981260484214444,0.011644820880578,0.0001454910386194,-0.026230000000000732
2007-08-23,0.0019885520052795,0.0,-0.0234,0.2641935483870967,-0.0009686866593199,0.0,-3.0,1,-0.0118655995105625,-0.0010728917937874,0.0167440933086758,-0.026230000000000732
2007-08-24,0.021937815865634,0.0,-0.0083999999999999,0.2548387096774193,-0.0009696259230906,0.0,-7.0,0,-0.087735123537342,0.0114690180502615,0.0108201812771825,-0.026230000000000732
2007-08-27,0.0015083527879546,0.0,-0.0365999999999999,0.2267741935483871,-0.00291453161085,0.0,0.0,1,0.0921461793788569,-0.0085399519130986,0.0046619312006054,-0.026230000000000732
2007-08-28,-0.0273691443204082,0.0,0.036,0.2174193548387096,-0.0009734012637814,0.0,7.0,1,0.146323346543737,-0.0237529428961658,-0.0056536390377671,-0.026230000000000732
2007-08-29,0.020885986269981,0.0,0.0014999999999998,0.2080645161290322,-0.0009743496970848,0.0,-7.0,0,-0.0994632721058139,0.0216850509809045,0.0221482868818716,-0.026230000000000732
2007-08-30,0.0023297009391143,0.0,-0.0086999999999999,0.1987096774193548,-0.0009752999803982,0.0,6.0,0,0.0511672900879643,-0.0041897747783128,-0.0031937224881215,-0.026230000000000732
2007-08-31,0.0331022362558925,0.0,-0.0157,0.1893548387096774,-0.0009762521191483,0.0,-11.0,0,-0.0693920080081973,0.0111543032908534,0.0109275711338538,-0.026230000000000732
2007-09-03,0.0035808935679,0.0,-0.0072999999999998,0.188,0.0044884741714401,0.01,0.0,0,-0.0693920080081973,0.0111543032908534,0.0109275711338538,-0.026230000000000732
2007-09-04,0.0075761379063781,0.0,-0.0019,0.192,0.0027216781894079,0.0,1.0,0,-0.0259979319870593,0.0104138090770479,0.0167795454795744,-0.026230000000000732
2007-09-05,-0.015357138524525,0.0,0.0111999999999998,0.196,0.0027142907589006,0.0,10.0,0,0.0760501128724779,-0.0115677736314107,0.0056657130448105,-0.026230000000000732
2007-09-06,0.0029547540698526,-0.000891,-0.0095,0.1999999999999999,0.0027069433231545,0.0,-2.0,0,-0.0242960337231007,0.0042428725177974,0.0057675745075475,-0.02712100000000073
2007-09-10,-0.0357427389295263,0.0,0.0046000000000001,0.216,0.0107550875662951,0.01,15.0,0,0.0429090127821036,-0.0012736238921536,0.0054467574551317,-0.02712100000000073
2007-09-11,0.023796795412478,0.0,-0.0287000000000001,0.22,0.0026707948499442,0.0,-9.0,1,-0.0801948496939643,0.0135402363950209,0.0118530808631031,-0.02712100000000073
2007-09-12,-0.0007049831467078,0.0,-0.0178999999999998,0.2239999999999999,0.002663680701028,0.0,-3.0,0,-0.0123434326935637,4.761615210455319e-05,0.0168769820737675,-0.02712100000000073
2007-09-13,0.0188440281099797,0.0,-0.0134,0.2279999999999999,0.0026566043511149,-0.01,-8.0,0,-0.0080450497610335,0.00838431615381,-0.0072351419950138,-0.02712100000000073
2007-09-14,-0.0043256530822066,0.0,0.004,0.2319999999999999,0.00264956549975,0.0,-1.0,0,0.0064412399203959,0.0002021756176019,-0.0117387744554465,-0.02712100000000073
2007-09-17,-0.0060543978283504,0.0,0.0092,0.244,0.0079068339361612,0.0,1.0,0,0.0607190168008524,-0.0051335689917121,0.0099217800022294,-0.02712100000000073
2007-09-18,0.041895377128208,0.0,-0.0163000000000002,0.248,0.0026217791810019,0.01,-11.0,0,-0.2633087831476146,0.0287895816408063,0.0078928142441773,-0.02712100000000073
2007-09-19,0.010497770416606,0.0,-0.0321,0.252,0.0026149234252894,0.0,-11.0,1,-0.0158497466754645,0.0060679597642346,0.0112778959880416,-0.02712100000000073
2007-09-20,-0.0062713702959928,0.0,-0.0001999999999999,0.256,0.0026081034306546,0.0,-5.0,0,0.0207517358377822,-0.0067459384752551,0.007869996532575,-0.02712100000000073
2007-09-21,0.015570690762928,0.0,-0.0019,0.26,0.0026013189180265,0.0,0.0,0,-0.0735439406299223,0.0045984643357457,0.0026517688962462,-0.02712100000000073
2007-09-24,0.0157918796978915,0.0,0.0076,0.272,0.0077636003727068,0.0,2.0,0,0.0192865415789162,-0.0052703077703663,-0.0049301581828785,-0.02712100000000073
2007-09-25,0.0023644091064713,0.0,-0.0038,0.276,0.0025745302065498,0.0,-1.0,0,-0.0405639195170763,-0.0003426885186387,-0.0164828476158899,-0.02712100000000073
2007-09-26,0.0144554818254221,0.0,-0.0162999999999999,0.28,0.002567919017828,0.0,-1.0,0,-0.0535596524210777,0.0053967146323151,-0.002450854985794,-0.02712100000000073
2007-09-27,0.0221427149324853,0.0,-0.0083999999999999,0.284,0.0025613416961718,0.0,4.0,0,-0.0363886047509865,0.0038994820691835,0.0330272427859414,-0.02712100000000073
2007-09-28,-0.0096612748156363,0.0,-0.002,0.288,0.0025547979820057,0.0,-3.0,0,0.0571584138399486,-0.0030279997338536,-0.0108041330706814,-0.02712100000000073
2007-10-01,0.0305385891019511,0.0,-0.0163999999999999,0.3,0.0076254638977193,0.0299999999999999,0.0,0,-0.0089286221911684,0.0132021598818247,-0.0195146656156975,-0.02712100000000073
2007-10-02,-0.0051947333298922,0.0,0.0009999999999998,0.3025806451612903,-0.0003176312999695,0.0,0.0,0,0.0357868973153548,-0.0002650794533767,-0.0033544366618679,-0.02712100000000073
2007-10-03,-0.0314153385416737,0.0,0.0039,0.3051612903225806,-0.0003177322216671,0.0,-3.0,0,0.0166267962336657,-0.0045622485372649,0.0,-0.02712100000000073
2007-10-04,0.0051117897976844,0.0,0.0010000000000001,0.3077419354838709,-0.0003178332075215,0.0,1.0,0,-0.0193345821636597,0.0021087267359828,0.0203397351896593,-0.02712100000000073
2007-10-05,0.0311613629553484,0.0,-0.0192000000000001,0.3103225806451613,-0.0003179342575858,0.0,-6.0,0,-0.0866170932033982,0.0095148812294747,-0.0008868017760663,-0.02712100000000073
2007-10-08,0.0054728893206323,0.0,0.0040999999999999,0.3180645161290322,-0.0009544097162095,0.0,0.0,0,0.0320073440887946,-0.0032216979939063,-0.0298452772317322,-0.02712100000000073
2007-10-09,0.0140720173291395,0.0,-0.0024999999999999,0.3206451612903225,-0.0003183391012129,0.0,-4.0,0,-0.0798517088356473,0.0080636466591908,0.0118128982485378,-0.02712100000000073
2007-10-10,-0.0055544301987069,0.0,-0.006,0.3232258064516129,-0.0003184404732667,0.0,1.0,0,0.0335499121993179,-0.0017137979492955,0.0142228118139057,-0.02712100000000073
2007-10-11,-0.0117945228537319,0.0,-0.0127999999999999,0.3258064516129032,-0.0003185419099054,0.0,-1.0,0,0.124492414927008,-0.0051718092939994,0.0195282180714091,-0.02712100000000073
2007-10-15,0.0081802329785105,0.0,0.0158,0.3361290322580645,-0.001275183299807,0.0,-1.0,0,0.0822529664662711,-0.0084167323854276,0.0269458667476867,-0.02712100000000073
2007-10-16,-0.0200669192335745,0.0,0.0163999999999999,0.3387096774193548,-0.0003190500639931,0.0,1.0,0,0.0392207360185992,-0.0065948669805359,0.0096212773103555,-0.02712100000000073
2007-10-17,0.023633737374249,0.0,-0.0103999999999999,0.3412903225806452,-0.0003191518894247,0.01,9.0,0,-0.0768011872334903,0.0017598467546105,-0.0050396770641326,-0.02712100000000073
2007-10-18,0.0010596655928125,0.0,-0.0067000000000001,0.3438709677419355,-0.0003192537798728,0.0,-3.0,0,-0.0021598774346231,-0.000752946305293,0.0175286340723884,-0.02712100000000073
2007-10-19,-0.0381343778352523,0.0,-0.0106999999999999,0.3464516129032258,-0.0003193557353995,0.0,10.0,0,0.2159827994922013,-0.0259493114071029,-0.0096205690241375,-0.02712100000000073
2007-10-22,0.0052576098311423,0.0,0.0242,0.3541935483870967,-0.0009586795910774,0.0,2.0,1,-0.0592101058029858,0.0037911765191724,-0.0062253796177607,-0.02712100000000073
2007-10-23,0.0239213420783457,0.0,-0.0199,0.3567741935483871,-0.0003197642095393,0.0,-2.0,0,-0.0585184564278751,0.0087643394319839,-0.0050565744786813,-0.02712100000000073
2007-10-24,-0.0011490401991949,0.0,-0.0038,0.3593548387096774,-0.000319866491397,0.0,6.0,0,0.0189279806818705,-0.0024444075023621,0.0181801952763432,-0.02712100000000073
2007-10-25,-0.0045452441293676,0.0,-0.0072999999999998,0.3619354838709677,-0.0003199688387081,0.0,-3.0,0,0.0176321387231543,-0.0009767946012353,0.0361983134507456,-0.02712100000000073
2007-10-26,0.030566995903845,0.0,-0.0144000000000001,0.364516129032258,-0.0003200712515347,0.0,-3.0,0,-0.0790984514475328,0.0136934568760324,0.0137369367334806,-0.02712100000000073
2007-10-29,0.0118776527839692,0.0,-0.0156999999999998,0.372258064516129,-0.0009608288876812,0.0,-1.0,0,0.015724461496818,0.0037057710835717,0.0182117455468047,-0.02712100000000073
2007-10-30,-0.010214340856022,-3.600000000000131e-05,-0.0042999999999999,0.3748387096774194,-0.0003204815592727,0.0,-1.0,0,0.0586391145322672,-0.0064843722893348,-0.032406044673364,-0.027157000000000733
2007-10-31,0.0144180260324855,3.600000000000131e-05,-0.0112,0.3774193548387097,-0.0003205843006313,0.0,-8.0,0,-0.1284591359790466,0.0119206613567549,0.0358323819720355,-0.02712100000000073
2007-11-01,-0.0196036207971967,0.0,0.002,0.38,-0.0003206871078837,0.01,12.0,0,0.2251921034878112,-0.0267788886898088,-0.0100915305035454,-0.02712100000000073
2007-11-05,-0.0171644242335951,0.0,0.0096,0.428,-0.0032318755307318,0.0,7.0,0,0.0549588523650588,-0.0049670934370716,-0.017418460543427,-0.02712100000000073
2007-11-06,0.0242121302388547,0.0,-0.0231000000000001,0.44,-0.0008096035583289,0.0,-2.0,1,-0.1279642717995136,0.0119772048944517,0.0301519905306794,-0.02712100000000073
2007-11-07,-0.0156560805418592,0.0,0.0075,0.452,-0.0008102595473769,0.0,7.0,0,0.2138438000837883,-0.0298097263615747,-0.0002145230298943,-0.02712100000000073
2007-11-08,0.0009601536983439,0.0,-0.0045999999999999,0.464,-0.0008109166003293,0.0,9.0,0,-0.0125357738875399,-0.0005761784748674,-0.0048379060247139,-0.02712100000000073
2007-11-09,0.0118703645090487,0.0,0.0136,0.476,-0.0008115747197798,0.0,2.0,0,0.0856725665184774,-0.0143900618120115,0.0041942244320243,-0.02712100000000073
2007-11-12,-0.0444100691538302,0.0,0.0249999999999999,0.512,-0.0024386835800136,0.0,0.0,1,0.0869821417039987,-0.0100384525923685,-0.012961911055652,-0.02712100000000073
2007-11-13,0.0224992215262638,0.0,-0.0058,0.524,-0.0008142179146286,0.01,0.0,0,-0.254674372653375,0.0286777843877612,-0.0348467472134889,-0.02712100000000073
2007-11-14,0.0267188474598345,0.0,-0.0303999999999999,0.536,-0.000814881405704,0.0,-5.0,1,0.0735743431512578,-0.0070944777433505,0.0280833011938,-0.02712100000000073
2007-11-16,-0.0003404518757736,0.0,0.0036,0.56,-0.0016317576161437,0.0,13.0,0,-0.0960588462328682,0.0052166803519847,0.0152876152259768,-0.02712100000000073
2007-11-19,-0.0358146119499593,0.0,0.0179,0.596,-0.0024526397489648,0.0,10.0,0,0.0201948788515787,-0.0176144820806181,0.0071778016407303,-0.02712100000000073
2007-11-21,-0.0285412887698317,0.0,0.0272999999999998,0.62,-0.0016384414659853,0.0,14.0,1,0.0758290836488416,-0.0160550780643188,-0.006830285007212,-0.02712100000000073
2007-11-22,0.0011712790550095,0.0,-0.0119,0.632,-0.0008202285177407,0.0,0.0,0,0.0758290836488416,-0.0160550780643188,-0.006830285007212,-0.02712100000000073
2007-11-23,0.0052292429889124,0.0,0.0215,0.644,-0.0008209018448841,0.0,-1.0,0,-0.0469103937445919,0.0167494261229775,0.0096538609742376,-0.02712100000000073
2007-11-26,-0.0316920891855243,0.0,0.0147999999999999,0.6799999999999999,-0.0024667565749449,0.0,21.0,0,0.1212046267062412,-0.0235129665512975,-0.0046054345289395,-0.02712100000000073
2007-11-27,0.006126549740868,0.0,0.0391000000000001,0.692,-0.0008236062445767,0.0,-8.0,1,-0.0953793310057502,0.0148197955564901,-0.0298148479490402,-0.02712100000000073
2007-11-28,0.0376942113463876,0.0,-0.0483,0.704,-0.0008242851309976,0.0,-17.0,1,-0.0861815022361068,0.0281596233998319,-0.0297285005811756,-0.02712100000000073
2007-11-29,0.007120340728596,0.0,-0.0113,0.716,-0.0008249651375322,0.0,4.0,0,-0.0058236977081105,0.0004763614252619,0.0045548450118106,-0.02712100000000073
2007-11-30,0.0135826060274233,0.0,-0.0067999999999999,0.728,-0.0008256462669571,0.0099999999999999,-20.0,0,-0.0469769750697466,0.0077401849067429,-0.021964117465308,-0.02712100000000073
2007-12-03,0.0030743412009002,0.0,0.0050999999999998,0.7270967741935483,-0.0020656873035651,0.03,17.0,0,0.0318443322183127,-0.0059047358888436,0.0172979812468576,-0.02712100000000073
2007-12-04,0.0044520999952304,0.0,0.0344999999999999,0.7206451612903226,-0.0006202558708992,0.0,1.0,1,0.0075949858497491,-0.0065617377722414,-0.0030112582805996,-0.02712100000000073
2007-12-05,0.0225225624953626,0.0,-0.0276999999999998,0.7141935483870968,-0.0006206408270266,0.0,-4.0,1,-0.0544175778774758,0.0150759150455685,-0.0116842238731603,-0.02712100000000073
2007-12-06,0.0132040872173853,0.0,-0.0082999999999999,0.707741935483871,-0.0006210262612924,0.0,-9.0,0,-0.072231969147994,0.0149249725092903,0.0189181492386786,-0.02712100000000073
2007-12-07,-0.002313019367989,0.0,-0.0257,0.7012903225806452,-0.0006214121745848,0.0,-7.0,1,-0.0052618492323803,-0.0017795035510103,-0.0172244602637735,-0.02712100000000073
2007-12-10,-0.0029446563597446,0.0,0.0003999999999999,0.6819354838709677,-0.001866556807192,0.01,-6.0,0,-0.0052897747751076,0.0074818941071707,-0.0067919490559846,-0.02712100000000073
2007-12-11,-0.0143741221242077,0.0,0.0029999999999998,0.675483870967742,-0.000622960635928,0.0,11.0,0,0.1287587081223002,-0.0255958713704251,0.0219072622500713,-0.02712100000000073
2007-12-12,0.0035588878140533,0.0,-0.0025999999999999,0.6690322580645162,-0.000623348957804,0.0,-2.0,0,-0.0486418442489982,0.0060318790254932,0.0438089605841959,-0.02712100000000073
2007-12-13,-0.0294842012122149,0.0,0.0121999999999999,0.6625806451612903,-0.0006237377641014,0.0,-9.0,0,0.0039973473181763,0.001223575520302,-0.020415385123774,-0.02712100000000073
2007-12-14,-0.0066397702956386,0.0,0.0213,0.6561290322580645,-0.0006241270557278,0.0,-3.0,0,0.0309865940289469,-0.013841622651711,-0.0046787560791929,-0.02712100000000073
2007-12-17,-0.0428123905179678,0.0,0.0163999999999999,0.6367741935483872,-0.0018747217838903,0.01,10.0,0,0.0523241327509637,-0.0151348544669958,-0.0043720860827845,-0.02712100000000073
2007-12-18,0.0209726187890026,0.0,-0.0032,0.6303225806451613,-0.0006256890937468,0.0,5.0,0,-0.0797709033610114,0.0062601594638196,-0.0128991165647841,-0.02712100000000073
2007-12-19,0.0101940337908654,0.0,-0.0071999999999998,0.6238709677419355,-0.0006260808257039,0.0,6.0,0,-0.0433280357281714,-0.0013617568126454,0.014978259809414,-0.02712100000000073
2007-12-20,-9.721479616864316e-05,0.0,0.0012999999999998,0.6174193548387097,-0.000626473048479,0.0099999999999999,5.0,0,-0.0520704639491043,0.0048882361912445,-0.0065804810996321,-0.02712100000000073
2007-12-21,0.0221458567429895,0.0,-0.0065999999999999,0.6109677419354839,-0.0006268657629995,-0.0099999999999999,-14.0,0,-0.108171969663826,0.0165324226656183,0.0172361839074372,-0.02712100000000073
2007-12-26,0.0186839153087543,0.0,-0.0170999999999998,0.5787096774193549,-0.0031402368086457,0.0,-11.0,0,0.0032205860136454,0.000808309033147,0.0132878669368317,-0.02712100000000073
2007-12-27,-0.0080274048530242,0.0,-0.0124000000000001,0.572258064516129,-0.0006292324286754,0.0,2.0,0,0.082266322875839,-0.0143852633546597,0.0089020970722653,-0.02712100000000073
2007-12-28,0.0017546612679897,0.0,0.0042000000000002,0.5658064516129033,-0.0006296286114295,0.0099999999999999,8.0,0,0.0234156816478477,0.0015026405620078,-0.0095410619335937,-0.02712100000000073
2008-01-02,-0.0169063465911083,0.0,0.0008999999999999,0.5383870967741936,-0.0026392359987177,0.02,14.0,0,0.0293430325267003,-0.014543083003997,0.041635707175525,-0.02712100000000073
2008-01-03,0.0012250711516479,0.0,-0.0153,0.5367741935483872,-0.0001167633591752,0.0,-1.0,0,-0.0297875859428997,0.0,-0.0024559761643021,-0.02712100000000073
2008-01-04,-0.0299387319392412,0.0,0.0005000000000001,0.5351612903225806,-0.0001167769944494,0.01,5.0,0,0.0624799666438229,-0.0248579702239552,-0.00833378516514,-0.02712100000000073
2008-01-07,-0.0043510810872682,-3.600000000000131e-05,0.0100999999999999,0.5303225806451614,-0.0003504128268492,0.0,-2.0,0,-0.0062853596394273,0.0032180752317446,-0.025108563749322,-0.027157000000000733
2008-01-08,0.0213108274111295,0.0,-0.0121,0.5287096774193548,-0.0001168315674053,0.0,-4.0,0,0.0666642286360781,-0.0185227574625863,0.0121098886738963,-0.027157000000000733
2008-01-09,0.00950670459933,3.600000000000131e-05,0.0136999999999998,0.5270967741935484,-0.0001168452186171,0.0,13.0,0,-0.0528881847815768,0.0135321098418891,-0.0123217624068366,-0.02712100000000073
2008-01-10,0.0133294098834451,0.0,-0.0062999999999999,0.525483870967742,-0.0001168588730173,0.0,-12.0,0,-0.0281708792260525,0.0079167118971259,-0.0230462151222208,-0.02712100000000073
2008-01-11,-0.0250776351394179,0.0,-0.0091999999999998,0.5238709677419355,-0.0001168725306097,0.0,5.0,0,0.0097602954762763,-0.0136886513285662,-0.0125486017866934,-0.02712100000000073
2008-01-14,0.0039635917514875,0.0,-0.0121999999999999,0.5190322580645161,-0.0003506995693154,0.01,0.0,0,-0.0334939290011684,0.0108119766488798,0.020110449967772,-0.02712100000000073
2008-01-15,-0.0373686953581291,0.0,0.0036,0.5174193548387097,-0.0001169271929182,0.0,7.0,0,0.0190317394938957,-0.0252409005948043,-0.0210991491571501,-0.02712100000000073
2008-01-16,-0.0190427378090127,0.0,0.0179999999999997,0.5158064516129033,-0.0001169408664836,0.0,-2.0,0,0.0435944562340749,-0.0056278857217874,-0.0164011137585371,-0.02712100000000073
2008-01-17,-0.0300504418678659,0.0,0.0057,0.5141935483870967,-0.00011695454325,0.0,12.0,0,0.1547364708626921,-0.0295241765449126,-0.0084151969252844,-0.02712100000000073
2008-01-18,0.0081891101330509,0.0,0.0162999999999999,0.5125806451612903,-0.0001169682232156,0.0,4.0,0,-0.0460181405418387,-0.0060637693295888,0.005393915177666,-0.02712100000000073
2008-01-21,-0.0683087049482917,-3.600000000000131e-05,0.0451000000000001,0.507741935483871,-0.0003509867814486,0.0,0.0,1,-0.0460181405418387,-0.0060637693295888,0.005393915177666,-0.027157000000000733
2008-01-22,0.0435017499256886,3.600000000000131e-05,-0.026,0.5061290322580645,-0.0001170229750933,0.0,17.0,1,0.1318283205423103,-0.0111470573876617,-0.0087799574300296,-0.02712100000000073
2008-01-23,-0.0337558786707532,0.0,0.0105999999999999,0.5045161290322581,-0.0001170366710745,0.01,6.0,0,-0.0663244772631444,0.0212155296645757,-0.0209066186082765,-0.02712100000000073
2008-01-24,0.0578148059292615,-3.600000000000131e-05,-0.0263999999999999,0.5029032258064516,-0.0001170503702585,0.0,-23.0,1,-0.0436689011866589,0.010012438257546,0.0278918065226464,-0.027157000000000733
2008-01-28,0.0194910398409078,3.600000000000131e-05,0.0022999999999999,0.4964516129032258,-0.000468338537054,0.0,7.0,0,-0.0457342879982721,0.0173961304104812,0.0052665881086367,-0.02712100000000073
2008-01-29,0.0158480849029487,0.0,-0.0143999999999999,0.4948387096774193,-0.0001171189143214,0.0,-6.0,0,-0.0166973385112856,0.0061408805266339,0.0067619709706239,-0.02712100000000073
2008-01-30,0.0126692786998674,0.0,0.004,0.4932258064516129,-0.0001171326327664,0.0,-9.0,0,0.0109211548339619,-0.0047753787088497,0.0057443260193865,-0.02712100000000073
2008-01-31,-0.0133414346653513,0.0,-0.0199,0.4916129032258064,-0.0001171463544267,-0.01,11.0,0,-0.0527807384792574,0.0166331526297908,-0.0034643284460979,-0.02712100000000073
2008-02-01,0.0263762491506174,0.0,-0.0151999999999998,0.49,-0.0001171600793039,-0.01,4.0,0,-0.0868726041774348,0.0121632191673806,-0.0305005379189589,-0.02712100000000073
2008-02-06,-0.0351725982569437,0.0,0.008,0.4882758620689655,0.0112821858029317,0.0,6.0,0,0.0255213835591477,-0.0076528493892379,-0.0117781760743704,-0.02712100000000073
2008-02-07,-6.783455155456863e-05,0.0,0.0095999999999998,0.4879310344827586,0.0022412426619364,0.0,-8.0,0,-0.0462734673592503,0.0078548426395879,0.0082818937625601,-0.02712100000000073
2008-02-08,0.0018807030221292,0.0,0.0054,0.4875862068965517,0.0022362307241419,0.0,16.0,0,0.0125742767233922,-0.0042125802217774,0.0380206528161685,-0.02712100000000073
2008-02-11,0.0261794618418544,0.0,-0.008,0.486551724137931,0.0066788434571254,0.0,0.0,0,-0.0147458108989789,0.0058717267068636,0.0171460104625745,-0.02712100000000073
2008-02-12,0.0189800549338681,0.0,-0.0122999999999999,0.4862068965517241,0.0022164051428426,0.0,-10.0,0,-0.0471068159338583,0.0072396273807119,-0.0071892382304086,-0.02712100000000073
2008-02-13,0.0126372304623227,0.0,-0.0019,0.4858620689655172,0.0022115035529921,0.0,-5.0,0,-0.0566447364708806,0.0135123580384071,0.0049414547184312,-0.02712100000000073
2008-02-14,-0.012410737223794,0.0,0.0009999999999998,0.4855172413793103,0.0022066235950877,0.0,-6.0,0,0.0261816523114631,-0.0135123580384071,0.0195252800354397,-0.02712100000000073
2008-02-15,-0.0088877919710217,-3.600000000000131e-05,0.0072,0.4851724137931034,0.0022017651262409,0.0,9.0,0,-0.0205703631165203,0.0008373973796748,-0.0055852024227527,-0.027157000000000733
2008-02-18,0.0246480283069612,3.600000000000131e-05,-0.0146999999999999,0.4841379310344827,0.0065763573392381,0.0,0.0,0,-0.0205703631165203,0.0008373973796748,-0.0055852024227527,-0.02712100000000073
2008-02-19,-0.0080577263733907,0.0,-0.0064999999999999,0.4837931034482758,0.0021825433274056,0.0,0.0,0,0.0225261327998159,-0.0008966759003646,0.0406909535187392,-0.02712100000000073
2008-02-20,0.0230088535668411,0.0,0.0021999999999999,0.4834482758620689,0.002177790204044,0.0,-9.0,0,-0.0476185394693402,0.0083062779882611,-0.0014214581811138,-0.02712100000000073
2008-02-21,0.0007056665312941,0.0,-0.0247000000000001,0.483103448275862,0.0021730577383216,0.0,3.0,1,0.0290812583438192,-0.012950864527483,-0.0223989673638192,-0.02712100000000073
2008-02-22,0.0127259293310313,0.0,-0.0063999999999999,0.4827586206896551,0.0021683457958623,0.0,-7.0,0,-0.043113686659346,0.0078497205291126,0.0079690385244016,-0.02712100000000073
2008-02-25,0.0060489344226493,0.0,0.0021999999999999,0.4817241379310344,0.0064769689740717,0.0,-9.0,0,-0.0437529447017676,0.0137181458061125,0.0069851366622976,-0.02712100000000073
2008-02-26,0.0027960443460166,0.0,-0.018,0.4813793103448275,0.0021497006114845,0.0,-1.0,0,-0.0503111242441103,0.0068940917430715,0.0180568787801818,-0.02712100000000073
2008-02-27,0.0047751051109159,0.0,-0.0166999999999999,0.4810344827586206,0.0021450893099128,0.0,2.0,0,0.0354377029251401,-0.0009198674497638,-0.01213734522237,-0.02712100000000073
2008-02-28,0.0009156811017536,0.0,0.0007999999999999,0.4806896551724138,0.0021404977493162,0.0,15.0,0,0.036351909592089,-0.0089820929904342,0.0264111842682223,-0.02712100000000073
2008-02-29,-0.0320228224049383,0.0,0.0110000000000001,0.4803448275862069,0.0021359258031985,0.0,10.0,0,0.1203768314792175,-0.02746339501937,-0.0079602714046187,-0.02712100000000073
2008-03-03,0.0156435104758596,0.0,-0.0017,0.484516129032258,0.0036817260039168,-0.0999999999999999,2.0,0,-0.0098448436557199,0.0005334101903081,0.0037890650512316,-0.02712100000000073
2008-03-04,-0.0130165869470531,-3.600000000000131e-05,-0.0085999999999999,0.4867741935483871,0.0007742759119864,0.0,-9.0,0,-0.0293457433304359,-0.0034535854252285,-0.0299012853788723,-0.027157000000000733
2008-03-05,0.0151696403891659,3.600000000000131e-05,-0.0030000000000001,0.4890322580645161,0.0007736768725905,0.0,-6.0,0,-0.0367160179688204,0.005224655309318,0.0413797016969417,-0.02712100000000073
2008-03-06,-0.0259254042257257,0.0,0.002,0.4912903225806451,0.0007730787594031,0.0,5.0,0,0.1132560494608046,-0.0222598585247644,0.0094982473754533,-0.02712100000000073
2008-03-07,-0.0177347390627797,0.0,0.0121,0.4935483870967742,0.00077248157028,0.0,16.0,0,-0.0021802140548701,-0.0084459282050164,-0.0022440456202766,-0.02712100000000073
2008-03-10,-0.0306751877593498,0.0,0.0155,0.5003225806451613,0.0023138707846701,0.0,11.0,0,0.0664918483297944,-0.0155842857926626,0.0172368594166516,-0.02712100000000073
2008-03-11,0.0387244279086065,0.0,-0.0048999999999999,0.5025806451612903,0.0007701020117174,0.0,-19.0,0,-0.1084664093921791,0.0364571326133297,0.0104102589437322,-0.02712100000000073
2008-03-12,-0.003067166883234,0.0,-0.0151000000000001,0.5048387096774194,0.0007695094109418,0.0,7.0,0,0.0321042392087818,-0.0090362783594618,0.0096445212333895,-0.02712100000000073
2008-03-13,0.0016551905238806,0.0,0.0175,0.5070967741935484,0.0007689177214906,0.0,5.0,0,0.0025683962707875,0.0051138234240504,0.0118798860990172,-0.02712100000000073
2008-03-14,-0.0046511337479486,0.0,-0.0023999999999999,0.5093548387096775,0.0007683269412588,0.0,12.0,0,0.1326148478372965,-0.0210022743914945,-0.0125387998230088,-0.02712100000000073
2008-03-17,-0.0324446709930814,0.0,0.0301,0.5161290322580645,0.0023014452032459,0.0,16.0,1,0.0340727535944196,-0.0089990540836312,-0.0428052557491843,-0.02712100000000073
2008-03-18,0.0315086133410531,-3.600000000000131e-05,-0.0241,0.5183870967741936,0.0007659728707736,0.0,-20.0,1,-0.2232211143074833,0.0415348964290097,0.0367606641842806,-0.027157000000000733
2008-03-19,-0.0514522223803304,3.600000000000131e-05,0.0037999999999998,0.5206451612903226,0.0007653866053694,0.0,5.0,0,0.1458629250565271,-0.0245869966260836,-0.0469350866511244,-0.02712100000000073
2008-03-20,0.0027161474589796,0.0,0.0379,0.5229032258064517,0.000764801236718,0.0,1.0,1,-0.1141869359557065,0.0236622861241418,-0.0033814449909186,-0.02712100000000073
2008-03-24,0.0139059479903984,0.0,-0.0017,0.5319354838709678,0.0030533691235987,-0.01,-18.0,0,-0.0340052359907844,0.0152052425852151,-0.0051937456804062,-0.02712100000000073
2008-03-25,0.0234795621751118,0.0,-0.0065999999999999,0.5341935483870968,0.0007618877730219,0.0,2.0,0,-0.0003887358301343,0.002301247732709,0.0073830313133205,-0.02712100000000073
2008-03-26,0.0029515141810776,0.0,-0.0053,0.5364516129032258,0.0007613077419339,0.0,2.0,0,0.0138998614606006,-0.0088044051386296,0.033142477631632,-0.02712100000000073
2008-03-27,-0.0106895114128544,0.0,0.0057,0.5387096774193548,0.0007607285933382,0.0,-4.0,0,-0.0076982969282463,-0.011526658548939,0.009665630028035,-0.02712100000000073
2008-03-28,-0.0051149318703291,0.0,0.0111000000000001,0.5409677419354839,0.0007601503252221,0.01,5.0,0,-0.0065904515368031,-0.0079819575314157,-0.0117834708900871,-0.02712100000000073
2008-03-31,0.0084994746559434,0.0,0.0035,0.5477419354838711,0.0022769901417145,0.0,6.0,0,-0.0038970616240394,0.005671135392827,-0.0340111538732475,-0.02712100000000073
2008-04-01,0.0292077686798322,0.0,0.0042999999999999,0.55,0.0007578460175245,-0.01,-11.0,0,-0.1214994317287083,0.0352670921363933,-0.0012970010499876,-0.02712100000000073
2008-04-02,0.0093389717829541,-0.0001789999999999,-0.0261,0.558,0.0003360489091388,0.0,-5.0,1,0.032533773229432,-0.001935942931411,0.0351154347666067,-0.027300000000000633
2008-04-03,0.0127178499306008,0.0001789999999999,-0.0020999999999999,0.5660000000000001,0.0003359360182031,0.0,-5.0,0,-0.0094340847037438,0.0013007917822774,-0.0119262903591204,-0.02712100000000073
2008-04-04,0.0042139370867602,0.0,-0.0135,0.5740000000000001,0.0003358232030947,0.0,2.0,0,-0.0332925326687589,0.0007956797214259,0.0229496611965974,-0.02712100000000073
2008-04-07,-0.0041983548162676,0.0,-0.0126999999999999,0.5980000000000001,0.0010067934756978,0.0,-7.0,0,-0.0013372271252474,0.0015603804918229,0.021128854807763,-0.02712100000000073
2008-04-08,0.0056558775961192,0.0,0.0047999999999999,0.6060000000000001,0.0003353726993537,-0.01,-2.0,0,-0.0026797454634756,-0.0051130829272386,-0.0074949111175969,-0.02712100000000073
2008-04-09,-0.0166075510615542,0.0,-0.016,0.6140000000000001,0.0003352602622115,0.0,8.0,0,0.0199253372995061,-0.0081249908997769,0.019832174667507,-0.02712100000000073
2008-04-10,0.0007873768162127,0.0,-0.0056,0.6220000000000001,0.0003351479004383,0.0,-8.0,0,-0.0370660847338833,0.0044640731409255,-0.0024923100983627,-0.02712100000000073
2008-04-11,-0.0149393795984877,0.0,0.0054,0.63,0.0003350356139559,0.0,0.0,0,0.0651638760511902,-0.0205845974395006,0.0050703317611983,-0.02712100000000073
2008-04-14,-0.0069265456744833,0.0,-0.0008999999999999,0.654,0.0010044338747317,0.01,-4.0,0,0.0152287469151156,-0.0033895227619906,0.0099730581505229,-0.02712100000000073
2008-04-15,0.0074536896049668,0.0,-0.0045000000000001,0.662,0.0003345872194131,0.0,-7.0,0,-0.0446425629539008,0.0045893291868171,0.0157171107083066,-0.02712100000000073
2008-04-16,0.0242024907942575,0.0,-0.0122999999999999,0.67,0.0003344753082483,0.0,-17.0,0,-0.1039957236847082,0.0224376485954643,0.009632627144797,-0.02712100000000073
2008-04-17,0.0062158330414767,0.001781,-0.0110999999999998,0.678,0.0003343634719215,0.0,2.0,0,-0.0078239930386059,0.0006227205936699,-0.0020436574963894,-0.02534000000000073
2008-04-18,0.0057308517533911,-0.000107,0.0104999999999999,0.686,0.0003342517103597,0.0,-1.0,0,-0.0118520734771744,0.0179764536061541,0.0131656231144721,-0.02544700000000073
2008-04-22,0.007519063168484,-3.500000000000031e-05,-0.0118,0.7180000000000001,0.0013358907184368,0.0,5.0,0,0.0178878751571753,-0.0088492733031711,0.0131957523853941,-0.02548200000000073
2008-04-23,-0.0071340657432124,0.0,0.0006999999999999,0.726,0.0003336940213678,0.0,-1.0,0,-0.0296642511837727,0.0028957208430831,0.0043888211657321,-0.02548200000000073
2008-04-24,-0.0057441249937237,-7.100000000000162e-05,0.0105000000000001,0.734,0.0003335827068102,0.0,-5.0,0,-0.0099207542069877,0.0064216149002844,-0.0183714247400897,-0.02555300000000073
2008-04-25,0.0094172378182637,-7.199999999999568e-05,9.9999999999989e-05,0.742,0.0003334714664955,0.0,-3.0,0,-0.0237085161652574,0.0064737365287359,0.0173404731973875,-0.025625000000000727
2008-04-28,0.0075039514612189,3.599999999999437e-05,0.0075999999999998,0.766,0.0009997476988825,0.0,3.0,0,0.002549032103836,-0.0010521548912095,0.0034323144716316,-0.025589000000000733
2008-04-29,-0.0286033831640644,0.0,0.0294,0.774,0.000333027246155,0.0,-3.0,1,0.0300925612615178,-0.0038962732556066,-0.0287633122152162,-0.025589000000000733
2008-04-30,0.0614040113341314,0.0,-0.0185999999999999,0.782,0.00033291637593,0.0,-7.0,0,0.0268113127959561,-0.0038537184080868,-0.0184177071943875,-0.025589000000000733
2008-05-02,0.0218321917405468,0.0,-0.0365999999999999,0.7883870967741936,0.000942596494843,-0.03,-17.0,1,-0.0377810107307528,0.0032303754374388,0.0360831609433697,-0.025589000000000733
2008-05-05,0.0115952883267063,0.0,0.0071999999999998,0.7835483870967742,0.0018271448456967,0.01,0.0,0,0.0388397963463338,-0.0045438916104296,0.0295011751054678,-0.025589000000000733
2008-05-06,0.0002849611759678,0.0,0.0037,0.7819354838709678,0.0006083071545894,0.0,-3.0,0,-0.0371910584185737,0.0076228057559777,0.0194718677461582,-0.025589000000000733
2008-05-07,-0.0169097432819871,0.0,0.0125999999999999,0.7803225806451614,0.0006079373419449,0.0,6.0,0,0.0801694533696819,-0.0182798527423704,0.0165688343731065,-0.025589000000000733
2008-05-08,0.0101485662717166,-3.599999999999437e-05,0.0195,0.7787096774193548,0.0006075679786707,0.0,7.0,0,-0.0168672504272268,0.0036628353266756,0.0042421066346843,-0.025625000000000727
2008-05-09,-0.0010906378441735,3.599999999999437e-05,0.0013,0.7770967741935484,0.0006071990639533,0.0,5.0,0,0.0005153429137217,-0.0067481656630263,0.0206259746063191,-0.025589000000000733
2008-05-12,0.0109952414992644,0.0,-0.0206000000000001,0.772258064516129,0.0018193881768429,0.0,0.0,0,-0.0871518361788411,0.010960492292485,-0.0200562303449764,-0.025589000000000733
2008-05-13,0.0012347520356161,3.600000000000131e-05,-0.0159999999999997,0.7706451612903226,0.0006057278743138,0.0,-11.0,0,0.0106234504430955,-0.0003847453519088,0.009635269893065,-0.02555300000000073
2008-05-14,-0.0067743801379105,3.500000000000031e-05,0.0057999999999998,0.7690322580645161,0.0006053611901553,0.0,0.0,0,-0.0179578170483672,0.0039975832806234,-0.0182148300860245,-0.02551800000000073
2008-05-15,0.020704673361692,0.0,-0.004,0.7674193548387097,0.0006049949496826,0.0,5.0,0,-0.0801371255288889,0.0105288411960375,0.0062988195476476,-0.02551800000000073
2008-05-16,0.0176770004012016,3.600000000000131e-05,-0.0166999999999999,0.7658064516129033,0.000604629152086,0.01,-5.0,0,0.0103754414922535,0.0012496171021445,0.0190620476342941,-0.02548200000000073
2008-05-19,0.0091925739324594,0.0,0.0025999999999999,0.7609677419354839,0.0018116970874562,0.0,1.0,0,0.0322609173646249,0.0008976426143178,0.000559885606353,-0.02548200000000073
2008-05-20,0.0010615423300137,0.0,0.0110000000000001,0.7593548387096775,0.0006031703744753,0.0,4.0,0,0.0329604680537235,-0.0093168565354589,0.0219858507546549,-0.02548200000000073
2008-05-21,-0.0167617015117187,0.0,-0.0078,0.757741935483871,0.0006028067792716,0.01,-2.0,0,0.0558619220241994,-0.0161837865360712,0.037311464968813,-0.02548200000000073
2008-05-23,-0.0117290748934504,0.0,0.0055,0.7545161290322581,0.001204524524514,0.0,2.0,0,0.0798296048955628,-0.013298434194715,0.0080892749561438,-0.02548200000000073
2008-05-26,0.0024741243112504,0.0,0.0062999999999999,0.7496774193548387,0.00180407074936,0.0,0.0,0,0.0798296048955628,-0.013298434194715,0.0080892749561438,-0.02548200000000073
2008-05-27,-0.0089328252613345,0.0,0.0070999999999998,0.7480645161290322,0.0006006343803495,0.0,-2.0,0,0.0045930244430179,0.0068228925121217,-0.0250898931660708,-0.02548200000000073
2008-05-28,0.0299859436085849,0.0,-0.0050999999999998,0.7464516129032258,0.0006002738352357,0.0,-1.0,0,-0.0294518682399534,0.0039550589164796,0.0202135814201794,-0.02548200000000073
2008-05-29,-0.0186965177321258,0.0,-0.0134,0.7448387096774194,0.0005999137227128,0.0,-16.0,0,-0.0499969925691359,0.005320756886204,-0.0313422087009627,-0.02548200000000073
2008-05-30,0.0110118779363705,0.0,-0.0201999999999999,0.7432258064516128,0.0005995540420045,0.0,-10.0,0,-0.0172369834441825,0.001515018374346,0.0069894610222954,-0.02548200000000073
2008-06-02,-0.0096339592104026,0.0,0.0025999999999999,0.733,0.0025667127857147,-0.03,-2.0,0,0.1063135110882204,-0.0105598229547777,0.0018765094662087,-0.02548200000000073
2008-06-03,-0.0265678833103919,0.0,-0.0104999999999999,0.726,0.0013668112901221,0.0,5.0,0,0.0204648944265692,-0.005804642134554,-0.0272384405634217,-0.02548200000000073
2008-06-04,-0.0193105470506118,0.0,0.0092,0.719,0.0013649456666833,0.0,-4.0,0,0.0272921169166165,-0.0003267497324213,-0.0201077259041234,-0.02548200000000073
2008-06-05,0.0366281617912171,0.0017739999999999,-0.0044999999999999,0.712,0.001363085129256,0.0,-1.0,0,-0.1101798104614122,0.0193085352541535,0.0435896794457819,-0.02370800000000083
2008-06-06,-0.020550854084238,0.0,0.002,0.705,0.0013612296570659,0.0,11.0,0,0.2347771965493274,-0.0313763380185377,0.0765747511219811,-0.02370800000000083
2008-06-09,-0.007262718254811,0.0,-0.0017,0.684,0.0040726064812677,0.0,5.0,0,-0.0188522560122068,0.0007933736546294,-0.0278368393324447,-0.02370800000000083
2008-06-10,-0.021977302945416,7.100000000000162e-05,0.0126999999999999,0.677,0.0013538580092387,0.01,-11.0,0,0.002591770973885,-0.0024410485020095,-0.0218179439420598,-0.023637000000000827
2008-06-11,-0.0145651679429548,3.500000000000031e-05,0.0036,0.67,0.001352027555626,0.0,8.0,0,0.0397515555759883,-0.0170386810206492,0.030072931343938,-0.023602000000000827
2008-06-12,0.0078588502927701,0.0,-0.0028000000000001,0.663,0.0013502020449767,0.01,-6.0,0,-0.033301323889941,0.0032743322917701,0.0078934574058639,-0.023602000000000827
2008-06-13,-0.0017543081673885,0.0,-0.0031999999999998,0.656,0.0013483814572978,0.0,-3.0,0,-0.0947959819357066,0.0149341891825909,-0.0072271386734492,-0.023602000000000827
2008-06-16,0.0012045596263483,0.0,-0.0091000000000001,0.635,0.0040342697778754,0.0,5.0,0,-0.0128054180421205,8.086652661084205e-05,-0.0029648964394221,-0.023602000000000827
2008-06-17,0.0169908967266998,0.0,-0.0149999999999999,0.628,0.0013411479401526,0.0,-1.0,0,0.0085551091250366,-0.0067943624734685,-0.0073762988691895,-0.023602000000000827
2008-06-18,-0.0198932243454077,0.0,-0.0014,0.621,0.0013393516711506,0.0,7.0,0,0.0511986671805918,-0.0097592914913047,0.0201369047633724,-0.023602000000000827
2008-06-19,-0.0074805854522654,0.0,-0.0061999999999999,0.614,0.0013375602073821,0.0,-4.0,0,-0.0301255027963441,0.0037453020931321,-0.0330830528576993,-0.023602000000000827
2008-06-20,-0.0301233105477329,0.0,-0.0008999999999999,0.607,0.0013357735295986,0.0,7.0,0,0.0580590884359208,-0.0187169298745104,0.0214352852458812,-0.023602000000000827
2008-06-23,0.0004023086380406,0.0,0.0074999999999998,0.5860000000000001,0.0039966480952049,0.0,2.0,0,-0.0101078183545183,5.3071430313939166e-05,0.0077557210801096,-0.023602000000000827
2008-06-24,-0.0073287701482165,0.0,-0.0070999999999998,0.579,0.001328674296726,0.0,7.0,0,-0.0097648053290353,-0.0028188104950155,0.0040386516751724,-0.023602000000000827
2008-06-25,0.0259203411734905,0.0,-0.0044999999999999,0.5720000000000001,0.0013269112635789,0.0,3.0,0,-0.0587864694767449,0.0058264005356176,-0.0157321078815941,-0.023602000000000827
2008-06-26,-0.0293703699633738,0.0,-0.0050000000000001,0.5650000000000001,0.0013251529030089,0.01,12.0,0,0.123965963102925,-0.0298050148105824,0.0401279394416821,-0.023602000000000827
2008-06-27,0.005831556738796,0.0,0.0125999999999999,0.558,0.0013233991964654,0.0,8.0,0,-0.0206889271802956,-0.0037243561390026,0.0034268308581949,-0.023602000000000827
2008-06-30,0.0107779826229066,0.0,-0.0157999999999998,0.537,0.0039597216141959,0.0,-1.0,0,0.0215243682195936,0.0012664227601932,-0.0034268308581949,-0.023602000000000827
2008-07-01,-0.0252633866662623,0.0,0.0141999999999999,0.53,0.0013164305429604,0.07,4.0,0,-0.0126052569042896,0.0038286256531538,0.0059892966053142,-0.023602000000000827
2008-07-02,-0.0367907069412343,0.0,-0.0068000000000001,0.5219354838709678,-0.0003263670708264,0.0,3.0,0,0.0916517756193695,-0.0183713449871704,0.0252004802443689,-0.023602000000000827
2008-07-03,-0.0304561706842552,0.0,0.0096,0.5138709677419355,-0.000326473621067,-0.01,0.0,0,-0.0449779705168518,0.0010933244042243,0.0125372403839548,-0.023602000000000827
2008-07-04,0.0015509367730661,0.0,0.0011000000000001,0.5058064516129033,-0.0003265802409018,0.0,0.0,0,-0.0449779705168518,0.0010933244042243,0.0125372403839548,-0.023602000000000827
2008-07-07,-0.0046769690075496,0.0,-0.0059,0.4816129032258064,-0.0009803811386817,0.0,3.0,0,0.0395621202351936,-0.0084207903501973,-0.0292433184748794,-0.023602000000000827
2008-07-08,0.0075533134940606,0.0,-0.0014,0.4735483870967742,-0.0003270074175514,0.0,6.0,0,-0.107604260091786,0.0169361196263839,-0.0390995020164105,-0.023602000000000827
2008-07-10,0.0119711920580112,0.0,0.012,0.4574193548387097,-0.0006543358116015,0.0,5.0,0,0.0141679116251503,0.0069654363115264,0.0391277573589456,-0.023602000000000827
2008-07-11,-0.0017441720022048,0.0,-0.0115,0.4493548387096774,-0.00032732853413,0.0,-8.0,0,0.0716206377166597,-0.011151895352082,0.0171720447247747,-0.023602000000000827
2008-07-14,0.0094814103298954,0.0,-0.0089999999999998,0.4251612903225806,-0.0009826289576206,0.01,8.0,0,0.0353797766194613,-0.009068857497041,-0.0039527621035744,-0.023602000000000827
2008-07-15,0.0048301335938329,0.0,-0.0032,0.4170967741935484,-0.0003277576718865,0.0,-1.0,0,0.0021045736568213,-0.0109611112071844,-0.0365838242930079,-0.023602000000000827
2008-07-16,0.0169174676047685,0.0,0.0050000000000001,0.4090322580645161,-0.0003278651321991,0.0,-9.0,0,-0.1284387827916983,0.024754604874713,-0.021416920487198,-0.023602000000000827
2008-07-17,-0.0318776224429093,0.0,-0.0047000000000001,0.4009677419354839,-0.0003279726630012,0.0099999999999999,-11.0,0,-0.0035921072945946,0.0119409813729267,-0.035525244627686,-0.023602000000000827
2008-07-18,-0.0020150385262276,0.0,0.0025000000000001,0.3929032258064516,-0.0003280802643601,0.0,-2.0,0,-0.0391407892124249,0.0002856861755844,-0.0067366468497139,-0.023602000000000827
2008-07-21,0.0129846143620859,0.0,-0.012,0.3687096774193549,-0.0009848871078528,0.0,0.0,0,-0.042469228485384,-0.0005395795681692,0.0184175536301674,-0.023602000000000827
2008-07-22,-0.018685302680387,0.0,-0.0007000000000001,0.3606451612903226,-0.000328511376761,0.0,-3.0,0,-0.084608381761394,0.0134018560870155,-0.0233455637273925,-0.023602000000000827
2008-07-23,-0.0037961546578966,-3.500000000000031e-05,0.0022999999999999,0.3525806451612903,-0.0003286193319507,0.0,-6.0,0,0.0061190664672264,0.0040559306967179,-0.0334358729999936,-0.023637000000000827
2008-07-24,-0.0340112367837743,0.002645,-0.0052999999999998,0.3445161290322581,-0.0003287273581182,0.0,8.0,0,0.0952675664436759,-0.0233959869658119,0.0091368490915021,-0.020992000000000826
2008-07-25,-0.0041000467440124,3.600000000000131e-05,-0.0036,0.3364516129032258,-0.0003288354553276,0.0,-8.0,0,-0.0228704976877537,0.0041588480463002,-0.0153015880418134,-0.020956000000000825
2008-07-28,-0.0057860385147652,0.0,0.0008999999999999,0.312258064516129,-0.0009871556607645,0.0,5.0,0,0.0560180261309144,-0.0187716543170863,0.0105449110342919,-0.020956000000000825
2008-07-29,0.0204337379701957,0.0,-0.0023999999999999,0.3041935483870968,-0.0003292685560349,0.0,-2.0,0,-0.0951863239530923,0.0230874307944618,-0.0251873891211539,-0.020956000000000825
2008-07-30,0.0331271131623189,0.0,-0.0088999999999999,0.2961290322580645,-0.0003293770095282,0.0,1.0,0,-0.0379324665712091,0.0165345392799297,0.0351503256625128,-0.020956000000000825
2008-07-31,-0.0082508856987946,0.0,0.0024999999999999,0.2880645161290323,-0.0003294855344897,0.0,5.0,0,0.0784094095701539,-0.013230903287162,-0.0248538768398815,-0.020956000000000825
2008-08-01,-0.032017077185829,0.0,-0.0073,0.28,-0.0003295941309886,-0.0299999999999999,2.0,0,-0.0162605576737103,-0.0055940123576434,0.001611839044089,-0.020956000000000825
2008-08-04,-0.0356982067880569,0.0,0.0066000000000001,0.2780645161290322,0.0015195785275867,0.0,-1.0,0,0.0399532116188801,-0.0090065236049024,-0.0285897115746124,-0.020956000000000825
2008-08-05,0.0153821733852304,0.0,0.0072999999999998,0.2774193548387097,0.0005060134711634,0.01,-3.0,0,-0.1054078373568122,0.0283140872375076,-0.0250034284817049,-0.020956000000000825
2008-08-06,0.0187878839025117,0.0,0.0050000000000001,0.2767741935483871,0.0005057575510232,0.0,-4.0,0,-0.0440003230185184,0.0033487361579261,-0.0059650535402008,-0.020956000000000825
2008-08-07,-0.0091481084910274,0.0,0.0060999999999999,0.2761290322580645,0.00050550188962,-0.01,9.0,0,0.0444732589042013,-0.0180964967014885,0.0073235497906262,-0.020956000000000825
2008-08-08,-0.0076407477235438,0.0,0.0292999999999998,0.2754838709677419,0.0005052464865613,0.0,1.0,1,-0.0234404311500681,0.0236118675696423,-0.0391935516866852,-0.020956000000000825
2008-08-11,-0.0334969864193936,0.0,0.0012,0.2735483870967742,0.001514209618902,0.0,-5.0,0,-0.0264850693628859,0.0069187406968781,-0.0058407569771064,-0.020956000000000825
2008-08-12,-0.0039735272885064,-3.600000000000131e-05,0.0013,0.2729032258064516,0.0005042274499498,0.0,6.0,0,0.0508707018077055,-0.0121238684022478,-0.0135825217862797,-0.020992000000000826
2008-08-13,0.0012835089224001,0.0,0.0049999999999998,0.272258064516129,0.0005039733327567,0.0,0.0,0,0.0177906923958886,-0.0029199218388871,0.0206578414225242,-0.020992000000000826
2008-08-14,0.0102998786802483,3.600000000000131e-05,-0.0006999999999999,0.2716129032258064,0.0005037194715686,0.0,4.0,0,-0.0577863830242565,0.0055066121473704,0.0018489909125261,-0.020956000000000825
2008-08-15,-0.0163467464027391,0.0,0.0184999999999999,0.2709677419354839,0.0005034658660036,0.0,4.0,0,-0.0380807649164366,0.0040676498031485,-0.0099898920059352,-0.020956000000000825
2008-08-18,-0.0170496177113204,0.0,-0.004,0.2690322580645161,0.0015088785150449,0.0,5.0,0,0.0690609479432606,-0.0152129417489374,-0.0054345591942587,-0.020956000000000825
2008-08-19,0.0058336459214434,0.0,-0.0005999999999999,0.2683870967741936,0.0005024539922455,0.0,-3.0,0,0.0141981155915184,-0.0093585575662945,0.0116347290899761,-0.020956000000000825
2008-08-20,0.031887929658751,0.0,-0.0136,0.267741935483871,0.0005022016590121,0.0,4.0,0,-0.0412528802678634,0.0061782071568333,0.0097536084280747,-0.020956000000000825
2008-08-21,0.0100259572043217,0.0,-0.0063999999999999,0.2670967741935484,0.0005019495790943,-0.01,-4.0,0,-0.0298233029682792,0.00249185684366,0.0494728457015483,-0.020956000000000825
2008-08-22,-0.0015207767836837,0.0,0.0073999999999998,0.2664516129032258,0.0005016977521137,0.0,-1.0,0,-0.0523028985837557,0.0112689376647928,-0.0533277869022634,-0.020956000000000825
2008-08-25,-0.0248909312694411,0.0,0.0058,0.2645161290322581,0.0015035848181135,0.0,7.0,0,0.1087041972489247,-0.0198205705279157,0.0009651293736592,-0.020956000000000825
2008-08-26,-0.0021684010113549,0.0,0.01,0.2638709677419355,0.0005006929659518,0.0,0.0,0,-0.0231558610892537,0.0036795944289534,0.0052479652023438,-0.020956000000000825
2008-08-27,0.0211151112745486,0.0,-0.0161999999999999,0.2632258064516129,0.0005004423979571,0.0,1.0,0,-0.0362772471775812,0.0079509611276483,0.0137754309838361,-0.020956000000000825
2008-08-28,0.0154246541200198,0.0,0.0049000000000001,0.2625806451612903,0.0005001920806275,0.0,-4.0,0,-0.0168414248070398,0.0147311065442301,-0.0177964075000733,-0.020956000000000825
2008-08-29,-0.0125289426028185,0.0,0.0081999999999999,0.2619354838709677,0.0004999420135867,0.0,-4.0,0,0.0608970218381606,-0.0138187052787808,-0.0010515741618026,-0.020956000000000825
2008-09-01,-0.0093467056002882,-3.600000000000131e-05,0.0102999999999999,0.26,0.0014983281357725,-0.0399999999999999,0.0,0,0.0608970218381606,-0.0138187052787808,-0.0010515741618026,-0.020992000000000826
2008-09-02,-0.0138366298553691,3.600000000000131e-05,0.0154999999999998,0.2663333333333333,0.0014833945500924,0.0,6.0,0,0.0628724932242875,-0.0041009116023289,-0.0513625790607202,-0.020956000000000825
2008-09-03,-0.0162514810758871,0.0,0.0126000000000001,0.2726666666666666,0.0014811973496158,0.0,6.0,0,-0.0257959704321462,-0.0020371521529357,-0.002587790604888,-0.020956000000000825
2008-09-04,-0.0403729450849734,0.0,0.0282,0.279,0.0014790066484859,0.0,7.0,1,0.1145112545968158,-0.0303788577228469,-0.0164212917660395,-0.020956000000000825
2008-09-05,0.0102759518249566,0.0,0.0294999999999998,0.2853333333333333,0.0014768224179153,0.0,3.0,1,-0.0412035866414561,0.0044209777845679,-0.0210094397115858,-0.020956000000000825
2008-09-08,-0.0238083290597579,-3.600000000000131e-05,-0.0022999999999999,0.3043333333333333,0.004417426147496,0.0,-8.0,0,-0.0183812653054417,0.0203026610131648,-0.006264116279482,-0.020992000000000826
2008-09-09,-0.0460581842964966,3.600000000000131e-05,0.0262,0.3106666666666666,0.0014681496311954,0.0,14.0,1,0.1177830356563834,-0.0347344860183873,-0.030427375506648,-0.020956000000000825
2008-09-10,0.0244332422042301,0.0,0.0314,0.317,0.001465997327374,-0.01,0.0,1,-0.038012132295372,0.0061305918718019,-0.0137475963164304,-0.020956000000000825
2008-09-11,0.0324498507130304,0.0025929999999999,0.0396999999999998,0.3233333333333333,0.0014638513248588,0.01,4.0,1,-0.0053159425338376,0.0137119376377289,-0.0135295469689526,-0.018363000000000924
2008-09-12,0.0216672088214853,0.0,-0.0343,0.3296666666666666,0.001461711596022,0.0,-4.0,1,0.0507601660377986,0.0021192868823826,-0.0006146661213767,-0.018363000000000924
2008-09-15,-0.0789426570111491,0.0,0.0213,0.3486666666666667,0.004372358740694,0.0,42.0,0,0.2113833517097622,-0.0482829846790581,-0.0348278759170464,-0.018363000000000924
2008-09-16,0.0166525431404682,0.0,0.0284999999999999,0.355,0.0014532148704073,0.0,40.0,1,-0.0451690176149219,0.0173715252717916,-0.0547394538532325,-0.018363000000000924
2008-09-17,-0.0698217044694047,0.0,0.0250000000000001,0.3613333333333333,0.0014511061010722,0.0,23.0,1,0.1784637988219241,-0.0482880326718848,0.0610859792015873,-0.018363000000000924
2008-09-18,0.0533137311822446,0.0,0.0498999999999998,0.3676666666666667,0.0014490034429677,0.0,-34.0,1,-0.0900782498737719,0.0424288063170986,0.0036836973272803,-0.018363000000000924
2008-09-19,0.0913542038663006,0.0,-0.0760999999999998,0.374,0.0014469068695657,0.0,-54.0,1,-0.0316122320948191,0.0394673779777459,0.0453876473735555,-0.018363000000000924
2008-09-22,-0.0289515038836611,0.0,-0.0409000000000001,0.393,0.0043282016206198,0.0,-7.0,1,0.0540179500914831,-0.0389868045010176,0.0625538227701303,-0.018363000000000924
2008-09-23,-0.0385279127029072,0.0,0.0253000000000001,0.3993333333333333,0.001438580897787,-0.01,11.0,1,0.0537718359018977,-0.0157561117321934,-0.0283109865070198,-0.018363000000000924
2008-09-24,0.0050283705450819,0.0,0.0202999999999999,0.4056666666666667,0.0014365143553209,0.0,7.0,0,-0.0149488778740602,-0.0019796860163376,-0.0061305586504665,-0.018363000000000924
2008-09-25,0.0390524784824979,0.0,-0.0167999999999999,0.412,0.0014344537415738,0.0,-11.0,0,-0.0697238359449821,0.0194658100360842,0.0207686921459391,-0.018363000000000924
2008-09-26,-0.0203688908577781,0.0,0.0277999999999998,0.4183333333333333,0.0014323990310742,0.0,11.0,1,0.0568537327645891,0.0033767215693916,-0.0101855167270571,-0.018363000000000924
2008-09-29,-0.0983117459475746,3.500000000000031e-05,0.1004,0.4373333333333333,0.004284927483555,0.0,41.0,1,0.2962805555199707,-0.0921895923455359,-0.0968759909216843,-0.018328000000000923
2008-09-30,0.0735507026047912,-3.500000000000031e-05,-0.0416,0.4436666666666666,0.0014242387170533,0.0,-6.0,1,-0.1706604031603096,0.0527581580038249,0.0436186216582252,-0.018363000000000924
2008-10-01,0.005194293941706,0.0,0.0070000000000001,0.45,0.0014222131456858,0.0299999999999999,6.0,0,0.0106062100206319,-0.0045543441395915,-0.029356075339528,-0.018363000000000924
2008-10-02,-0.0762062907901697,3.500000000000031e-05,0.0868000000000002,0.4470967741935484,-0.0014494681893406,0.0,19.0,1,0.1283054316120401,-0.0411249487185538,-0.0513319882171444,-0.018328000000000923
2008-10-03,-0.0359174740254406,0.0,0.0458999999999996,0.4441935483870968,-0.0014515721974337,0.0,-7.0,1,-0.0026548452523095,-0.0135985657923452,-0.0034289902828908,-0.018328000000000923
2008-10-06,-0.055799645316739,0.0,0.1229,0.4354838709677419,-0.0043674019458102,0.0,60.0,1,0.1424360225350714,-0.0392792697065414,-0.0755835932494393,-0.018328000000000923
2008-10-07,-0.047698150007168,0.0,0.0114,0.4325806451612903,-0.0014600496689567,0.0,-5.0,0,0.0308357179453598,-0.059107791181964,0.0116432743858921,-0.018328000000000923
2008-10-08,-0.0392765193940274,0.0,0.2040999999999999,0.4296774193548387,-0.0014621845313769,0.0,34.0,1,0.0692660313081337,-0.0113974069255172,-0.0035499155037866,-0.018328000000000923
2008-10-09,-0.0400190832765101,0.0,-0.2105999999999999,0.4267741935483871,-0.0014643256460686,0.0,2.0,1,0.1053257431553289,-0.0792240633131358,-0.0203575094587879,-0.018328000000000923
2008-10-10,-0.0404512434079684,0.0,0.1061999999999998,0.4238709677419355,-0.0014664730405353,0.0,80.0,1,0.0901483846718047,-0.0118289764721505,-0.1094553323861536,-0.018328000000000923
2008-10-14,0.1547281998760361,0.0,-0.2090999999999998,0.412258064516129,-0.0058874926741374,0.0,-83.0,1,0.002542670933224,-0.0053363498135368,-0.0385599497523288,-0.018328000000000923
2008-10-15,-0.1209605146907293,0.0,0.0762,0.4093548387096774,-0.0014773051836129,0.0,30.0,1,0.228029093091373,-0.094695124884235,-0.0513426687113239,-0.018328000000000923
2008-10-16,-0.0106722268473067,-3.500000000000031e-05,0.0302999999999999,0.4064516129032258,-0.0014794908435025,-0.0099999999999999,26.0,1,0.228029093091373,-0.094695124884235,-0.0513426687113239,-0.018363000000000924
2008-10-17,-0.0011806538898397,0.0,-0.0834000000000001,0.4035483870967742,-0.0014816829803052,0.0099999999999999,-11.0,1,0.228029093091373,-0.094695124884235,-0.0513426687113239,-0.018363000000000924
2008-10-20,0.0802645826447303,0.0,0.0154,0.3948387096774193,-0.0044582669643844,0.0,7.0,0,-0.2834727377534994,0.0465828773252315,0.0343181365372964,-0.018363000000000924
2008-10-21,-0.0101422815277594,0.0,0.0767000000000002,0.3919354838709677,-0.0014905168758776,0.01,41.0,1,0.0026395073249091,-0.0312839925360699,-0.0325954437936519,-0.018363000000000924
2008-10-22,-0.1073175387027305,0.0,0.1709,0.3890322580645161,-0.0014927418331858,0.0,141.0,1,0.2711174762071004,-0.0629530796878518,-0.0775120369328128,-0.018363000000000924
2008-10-23,-0.0363528590358495,0.0,-0.0503,0.3861290322580645,-0.0014949734429983,0.0,17.0,1,-0.0269204821760975,0.0125548978458183,0.0214666565966361,-0.018363000000000924
2008-10-24,-0.0715772511836068,0.0,-0.0035000000000002,0.3832258064516129,-0.0014972117351987,0.01,-20.0,0,0.1545297949538314,-0.0351207779512552,-0.0605013584692371,-0.018363000000000924
2008-10-27,-0.0672315114524053,0.0,-0.0587999999999997,0.374516129032258,-0.0045051322346516,0.0,-55.0,1,0.0116842881583624,-0.0322797893201295,-0.0103678134984891,-0.018363000000000924
2008-10-28,0.1259821601791717,0.0,-0.0824000000000002,0.3716129032258064,-0.0015062323317849,0.0,-53.0,1,-0.1786809105612502,0.1024573584739365,-0.0184064181698606,-0.018363000000000924
2008-10-29,0.0427430522310849,3.500000000000031e-05,-0.0379999999999998,0.3687096774193548,-0.0015085044904523,0.0,-45.0,1,0.0438282245554915,-0.0111409071775164,0.0824257734115214,-0.018328000000000923
2008-10-30,0.0720703524465413,0.0,-0.0169000000000001,0.3658064516129032,-0.0015107835146004,0.0,-27.0,0,-0.1063774490987604,0.025476650236373,-0.0272505193400617,-0.018328000000000923
2008-10-31,-0.0051401607030179,-7.000000000000062e-05,0.0001999999999999,0.3629032258064516,-0.001513069435397,0.0,-39.0,0,-0.0490366518800396,0.0152485458986004,0.024956741672086,-0.018398000000000924
2008-11-03,0.0262775695059342,0.0,0.0665,0.3546666666666666,-0.0048368506202862,0.03,-10.0,1,-0.1094690377366419,-0.002532248295049,-0.0769855391278192,-0.018398000000000924
2008-11-04,0.0511168036120039,0.0,-0.0590999999999999,0.352,-0.0016648904567073,0.0099999999999999,-21.0,1,-0.1174803769214048,0.04001447845739,0.0939865971886899,-0.018398000000000924
2008-11-05,-0.063295556100817,0.0,-0.0017,0.3493333333333333,-0.0016676669401238,0.0,25.0,0,0.1337409172783818,-0.0541152589311638,-0.0712639292120898,-0.018398000000000924
2008-11-06,-0.0384143903540454,0.0,0.0383,0.3466666666666667,-0.0016704526995123,0.0,8.0,1,0.1545695076229645,-0.0515712082795197,-0.0744685720889547,-0.018398000000000924
2008-11-07,0.0082983482486813,-3.500000000000031e-05,0.0020000000000002,0.344,-0.0016732477814365,0.0,-11.0,0,-0.126734760999078,0.0284461819721001,-0.0013940032211322,-0.018433000000000924
2008-11-10,0.0030228369581646,0.0,-0.0278,0.336,-0.0050366077662342,0.0,-6.0,1,0.0668753803595418,-0.0127338961868571,0.0297196716870329,-0.018433000000000924
2008-11-11,0.0131285820942341,0.0,0.0674999999999999,0.3333333333333333,-0.0016845222767329,0.0,4.0,1,0.0240499007987501,-0.0222872002529425,-0.0587328410570618,-0.018433000000000924
2008-11-12,-0.0806735759436652,0.0,0.0621999999999998,0.3306666666666666,-0.0016873646808015,0.0,23.0,1,0.0785391826631589,-0.0532888659457208,-0.061825759703077,-0.018433000000000924
2008-11-13,0.046024010450397,0.0,0.0682,0.328,-0.0016902166934311,0.0,-1.0,1,0.0785391826631589,-0.0532888659457208,-0.061825759703077,-0.018433000000000924
2008-11-14,-0.0056838914828869,-3.500000000000031e-05,-0.0514000000000001,0.3253333333333333,-0.0016930783634254,0.0,0.0,1,0.0785391826631589,-0.0532888659457208,-0.061825759703077,-0.018468000000000925
2008-11-17,-0.0020138177029274,0.0,0.0140000000000002,0.3173333333333333,-0.0050965024229494,0.0,-9.0,0,0.0419374016142788,-0.0261493499935986,-0.0362310909418699,-0.018468000000000925
2008-11-18,-0.0464760199464624,0.0,0.0055999999999998,0.3146666666666666,-0.0017046226048034,0.0,14.0,0,-0.0220785651701344,0.0097902904854413,-0.0090255286479955,-0.018468000000000925
2008-11-19,-0.0204451565951764,3.500000000000031e-05,0.0769999999999999,0.312,-0.0017075333053782,0.0,30.0,1,0.0933729625089904,-0.0631054959842071,-0.0023174774816534,-0.018433000000000924
2008-11-21,-0.066654213707018,-3.500000000000031e-05,0.0511000000000003,0.3066666666666667,-0.0034238385926457,0.0,44.0,1,-0.1067906523291758,0.0613280011150674,0.022823994578703,-0.018468000000000925
2008-11-24,0.0898525792348259,3.500000000000031e-05,-0.0777000000000001,0.2986666666666667,-0.0051578387451893,0.0,-40.0,1,-0.1161674650926637,0.0627142308145564,0.0919965921187198,-0.018433000000000924
2008-11-25,0.0180869253362043,0.0,-0.0443999999999999,0.296,-0.0017252084146797,0.0,-16.0,1,-0.060527954567702,0.0065294136139663,-0.0686883261487435,-0.018433000000000924
2008-11-26,0.046499124579137,0.0,0.0164999999999997,0.2933333333333333,-0.0017281899031829,0.0,5.0,0,-0.1033556522119626,0.034718401422382,0.0685028437861908,-0.018433000000000924
2008-11-28,0.0034489399966997,3.500000000000031e-05,0.0110000000000001,0.288,-0.0034653656175898,0.0,1.0,0,0.0065336098178591,0.0095969139188068,-0.0080066807230869,-0.018398000000000924
2008-12-01,-0.0520183991566725,0.0,0.0234,0.28,-0.0052206694185183,0.04,41.0,1,0.2145685938188711,-0.0935365216382091,-0.1089189109610428,-0.018398000000000924
2008-12-02,0.0074560868492135,3.500000000000031e-05,-0.0108000000000001,0.2864516129032258,-0.0017231948689424,0.0,-4.0,0,-0.0841625427916203,0.0391636639764224,-0.0541830967703697,-0.018363000000000924
2008-12-03,0.0084213419822258,0.0,0.0756000000000001,0.2929032258064516,-0.0017261693959245,0.0,-2.0,1,-0.0365440552133004,0.0255080479198137,0.0,-0.018363000000000924
2008-12-04,-0.0047994412326399,0.0,0.0691999999999999,0.2993548387096774,-0.0017291542097463,0.0,6.0,1,0.0469690406877146,-0.0297464997738421,-0.0720786120606665,-0.018363000000000924
2008-12-05,0.0062149898524541,0.0,0.0099,0.3058064516129032,-0.0017321493638586,0.0,-7.0,0,-0.0600649743165974,0.0358490909415383,-0.0619558527702804,-0.018363000000000924
2008-12-08,0.0798446514532162,0.0,-0.0314999999999998,0.3251612903225807,-0.005214523228803,0.0,-24.0,1,-0.0243213914107183,0.0376688834667852,0.088561842919503,-0.018363000000000924
2008-12-09,-0.0083144748716783,0.0,0.0139999999999997,0.3316129032258064,-0.001744234465379,-0.01,-1.0,0,0.0071550247918298,-0.0233889444763259,-0.0445040940300015,-0.018363000000000924
2008-12-10,0.0269205052794649,0.0,-0.0145999999999997,0.3380645161290322,-0.0017472821358754,0.0,-9.0,0,-0.0554922595759187,0.0118240075055095,0.0207323699762446,-0.018363000000000924
2008-12-11,-0.0125125789199085,0.0,-0.1286,0.3445161290322581,-0.0017503404752989,0.01,0.0,1,0.000896766947608,-0.0289387624957643,0.111262824874543,-0.018363000000000924
2008-12-12,0.021954073944931,0.0,0.0522999999999997,0.3509677419354838,-0.0017534095397699,0.0,6.0,1,-0.0272595478374343,0.0070038312305121,-0.0208962731349035,-0.018363000000000924
2008-12-15,-0.0271337468952364,0.0,-0.0229999999999996,0.3703225806451613,-0.0052787511067506,0.0,11.0,1,0.0446760102428805,-0.0127668304114841,-0.0397811251517746,-0.018363000000000924
2008-12-16,0.042732485696991,0.0,0.0092999999999996,0.3767741935483871,-0.0017657941844397,0.01,-3.0,0,0.0446760102428805,-0.0127668304114841,-0.0397811251517746,-0.018363000000000924
2008-12-17,-0.0011508632743861,0.0,-0.0206999999999997,0.3832258064516129,-0.0017689177298922,-0.01,-40.0,0,0.0446760102428805,-0.0127668304114841,-0.0397811251517746,-0.018363000000000924
2008-12-18,-0.0103419262790094,0.0,-0.0003999999999999,0.3896774193548387,-0.0017720523455242,0.0,-10.0,0,-0.0514622702316807,-0.0213898231290449,-0.0488340513279634,-0.018363000000000924
2008-12-19,-0.0102966575109686,0.0,0.0286999999999997,0.3961290322580645,-0.0017751980902875,0.0,-5.0,1,-0.0522498774347533,0.0029325919817233,0.0146522627104969,-0.018363000000000924
2008-12-22,-0.0394057498212276,0.0,-0.0118999999999998,0.4154838709677419,-0.0053445809239462,0.0,-3.0,0,-0.0082691034363715,-0.0184715766863371,-0.0597017339306979,-0.018363000000000924
2008-12-23,-0.0309918176722909,0.0,0.0088999999999996,0.4219354838709677,-0.001787893554539,0.0,-8.0,0,0.0102702192086462,-0.0097649849842311,-0.0266486893794702,-0.018363000000000924
2008-12-26,0.0107180408316587,0.0,-0.0215999999999998,0.4412903225806451,-0.0053829404302288,0.0,0.0,0,-0.0189524571085236,0.0053418816207162,0.04695443261775,-0.018363000000000924
2008-12-29,0.0053027557837879,0.0,0.0343,0.4606451612903225,-0.0054120733695057,0.0,2.0,1,0.0119158248181619,-0.0038801175284807,0.0552598853250268,-0.018363000000000924
2008-12-30,0.013135157352929,0.0,-0.0585999999999997,0.4670967741935483,-0.0018105530941028,0.0,-9.0,1,-0.0530932679749588,0.0241140188632206,-0.0099132833494128,-0.018363000000000924
2009-01-02,0.0692875462196607,3.500000000000031e-05,-0.0072,0.482258064516129,-0.0039324268061289,0.0,-25.0,0,-0.0204578769442701,0.0311188162544623,0.0285424715152773,-0.018328000000000923
2009-01-05,0.0311902293593657,-3.500000000000031e-05,-0.0518,0.4890322580645161,-0.0009049152443498,0.0,-12.0,1,-0.0028107031410758,-0.0046792884475954,0.056163087650166,-0.018363000000000924
2009-01-06,0.0189195799745096,0.0,-0.0891000000000001,0.4912903225806451,-0.0003018204777784,0.0,-5.0,1,-0.0133953686718525,0.0077867374137597,0.0181732384080759,-0.018363000000000924
2009-01-07,-0.0358985763819799,0.0,0.0285000000000001,0.4935483870967742,-0.0003019116008822,0.0,14.0,1,0.1180134803868801,-0.0304691202205723,-0.0969739044070528,-0.018363000000000924
2009-01-08,0.0282831522249189,0.0,0.0508999999999999,0.4958064516129032,-0.0003020027790245,0.0,24.0,1,-0.0193141084430534,0.0033913156919744,-0.0262911963654524,-0.018363000000000924
2009-01-09,-0.0097638797072932,0.0,0.0184000000000001,0.4980645161290322,-0.0003020940122588,0.0,-3.0,0,0.0060903987340272,-0.0215332142932029,-0.0056123171284455,-0.018363000000000924
2009-01-12,-0.0538494743621225,0.0,0.0101999999999997,0.5048387096774194,-0.0009068299877998,0.0,22.0,0,0.0681517997005984,-0.0228225876286688,-0.0345848817974433,-0.018363000000000924
2009-01-13,0.0035720204674554,0.0,0.0114,0.5070967741935484,-0.0003024594970728,0.0,1.0,0,-0.0576975109191579,0.0017565152157664,0.0437727035643176,-0.018363000000000924
2009-01-14,-0.0403016127126036,0.0,0.0257999999999998,0.5093548387096775,-0.0003025510064986,0.0,13.0,1,0.1272137898563339,-0.0340324644901829,0.0055611307777168,-0.018363000000000924
2009-01-15,0.0303136016027103,0.0,0.0462000000000002,0.5116129032258064,-0.000302642571313,0.0,6.0,1,0.1272137898563339,-0.0340324644901829,0.0055611307777168,-0.018363000000000924
2009-01-16,0.0048666856147736,0.0,-0.0554999999999998,0.5138709677419355,-0.0003027341915675,0.0,-15.0,1,0.1272137898563339,-0.0340324644901829,0.0055611307777168,-0.018363000000000924
2009-01-19,-0.0131510146595577,0.0,0.0057999999999998,0.5206451612903226,-0.0009087528513855,0.0,0.0,0,0.1272137898563339,-0.0340324644901829,0.0055611307777168,-0.018363000000000924
2009-01-20,-0.0408992613354843,-3.500000000000031e-05,0.0242,0.5229032258064517,-0.0003031012279937,0.0,10.0,1,0.205862154953739,-0.0542620146239131,-0.0654408141545713,-0.018398000000000924
2009-01-21,0.0335321266461985,0.0,-0.0003999999999999,0.5251612903225806,-0.0003031931262,0.0,-12.0,0,-0.1991616530083049,0.0425720580691939,0.0315911093599337,-0.018398000000000924
2009-01-22,-0.0169817129505247,-0.0035089999999999,-0.0245000000000001,0.5274193548387097,-0.0003032850801538,-0.01,-10.0,1,0.0185685146147279,-0.0152784464408785,0.0081849573749522,-0.021907000000000825
2009-01-23,0.0062610364211614,3.500000000000031e-05,0.0268999999999999,0.5296774193548387,-0.0003033770899012,0.0,-6.0,1,-0.0004230215264691,0.0053632502830924,0.0635879617311624,-0.021872000000000825
2009-01-26,0.0098381555771052,-3.500000000000031e-05,-0.0418999999999996,0.5364516129032258,-0.0009106838868699,0.0,-9.0,1,-0.0339964289706948,0.0055378501548502,-0.0295836087287643,-0.021907000000000825
2009-01-27,0.0049217797001652,3.500000000000031e-05,-0.004,0.5387096774193548,-0.0003037456878338,0.0,6.0,0,-0.0782750717152882,0.0108663295344823,-0.0712618010670692,-0.021872000000000825
2009-01-28,0.038724652057013,0.0,-0.0127000000000001,0.5409677419354839,-0.0003038379773094,0.0,-16.0,0,-0.0632612345589331,0.0330068386826407,0.0264034737752739,-0.021872000000000825
2009-01-29,-0.0147501578634585,0.0,-0.0221,0.5432258064516129,-0.0003039303228842,0.0,-1.0,0,0.0722151365883517,-0.0336810644666738,0.0110743099248211,-0.021872000000000825
2009-01-30,-0.0085382902580466,0.0,0.0400999999999998,0.545483870967742,-0.0003040227246113,0.0,-3.0,1,0.050542345774299,-0.0230528210106771,0.0105171768848288,-0.021872000000000825
2009-02-02,-0.0162893029337993,0.0,0.0313000000000003,0.5375000000000001,0.0032648055755846,0.02,17.0,1,0.0150511982674946,-0.0005329099748901,-0.0459389883387812,-0.021872000000000825
2009-02-03,0.0275737056437854,0.0,-0.0331000000000001,0.525,0.0038581851893919,0.0,-13.0,1,-0.0555572760456794,0.0157099384429461,0.0059158791809945,-0.021872000000000825
2009-02-04,0.0095648984010381,0.0,-0.0150000000000001,0.5125000000000001,0.0038433567888276,0.0,5.0,0,0.0181801601917811,-0.0075176974397948,0.0015867552272008,-0.021872000000000825
2009-02-05,0.0241278106770401,0.0,0.0071000000000003,0.5,0.0038286419338149,0.0,11.0,0,-0.0027403290636226,0.0162331886007589,0.0509987460253395,-0.021872000000000825
2009-02-06,0.0392824607795248,0.0,-0.0407000000000001,0.4875,0.0038140393251477,0.0099999999999999,-16.0,1,-0.0082664217375736,0.0265406819353971,-0.0053955025666975,-0.021872000000000825
2009-02-09,-0.0154617957233629,0.0,-0.0211999999999998,0.45,0.0113556057108503,-0.0099999999999999,-5.0,0,0.0062062137595117,0.00148409171928,-0.0041201105155748,-0.021872000000000825
2009-02-10,-0.0214395958520992,0.0,0.0081999999999999,0.4375,0.0037567260531137,0.0,18.0,0,0.0671273737488275,-0.0503686694941483,-0.0311180317321609,-0.021872000000000825
2009-02-11,-0.0087992475412708,0.0,0.0341999999999997,0.425,0.0037426658662695,0.0,13.0,1,-0.0469384288070793,0.0079234772233905,-0.0074249825495036,-0.021872000000000825
2009-02-12,-0.0084822321292747,0.0,0.0039000000000002,0.4125,0.0037287105324086,0.0,12.0,0,-0.0469384288070793,0.0079234772233905,-0.0074249825495036,-0.021872000000000825
2009-02-13,0.0285507679823169,0.0,-0.0229000000000003,0.4,0.003714858882974,0.0,-25.0,1,-0.0469384288070793,0.0079234772233905,-0.0074249825495036,-0.021872000000000825
2009-02-16,0.0039992868966596,0.0,0.0039000000000002,0.3625,0.0110624864295267,0.0,-2.0,0,-0.0469384288070793,0.0079234772233905,-0.0074249825495036,-0.021872000000000825
2009-02-17,-0.048829599950956,0.0,0.0411999999999999,0.35,0.0036604663574824,0.0,27.0,1,0.1252864448744266,-0.0466294998181049,-0.0859506897899464,-0.021872000000000825
2009-02-18,-0.0043510587877939,0.0,0.0264999999999999,0.3375,0.0036471161964914,0.0,36.0,1,-0.0041186377236336,-0.0009508174782455,-0.0408710910431453,-0.021872000000000825
2009-02-19,0.0014105085205891,0.0,-0.0146999999999999,0.325,0.0036338630610295,0.0,-70.0,0,-0.0288903752114599,-0.0120968968984951,0.0602347666465682,-0.021872000000000825
2009-02-20,-0.025879447987819,0.0,0.0666999999999999,0.3125,0.0036207058971875,0.0,9.0,1,0.0460757442887133,-0.0114785922636164,-0.0032399795205883,-0.021872000000000825
2009-02-25,-0.0125542605628297,0.0,-0.0101999999999997,0.25,0.0179094591552058,0.0,-6.0,0,-0.0181904641060776,-0.0107150254379188,0.0354058502432467,-0.021872000000000825
2009-02-26,-0.0013610429782566,0.0,-0.0311000000000003,0.2375,0.0035437211817885,0.0,-1.0,1,-0.0002238513779687,-0.0159056768457637,0.0470903396626758,-0.021872000000000825
2009-02-27,7.857208338002408e-05,0.0,0.0281000000000002,0.225,0.003531207553733,0.0,2.0,1,0.0371430160957122,-0.0238464841702928,-0.0086489272707648,-0.021872000000000825
2009-03-02,-0.0523648878197366,0.0,0.0337,0.2090322580645161,0.0063757404814772,-0.1,21.0,1,0.1274450084704723,-0.0477418887510726,-0.0894797719009476,-0.021872000000000825
2009-03-03,0.0064096611614115,0.0,0.0097,0.2180645161290322,-0.0006499071830283,0.0,-1.0,0,-0.0332141206729632,-0.0064273780383512,0.0319224895834133,-0.021872000000000825
2009-03-04,0.0516743778480695,0.0,-0.0301,0.2270967741935484,-0.0006503298370734,0.0,-7.0,1,-0.0684600461910795,0.0234753583099152,0.0530982223964364,-0.021872000000000825
2009-03-05,-0.0272680578640738,0.0,-0.0095,0.2361290322580645,-0.00065075304121,0.0,24.0,0,0.05342510130166,-0.0434633021856973,-0.048173264923782,-0.021872000000000825
2009-03-06,-0.0070897522845552,0.0,-0.0054000000000002,0.2451612903225806,-0.000651176796504,0.0,-1.0,0,-0.0168847496350294,0.0012153143959864,0.025574583457207,-0.021872000000000825
2009-03-09,-0.0098584337148359,0.0,0.0013,0.272258064516129,-0.0019560784490817,-0.01,-4.0,0,0.0070699914039253,-0.0100742451303065,-0.0129260244533865,-0.021872000000000825
2009-03-10,0.0543980746386516,0.0,-0.0265999999999997,0.2812903225806452,-0.0006528773508929,0.0,-11.0,1,-0.1130389024501501,0.0617186323188922,-0.0044198292556601,-0.021872000000000825
2009-03-11,0.0002577319601897,0.0,-0.0149000000000003,0.2903225806451613,-0.000653303878213,0.0,4.0,0,-0.0172770454675489,0.0024428307358472,-0.0593104765698004,-0.021872000000000825
2009-03-12,0.008902402394213,-0.0053209999999999,-0.0207999999999999,0.2993548387096774,-0.0006537309632008,-0.0099999999999999,0.0,0,-0.057333786839934,0.0399210748684525,0.0822999775125729,-0.027193000000000724
2009-03-13,-0.003505319131591,0.0,-0.0145999999999997,0.3083870967741935,-0.0006541586069541,0.0,-4.0,0,0.0282518261314627,0.0077092350090428,-0.0069504990597358,-0.027193000000000724
2009-03-16,-0.0105125803890864,0.0,-0.0306999999999999,0.3354838709677419,-0.0019650472874719,0.0,-11.0,1,0.0320585184804648,-0.0035221205609654,0.0125623920947535,-0.027193000000000724
2009-03-17,0.0231455069714563,0.0,0.0127999999999999,0.344516129032258,-0.0006558747915743,0.0,-3.0,0,-0.0695809909117281,0.0316342594529895,0.0375968795764656,-0.027193000000000724
2009-03-18,0.0158440535862069,0.0,-0.0026999999999999,0.3535483870967741,-0.0006563052456556,0.0,10.0,0,-0.0183036981920937,0.0206433917769149,-0.0120961187440134,-0.027193000000000724
2009-03-19,0.0077176386536539,0.0,-0.0427000000000004,0.3625806451612903,-0.0006567362651281,0.0,-15.0,1,0.0865119739047489,-0.0130641279992339,0.0612415148819542,-0.027193000000000724
2009-03-20,-0.0093631549939381,0.0,0.0188000000000001,0.3716129032258064,-0.0006571678511022,0.0,3.0,0,0.0493568766831501,-0.0199674289511843,0.0107961212529693,-0.027193000000000724
2009-03-23,0.0572900993944411,0.0,-0.0061999999999997,0.3987096774193548,-0.0019740987509884,0.0,-7.0,0,-0.0597125270159122,0.0683663873577364,0.0429906671863951,-0.027193000000000724
2009-03-24,-0.0229528040954267,0.0,0.0061999999999997,0.4077419354838709,-0.0006588998824454,0.0,2.0,0,-0.0069637987453598,-0.0206263610965985,0.0005608821116385,-0.027193000000000724
2009-03-25,0.0077574691035326,0.0,-0.0131999999999998,0.4167741935483871,-0.0006593343177652,0.0,-4.0,0,-0.0159665355419697,0.0095803322450174,-0.0332572217564823,-0.027193000000000724
2009-03-26,0.0187235881698377,0.0,-0.0060000000000002,0.4258064516129032,-0.0006597693263383,0.0,-6.0,0,-0.0457651431950898,0.0230526022398299,0.0325092614398297,-0.027193000000000724
2009-03-27,-0.0161431265558782,0.0,0.0370000000000003,0.4348387096774193,-0.0006602049093036,0.0,3.0,1,0.016708012562592,-0.0205247173858956,-0.0280746731784985,-0.027193000000000724
2009-03-30,-0.0303802434048368,0.0,0.0551999999999996,0.4619354838709677,-0.0019832339866869,0.0,13.0,1,0.1040438575687147,-0.0354393234278207,-0.0798663295613111,-0.027193000000000724
2009-03-31,0.0066929238919506,0.0,-0.0144999999999999,0.4709677419354838,-0.000661953007869,0.0,-2.0,0,-0.0312246937384389,0.0130441683777569,0.0255104936261409,-0.027193000000000724
2009-04-01,0.0253324684837732,0.0,-0.0253000000000001,0.48,-0.000662391479917,-0.01,2.0,1,-0.0430522548708053,0.016421043179743,-0.0161772941370994,-0.027193000000000724
2009-04-02,0.0410735352082873,0.0,-0.0543999999999997,0.4796666666666666,0.0006703394230793,0.0,-15.0,1,-0.0056925643438758,0.028322225961306,0.085237882021636,-0.027193000000000724
2009-04-03,0.0148651845958092,0.0,-0.0283000000000002,0.4793333333333333,0.0006698903691404,0.0,-28.0,1,-0.0572703608755166,0.0096847222944693,0.0135569994341465,-0.027193000000000724
2009-04-06,-0.0050588422890083,0.0,0.0180000000000002,0.4783333333333333,0.0020069827900606,-0.01,-6.0,0,0.0305120910495901,-0.0083672756166808,-0.0232722546922316,-0.027193000000000724
2009-04-07,-0.0077734730922003,0.0,-0.0003000000000001,0.478,0.0006681001536392,0.0,5.0,0,-0.0132810834964841,-0.0241436693176481,-0.0197184124941636,-0.027193000000000724
2009-04-08,0.0081130355126948,0.0,-0.0234999999999998,0.4776666666666666,0.000667654093819,0.0,-7.0,1,-0.0388741769263755,0.0117145570868475,0.007197753610334,-0.027193000000000724
2009-04-09,0.030251635356894,0.0,-0.0247999999999999,0.4773333333333333,0.0006672086292311,0.0,-8.0,1,-0.0615742301467583,0.0373470906207337,0.0467667080371292,-0.027193000000000724
2009-04-13,0.0098983666441032,0.0,-0.0066999999999999,0.476,0.0026643917340258,0.0,0.0,0,0.0344398468329473,0.0025301658560268,-0.0361621694520489,-0.027193000000000724
2009-04-14,-0.0125589660785134,0.0,0.0177,0.4756666666666666,0.0006649901931723,0.0,12.0,0,-0.0037096811275035,-0.0202685172249352,-0.0034582226167919,-0.027193000000000724
2009-04-15,-0.0031976739379544,0.0,0.0115999999999996,0.4753333333333333,0.0006645482750702,0.0,8.0,0,-0.0037096811275035,-0.0202685172249352,-0.0034582226167919,-0.027193000000000724
2009-04-16,0.0164738988146186,0.0,-0.0200999999999997,0.475,0.0006641069439297,0.0,0.0,0,-0.0037096811275035,-0.0202685172249352,-0.0034582226167919,-0.027193000000000724
2009-04-17,-0.0053811007486839,0.0,0.0072999999999998,0.4746666666666666,0.0006636661985837,0.0,-7.0,0,-0.0037096811275035,-0.0202685172249352,-0.0034582226167919,-0.027193000000000724
2009-04-20,-0.0298211897575129,0.0,0.0485999999999999,0.4736666666666666,0.0019883599641339,0.0,18.0,1,-0.0037096811275035,-0.0202685172249352,-0.0034582226167919,-0.027193000000000724
2009-04-22,0.010188061835727,0.0,-0.0221999999999997,0.473,0.0013233802699215,0.0,-13.0,0,-0.0037096811275035,-0.0202685172249352,-0.0034582226167919,-0.027193000000000724
2009-04-23,0.0201354264942441,0.0,-0.0020999999999999,0.4726666666666666,0.0006610339631016,0.0,3.0,0,-0.0037096811275035,-0.0202685172249352,-0.0034582226167919,-0.027193000000000724
2009-04-24,0.0209788083351565,0.0,-0.0174000000000003,0.4723333333333333,0.0006605972858455,0.0,-13.0,0,-0.0037096811275035,-0.0202685172249352,-0.0034582226167919,-0.027193000000000724
2009-04-27,-0.0205640562527218,0.0,0.0232000000000001,0.4713333333333333,0.0019791775538315,0.0,8.0,1,-0.0037096811275035,-0.0202685172249352,-0.0034582226167919,-0.027193000000000724
2009-04-28,2.1824292620209466e-05,0.0,-0.0127999999999999,0.471,0.0006588563309666,0.0,-14.0,0,-0.0037096811275035,-0.0202685172249352,-0.0034582226167919,-0.027193000000000724
2009-04-29,0.0302232616228206,-3.600000000000131e-05,-0.0198999999999998,0.4706666666666666,0.0006584225251007,0.0,-11.0,0,-0.0037096811275035,-0.0202685172249352,-0.0034582226167919,-0.027229000000000725
2009-04-30,0.0013330937149937,-0.0035509999999999,-0.0055,0.4703333333333333,0.000657989290115,0.0,-4.0,0,-0.0037096811275035,-0.0202685172249352,-0.0034582226167919,-0.030780000000000626
2009-05-04,0.0637915198501204,0.0,-0.0414000000000003,0.4593548387096774,0.0016199579612212,-0.02,-24.0,1,-0.0220544662762933,0.0333072435877258,0.0322098653839153,-0.030780000000000626
2009-05-05,0.0052436429819131,0.0,0.0107000000000003,0.4558064516129032,0.000320594729585,0.0,-1.0,0,-0.0344708802634859,-0.0037989294772938,-0.0084637652617474,-0.030780000000000626
2009-05-06,0.0162283705176218,0.0,-0.0262999999999999,0.452258064516129,0.0003204919815438,0.0,-16.0,1,-0.027657129125126,0.0172546183294192,0.0368229247929658,-0.030780000000000626
2009-05-07,-0.028380056857447,0.0,-0.0229000000000003,0.4487096774193548,0.0003203892993415,0.0,-9.0,1,0.030052280487855,-0.0132903389857607,0.0056828369420889,-0.030780000000000626
2009-05-08,0.0263780152732415,0.0,-0.0233999999999996,0.4451612903225806,0.0003202866829159,0.0,5.0,1,-0.0424555875871693,0.0237839023791137,0.0291443393311789,-0.030780000000000626
2009-05-11,-0.008205414693597,0.0,-0.0171000000000001,0.434516129032258,0.0009602450069898,-0.01,14.0,0,0.0252631956189723,-0.0217471902027538,-0.0114168313858201,-0.030780000000000626
2009-05-12,-0.0128330915596617,-3.600000000000131e-05,0.0070000000000001,0.4309677419354838,0.0003198768737,0.0,2.0,0,-0.0330940893866638,-0.0009793349834762,0.0079709153923067,-0.030816000000000628
2009-05-13,-0.0332741165768197,3.600000000000131e-05,0.0343,0.4274193548387096,0.0003197745852059,0.0,11.0,1,0.0565468356419958,-0.0272631985366125,-0.0104095055229224,-0.030780000000000626
2009-05-14,0.0156334394181456,0.0,-0.0062999999999999,0.4238709677419354,0.0003196723621066,0.0,-4.0,0,0.0565468356419958,-0.0272631985366125,-0.0104095055229224,-0.030780000000000626
2009-05-15,-0.0089180199589282,0.0,-0.0167000000000001,0.4203225806451612,0.0003195702043434,0.0,-3.0,0,0.0565468356419958,-0.0272631985366125,-0.0104095055229224,-0.030780000000000626
2009-05-18,0.0488999578109368,0.0,0.0021999999999997,0.4096774193548387,0.000958098318863,0.0,-14.0,0,-0.0909717535247138,0.0299365949965333,0.0435193471549696,-0.030780000000000626
2009-05-19,-0.0022565907834781,0.0,-0.0295999999999998,0.4061290322580645,0.0003191622253897,0.01,-7.0,1,-0.0487901830915418,-0.0017383460198724,0.0076667374524601,-0.030780000000000626
2009-05-20,-0.0019884597943065,0.0,-0.0289000000000001,0.4025806451612903,0.0003190603933642,0.0,1.0,1,0.0079544410385542,-0.005144672688047,0.0279493049577997,-0.030780000000000626
2009-05-21,-0.02285655890166,0.0,0.0065000000000003,0.3990322580645161,0.0003189586262983,0.0,-4.0,0,0.0768844775575221,-0.0168995580303362,-0.0109526459129674,-0.030780000000000626
2009-05-22,0.0095574717881312,0.0,0.0014999999999996,0.3954838709677419,0.0003188569241316,0.0,-6.0,0,0.0400178640923533,-0.0014983325081699,0.0140835478423884,-0.030780000000000626
2009-05-25,0.0048923004546725,0.0,-0.0044999999999997,0.3848387096774193,0.0009559612074401,0.0,0.0,0,0.0400178640923533,-0.0014983325081699,0.0140835478423884,-0.030780000000000626
2009-05-26,0.0199700763567545,0.0,0.0026999999999999,0.3812903225806451,0.0003184507632045,0.0,-9.0,0,-0.0635787257018246,0.0259622076001571,0.0075398307928106,-0.030780000000000626
2009-05-27,-0.000945644797536,0.0,-0.0165999999999999,0.3777419354838709,0.0003183493845977,0.0,-13.0,0,0.0552696934140359,-0.019153424774368,0.0203659585448589,-0.030780000000000626
2009-05-28,0.0238295022113153,0.0,0.0049000000000001,0.3741935483870967,0.0003182480705206,0.0,4.0,0,-0.0215532480920101,0.0153012551665524,0.0297917753287557,-0.030780000000000626
2009-05-29,0.0029556022607604,0.0,-0.0414000000000001,0.3706451612903225,0.0003181468209074,0.0,12.0,1,-0.0908364630309101,0.0134834458878509,0.017397056238451,-0.030780000000000626
2009-06-01,0.023922986279782,0.0,-0.0290000000000001,0.36,0.000953833608781,-0.0299999999999999,-28.0,1,0.0379964574442086,0.0254899438614235,0.0367110610084239,-0.030780000000000626
2009-06-02,-0.0089597413714717,0.0,-0.0069999999999998,0.356,0.0012330023127109,0.0,14.0,0,-0.0137425241111754,0.0019813369747478,0.0029381091965825,-0.030780000000000626
2009-06-03,-0.0360686490938366,0.0,0.0229999999999999,0.352,0.0012314838900362,0.0,11.0,1,0.0458448392437417,-0.0138344657507098,-0.0341696948958108,-0.030780000000000626
2009-06-04,0.0260931327383318,0.0,-0.0102999999999999,0.348,0.001229969202587,0.0,-13.0,0,-0.0274527090538843,0.0114182201421662,0.0420598720997125,-0.030780000000000626
2009-06-05,-0.0023032639740936,0.0,0.0037,0.344,0.0012284582365982,0.0,-9.0,0,-0.0187296262785698,-0.0025178574888166,-0.0053995426179429,-0.030780000000000626
2009-06-08,0.0054033467601577,0.0,0.0169999999999999,0.3319999999999999,0.003676345923413,0.0,-3.0,0,0.0050513532313739,-0.0010110654544458,-0.0067537931968193,-0.030780000000000626
2009-06-09,-0.0088588141507912,0.0,-0.0319,0.3279999999999999,0.0012224513143017,0.0,-2.0,1,-0.0517000025063029,0.0034970597611731,0.0253105219306326,-0.030780000000000626
2009-06-10,0.0047669184179266,-3.600000000000131e-05,0.0089000000000001,0.3239999999999999,0.001220958751487,0.0,-4.0,0,0.0066983725947311,-0.0034864013799679,0.016807121969256,-0.030816000000000628
2009-06-12,0.0027484615643214,-0.003584,-0.0173,0.316,0.00243745436231,0.01,5.0,0,0.0014219344029674,0.0013960208482197,-0.012192747953832,-0.034400000000000625
2009-06-15,-0.0288678277552829,0.0,0.0157,0.304,0.0036450778981951,0.0,9.0,0,0.0902919542402945,-0.0240555912535969,-0.0210893498768185,-0.034400000000000625
2009-06-16,-0.0160406383914644,0.0,0.0002999999999999,0.3,0.0012120793570016,0.0,7.0,0,0.0589239840554349,-0.0128019010278859,0.0114548134029624,-0.034400000000000625
2009-06-17,-0.0031295256931045,0.0,0.0322999999999999,0.296,0.0012106119990082,-0.01,13.0,1,-0.0355066687677145,-0.0013825234667824,0.0086470256863799,-0.034400000000000625
2009-06-18,-0.0028053260705345,0.0,-0.0074999999999998,0.292,0.001209148189524,0.01,-9.0,0,-0.0490597057018347,0.0083758150048818,0.0029596116359741,-0.034400000000000625
2009-06-19,0.0092103469908604,0.0,-0.0117,0.288,0.0012076879156879,-0.01,6.0,0,-0.0703496095104665,0.0031093582232429,-0.0266681774396557,-0.034400000000000625
2009-06-22,-0.0372605535349936,0.0,0.0482,0.2759999999999999,0.0036143372690222,0.01,18.0,1,0.1076088008768276,-0.0310783643308239,-0.0324622613117508,-0.034400000000000625
2009-06-23,0.0064244146487411,0.0,-0.0055,0.272,0.0012018819218937,0.0,0.0,0,-0.0191098982208985,0.0023040684995177,0.0268096718117374,-0.034400000000000625
2009-06-24,-0.0028546749579199,0.0,-0.0295,0.268,0.0012004391356246,0.0,-15.0,1,-0.0513277409710755,0.0065032488243266,-0.0068548537063259,-0.034400000000000625
2009-06-25,0.0364316333344394,0.0,-0.0161999999999999,0.264,0.0011989998091586,0.0,1.0,0,-0.0971707242461778,0.0212175839982487,0.0209984826751159,-0.034400000000000625
2009-06-26,-0.0005631013439924,0.0,-0.0165999999999999,0.26,0.0011975639300612,0.0,-5.0,0,-0.0164471214689767,-0.0014789203486033,-0.0124010331731311,-0.034400000000000625
2009-06-29,0.0125841234504129,0.0,0.0091000000000001,0.248,0.0035841108041285,0.0,-11.0,0,-0.0226218662344818,0.0090242968412618,0.0295926068674018,-0.034400000000000625
2009-06-30,-0.0129920845249298,0.0,0.0028999999999999,0.244,0.0011918546408722,0.0,5.0,0,0.0386895443790931,-0.0085673516331664,-0.0240940417265368,-0.034400000000000625
2009-07-01,0.0015338468578196,0.0,-0.0174,0.24,0.0011904358142551,0.0399999999999999,-7.0,0,-0.0049458373167003,0.0043524446236517,-0.0073865513858252,-0.034400000000000625
2009-07-02,-0.0101201031404336,0.0,0.0127000000000001,0.2370967741935483,0.0001215962464495,0.01,11.0,0,0.0638947747499888,-0.029577684825958,-0.031603329328316,-0.034400000000000625
2009-07-03,-0.0017653986538785,0.0,0.0004999999999999,0.2341935483870967,0.0001215814626007,0.0,0.0,0,0.0638947747499888,-0.029577684825958,-0.031603329328316,-0.034400000000000625
2009-07-06,-0.0061640456304843,0.0,0.0237,0.2254838709677419,0.0003646557206398,0.0,-2.0,1,0.0368786030887847,0.002562462104257,-0.0397909935293904,-0.034400000000000625
2009-07-07,-0.0232826592326755,0.0,-0.0070000000000001,0.2225806451612903,0.0001215223631341,0.0,0.0,0,0.0618409327302299,-0.0198797853628847,-0.0128852111583718,-0.034400000000000625
2009-07-08,-0.0056572361555247,0.0,0.0341,0.2196774193548387,0.0001215075972424,0.0,20.0,1,0.0144813104543408,-0.0016699311679349,-0.0452931894073242,-0.034400000000000625
2009-07-10,0.0008739926775103,0.0,0.0164999999999999,0.2138709677419354,0.0002429709111666,0.0,-3.0,0,-0.0258517870830157,-0.004029938077684,-0.0095379447200848,-0.034400000000000625
2009-07-13,-0.0006910007591436,0.0,-0.0251999999999998,0.2051612903225806,0.0003643457122244,0.0,-10.0,1,-0.0980361884765711,0.0246279487772272,0.0028050207358052,-0.034400000000000625
2009-07-14,-0.0064042641895696,0.0,-0.0191000000000001,0.202258064516129,0.0001214190772014,0.0,-15.0,0,-0.0502735514188709,0.0053019832360996,0.0027972372778035,-0.034400000000000625
2009-07-15,0.0484071741824241,0.0,-0.0283999999999999,0.1993548387096774,0.000121404336399,0.0,-17.0,1,0.0341812468539713,0.0291994348751008,0.0359861263036878,-0.034400000000000625
2009-07-16,0.0120332799180911,0.0,-0.008,0.1964516129032258,0.0001213895991742,0.0,2.0,0,0.0341812468539713,0.0291994348751008,0.0359861263036878,-0.034400000000000625
2009-07-17,0.0029618254174295,0.0,-0.0049999999999998,0.1935483870967742,0.0001213748655271,0.0,-13.0,0,0.0341812468539713,0.0291994348751008,0.0359861263036878,-0.034400000000000625
2009-07-20,0.020584797470482,0.0,-0.0221999999999999,0.1848387096774193,0.0003640362304633,0.01,7.0,0,0.002462022836752,0.0113667024627311,0.0160829622045741,-0.034400000000000625
2009-07-21,0.0014851162153988,0.0,-0.0024999999999999,0.1819354838709677,0.000121315966691,-0.01,12.0,0,-0.0219606411559126,0.0036207145224277,0.0064511556482191,-0.034400000000000625
2009-07-22,-0.0030289656013806,-3.699999999999537e-05,-0.0014,0.1790322580645161,0.000121301250914,0.0,-6.0,0,-0.0168994949026128,-0.0005344193762499,0.0050715552206398,-0.03443700000000062
2009-07-23,0.0219162347163663,-0.001786,-0.0106999999999999,0.1761290322580645,0.0001212865387039,0.0,-19.0,0,-0.0017057150619199,0.0230225992243129,0.0299011127074651,-0.03622300000000062
2009-07-24,0.0038268403554813,0.0,0.0037999999999998,0.1732258064516129,0.0001212718300642,0.0,5.0,0,-0.0146176355699044,0.0030375434434772,0.0153331039696587,-0.03622300000000062
2009-07-27,0.0016879808789322,0.0,-0.0122999999999999,0.164516129032258,0.0003637272740117,0.0,-5.0,0,0.0502533644967887,0.00297738912597,0.006943950148306,-0.03622300000000062
2009-07-28,-0.0014125721247015,-3.600000000000131e-05,-0.0018,0.1616129032258064,0.0001212130311607,0.0,4.0,0,0.0296227595695506,-0.0026098471073495,-0.0132207532238225,-0.036259000000000624
2009-07-29,-0.0136222498875486,3.600000000000131e-05,0.0163000000000002,0.1587096774193548,0.0001211983403397,0.0,5.0,0,0.0237071700028414,-0.0045734060269341,-0.0491264905559548,-0.03622300000000062
2009-07-30,0.0137323921547558,-3.600000000000131e-05,-0.0171000000000001,0.1558064516129032,0.0001211836530838,0.0,1.0,0,-0.0082337650379843,0.0118253841881569,0.0524124905188685,-0.036259000000000624
2009-07-31,0.0052726129986169,0.0,-0.0084999999999999,0.1529032258064516,0.0001211689693842,-0.01,11.0,0,0.0202657154215155,0.0007395090837835,0.0224252591181993,-0.036259000000000624
2009-08-03,0.0222464123651757,0.0,-0.0357,0.1558064516129032,0.0015724710051312,-0.02,-22.0,1,-0.0139862658124523,0.0152256078272812,0.0254747834970308,-0.036259000000000624
2009-08-04,0.0007140562265615,0.0,-0.0097,0.1587096774193548,0.0007248692513375,0.0,-5.0,0,-0.0265625167575196,0.0030075704221065,0.0098762315109647,-0.036259000000000624
2009-08-05,0.0061553982754869,0.0,-0.0090999999999998,0.1616129032258064,0.0007243441964792,-0.01,-8.0,0,0.0004016962930512,-0.0029178446171664,0.0164234060553312,-0.036259000000000624
2009-08-06,-0.0112183378963877,0.0,0.0166999999999999,0.164516129032258,0.0007238199017098,0.0,8.0,0,0.0304552097045619,-0.0056405326541788,-0.0090462275442363,-0.036259000000000624
2009-08-07,0.0102601604892971,0.0,-0.0116,0.1674193548387096,0.0007232963653844,0.01,-10.0,0,-0.0360935407947431,0.0133497005322519,-0.0167098013869694,-0.036259000000000624
2009-08-10,0.008837102402408,0.0,0.018,0.1761290322580645,0.00216675543796,0.0,10.0,0,0.0092462786275127,-0.0033505567248802,-0.0012236909560331,-0.036259000000000624
2009-08-11,-0.018989655014705,0.0,0.0044999999999999,0.1790322580645161,0.0007212097716671,0.0,10.0,0,0.0392361041589402,-0.0127409356094296,-0.0142507333867942,-0.036259000000000624
2009-08-12,0.0147222483023625,0.0,-0.0070999999999998,0.1819354838709677,0.0007206900029732,0.0,-2.0,0,-0.0209960668723582,0.011459230792872,0.0059167741885267,-0.036259000000000624
2009-08-13,0.008096070129314,0.0,-0.0060999999999999,0.1848387096774193,0.0007201709829214,0.0,8.0,0,-0.0295077900248719,0.0068564507961441,0.0080618590113976,-0.036259000000000624
2009-08-14,-0.0072128806984395,0.0,0.006,0.1877419354838709,0.0007196527098987,0.0,2.0,0,-0.0179669443498274,-0.0085679499772792,-0.0146688440565571,-0.036259000000000624
2009-08-17,-0.0253911509427879,0.0,0.0297,0.1964516129032258,0.0021558559377066,0.0,5.0,1,0.1390271411553469,-0.0245599608491733,-0.0261645241886184,-0.036259000000000624
2009-08-18,0.0095704858748479,0.0,-0.0108000000000001,0.1993548387096774,0.0007175870559343,0.0,-6.0,0,-0.0632724076165707,0.0100945333938855,0.025611949043232,-0.036259000000000624
2009-08-19,0.007274059150081,0.0,-0.0141,0.202258064516129,0.0007170724939697,0.0,9.0,0,0.003051105452055,0.0068374834470194,0.0302145140405738,-0.036259000000000624
2009-08-20,0.0119484193844741,0.0,9.9999999999989e-05,0.2051612903225806,0.0007165586694384,0.0,2.0,0,-0.045577511130685,0.0108892279841132,-0.017036573794781,-0.036259000000000624
2009-08-21,0.0156776954123536,0.0,-0.0136999999999998,0.2080645161290322,0.0007160455807468,0.0,-13.0,0,-0.0031936124188122,0.0184514797254206,0.0116595760331477,-0.036259000000000624
2009-08-24,0.000796509253913,0.0,0.0041999999999999,0.2167741935483871,0.0021450655448678,0.0,1.0,0,0.0051844248428556,-0.0005459459189837,0.0009430744069218,-0.036259000000000624
2009-08-25,-0.0061460660845185,0.0,0.008,0.2196774193548387,0.0007140005528967,0.0,8.0,0,-0.0087894819031887,0.0023666638183675,-0.0334094929670786,-0.036259000000000624
2009-08-26,0.0059902772300297,0.0,0.0250999999999999,0.2225806451612903,0.0007134911198214,0.0,4.0,1,0.0012031557954556,0.0001167199556529,-0.0023698089782944,-0.036259000000000624
2009-08-27,-0.0010738721045839,0.0,-9.9999999999989e-05,0.2254838709677419,0.0007129824131801,0.0,-3.0,0,-0.0108806413737685,0.0027779002715912,0.0119313372742183,-0.036259000000000624
2009-08-28,-5.19908149687609e-05,0.0,0.0071000000000001,0.2283870967741935,0.0007124744314186,0.0,4.0,0,0.003236245657917,-0.0019903077323771,0.003854082863134,-0.036259000000000624
2009-08-31,-0.0212285754541046,0.0,0.0123999999999999,0.2370967741935483,0.002134382629304,0.0,4.0,0,0.0492516311999117,-0.0081091985403821,-0.0440958735741956,-0.036259000000000624
2009-09-01,-0.0120032784656025,0.0,-0.0035,0.24,0.0007104497222858,-0.01,1.0,0,0.1139738114497381,-0.0223722263168063,-0.0279534593433459,-0.036259000000000624
2009-09-02,-0.0077157962306273,0.0,0.0208999999999999,0.2413333333333333,0.0023358385097314,0.0,4.0,0,-0.0086133177913193,-0.003301884345751,-0.0010340453125412,-0.036259000000000624
2009-09-03,0.0057789580504987,0.0,-0.0335999999999998,0.2426666666666666,0.0023303950806905,0.0,-11.0,1,-0.064307839956713,0.0084985824509418,-0.0080131143983152,-0.036259000000000624
2009-09-04,0.016821479065582,0.0,-0.0201,0.244,0.002324976963365,0.0,-5.0,0,-0.0703116159786451,0.0130322437081612,-0.004479670717943,-0.036259000000000624
2009-09-08,0.0210125889761503,0.0,-0.0247000000000001,0.2493333333333333,0.0092462267838318,-0.0099999999999999,-19.0,1,0.0141512032421672,0.0088060458298395,0.0381725516956896,-0.036259000000000624
2009-09-09,0.0009502009093989,0.0,0.0026000000000001,0.2506666666666666,0.0022982599443359,0.0,-2.0,0,-0.0520742846759309,0.0077522590254427,0.0058887590223809,-0.036259000000000624
2009-09-10,0.0107518683440304,0.0,-0.0019,0.252,0.002292990054828,0.0,10.0,0,-0.0321732564837734,0.0103682927766581,0.0004295050359186,-0.036259000000000624
2009-09-11,-0.0029084210678114,0.0,-0.0081999999999999,0.2533333333333333,0.0022877442776554,0.0,-6.0,0,0.0251585762368871,-0.0013513389885911,-0.0315547535274935,-0.036259000000000624
2009-09-14,0.0085641207879483,0.0,0.0018,0.2573333333333333,0.0068319968256957,0.0,-9.0,0,-0.012080922052429,0.0063191074071065,-0.0037001446932142,-0.036259000000000624
2009-09-15,0.0067043897218486,0.0,-0.0110000000000001,0.2586666666666666,0.0022669990126171,0.0,-8.0,0,-0.012080922052429,0.0063191074071065,-0.0037001446932142,-0.036259000000000624
2009-09-16,0.0191691685406638,0.0,-0.0102999999999999,0.26,0.0022618713503081,0.0,-10.0,0,-0.012080922052429,0.0063191074071065,-0.0037001446932142,-0.036259000000000624
2009-09-17,-0.0029010273398064,0.0,0.0109999999999998,0.2613333333333333,0.0022567668318949,0.0,12.0,0,-0.0016899419061388,-0.0030643290055714,-0.0016756758028557,-0.036259000000000624
2009-09-18,0.0077229400133251,0.0,-0.0044999999999999,0.2626666666666666,0.0022516853010401,0.0,-6.0,0,0.0113518334638334,0.0026338675941077,-0.0032197599385851,-0.036259000000000624
2009-09-21,0.0036997189310028,0.0,0.0122999999999999,0.2666666666666666,0.0067247942778809,0.0,2.0,0,0.0058357560776469,-0.0034131142078887,-0.0375731249478026,-0.036259000000000624
2009-09-22,0.0092305080272439,0.0,-0.0110999999999998,0.268,0.0022315859752701,0.0,0.0,0,-0.0415842500153555,0.006553348588268,0.0264344701443426,-0.036259000000000624
2009-09-23,-0.016346100047567,0.0,-0.0144999999999999,0.2693333333333333,0.0022266170857516,0.0099999999999999,4.0,0,0.0176083505927538,-0.0101195584531233,-0.0366775297939214,-0.036259000000000624
2009-09-24,-0.0074663119985753,0.0,9.9999999999989e-05,0.2706666666666666,0.0022216702747179,0.0,6.0,0,0.0602990638492403,-0.0095565481917741,-0.0477464111132416,-0.036259000000000624
2009-09-25,0.0051494275014025,0.0,0.01,0.272,0.0022167453953478,0.0,6.0,0,0.026109071267719,-0.0061093608278183,0.0044639636175791,-0.036259000000000624
2009-09-28,0.0157967664763454,0.0,-0.0107000000000001,0.276,0.0066209040511662,0.0,0.0,0,-0.0289186899042497,0.017652853549567,0.0065825006167237,-0.036259000000000624
2009-09-29,-0.0013382076544985,0.0,0.0018,0.2773333333333334,0.002197262303067,0.0,0.0,0,0.0123828774259621,-0.0022320656428964,-0.0007632306288784,-0.036259000000000624
2009-09-30,0.0046108934427575,0.0,-0.0146999999999999,0.2786666666666667,0.0021924449245496,0.0,-6.0,0,0.0165358124782875,-0.0033338521352124,0.0532230520717504,-0.036259000000000624
2009-10-01,-0.0173643655625461,0.0,0.0013,0.28,0.0021876486235115,0.04,17.0,0,0.0988182638540768,-0.0260972114932809,0.0017359001137287,-0.036259000000000624
2009-10-02,0.0117241191324151,0.0,0.0049999999999998,0.2841935483870968,-0.0001249950250947,0.01,-2.0,0,0.0143988384740782,-0.0045157053093635,-0.0163197958196592,-0.036259000000000624
2009-10-05,0.0193787885742509,0.0,-0.0170999999999998,0.2967741935483871,-0.0003750788451668,0.0,-11.0,0,-0.0663067085835634,0.0147654539603247,-0.0004408019932127,-0.036259000000000624
2009-10-06,0.0048304636472042,0.0,-0.014,0.3009677419354838,-0.0001250575513811,0.0,-5.0,0,-0.0434022962010401,0.0136124155690534,0.0076134576963643,-0.036259000000000624
2009-10-07,-0.0005266980147133,0.0,0.0061999999999999,0.3051612903225806,-0.0001250731927271,0.0,5.0,0,-0.0404978101850395,0.0027079365605266,-0.0200360365637074,-0.036259000000000624
2009-10-08,0.0177539117893399,0.0,-0.0182999999999999,0.3093548387096774,-0.0001250888379882,0.0,-18.0,0,-0.0204673535948475,0.0074421458766935,0.0375308677208198,-0.036259000000000624
2009-10-09,0.004865808975996,0.0,-0.0023000000000001,0.3135483870967742,-0.0001251044871644,0.0,-7.0,0,-0.044827777704448,0.0056248105435726,0.0032911722124989,-0.036259000000000624
2009-10-13,0.0089343882293881,0.0,-0.0090999999999998,0.3303225806451613,-0.000500574518746,0.0,5.0,0,-0.0008695851749563,-0.0027915046308135,0.0144688236424592,-0.036259000000000624
2009-10-14,0.0237693368817097,0.0,-0.0199,0.3345161290322581,-0.0001251827918071,0.0,-12.0,0,-0.0056706437531697,0.0173937430582585,0.0096220254145302,-0.036259000000000624
2009-10-15,0.0075543608523105,0.0,-0.0061999999999999,0.3387096774193548,-0.0001251984645023,0.0,1.0,0,-0.0056706437531697,0.0173937430582585,0.0096220254145302,-0.036259000000000624
2009-10-16,-0.0075694664784009,0.0,0.0098,0.3429032258064516,-0.0001252141411196,0.0,9.0,0,-0.0056706437531697,0.0173937430582585,0.0096220254145302,-0.036259000000000624
2009-10-19,0.01557297338692,0.0,-0.0004999999999999,0.3554838709677419,-0.00037573652234,0.0,2.0,0,0.0027958762777258,0.0093613667395139,0.0100801939988583,-0.036259000000000624
2009-10-20,-0.0292154592957452,0.0,0.032,0.3596774193548387,-0.0001252768868713,0.0,6.0,1,-0.0278385592851733,-0.0062586491870243,-0.0068382796386954,-0.036259000000000624
2009-10-21,0.0027984023033056,0.0,-0.0010000000000001,0.3638709677419355,-0.0001252925831352,0.0,-3.0,0,0.0612436125907202,-0.008893233917182,0.0312267081426857,-0.036259000000000624
2009-10-22,0.0098617281405672,0.0,-0.0136,0.3680645161290322,-0.0001253082833354,0.0,1.0,0,-0.0713422357395394,0.0105873743585081,-0.0022613112651143,-0.036259000000000624
2009-10-23,-0.0164035569782292,0.0,-0.0190999999999998,0.372258064516129,-0.0001253239874667,0.0,2.0,0,0.0735899842546418,-0.0122533153528997,-0.0074481688278238,-0.036259000000000624
2009-10-26,0.0004149218239248,0.0,0.0043999999999999,0.3848387096774193,-0.0003760662265825,0.0,-3.0,0,0.087647264534945,-0.0117865144464385,-0.0212582730649873,-0.036259000000000624
2009-10-27,-0.0300224502560286,0.0,0.0184999999999999,0.3890322580645161,-0.0001253868433845,0.0,18.0,0,0.0211648300880308,-0.0033233071166753,0.0085062509470931,-0.036259000000000624
2009-10-28,-0.0486460982978336,0.0,0.0104999999999999,0.3932258064516128,-0.0001254025672174,0.0,8.0,0,0.1169324456336669,-0.0197343861452413,-0.026793091528602,-0.036259000000000624
2009-10-29,0.0574732548086203,0.0,-0.0010999999999998,0.3974193548387096,-0.0001254182949921,0.0,-16.0,0,-0.1197555850206789,0.0222701243339677,0.0283319831799087,-0.036259000000000624
2009-10-30,-0.0347293158745856,0.0,0.0003999999999999,0.4016129032258064,-0.0001254340267156,0.0,9.0,0,0.2147074289729152,-0.0284660280152507,-0.0370703371125168,-0.036259000000000624
2009-11-03,0.0176670805521563,0.0,0.0147999999999999,0.4073333333333333,-0.0012335477536673,0.0299999999999999,-4.0,0,-0.0331145197539266,0.0024230643133061,0.0201739354663116,-0.036259000000000624
2009-11-04,0.020070840315256,0.0,-0.0316999999999998,0.4059999999999999,-0.0004916785694781,0.0,-11.0,1,-0.0385683810082654,0.0010420772415051,0.0099363719340502,-0.036259000000000624
2009-11-05,0.0140297028890437,0.0,-0.0031000000000001,0.4046666666666666,-0.0004919204362217,0.0,3.0,0,-0.0862245581162919,0.019052887220614,-0.0114738834189319,-0.036259000000000624
2009-11-06,-0.0054145334243553,0.0,-0.0060999999999999,0.4033333333333333,-0.0004921625410361,0.0,0.0,0,-0.0499902447350935,0.0025001243195765,-0.0275592004001813,-0.036259000000000624
2009-11-09,0.0267539679107002,0.0,-0.0155,0.3993333333333333,-0.0014779426380453,0.0,-11.0,0,-0.0439445826454861,0.0219950849152743,0.0247343239908165,-0.036259000000000624
2009-11-10,0.0013432240902151,0.0,0.0072,0.3979999999999999,-0.0004931333481046,0.0,-5.0,0,-0.0134813725855288,-6.399214138483759e-05,-0.0034777731826584,-0.036259000000000624
2009-11-11,0.0019286699666629,0.0,0.0016,0.3966666666666666,-0.0004933766485866,0.0,-3.0,0,0.0087184840955793,0.0050193577956909,0.005789619994287,-0.036259000000000624
2009-11-12,-0.0303051179074618,0.0,0.0138,0.3953333333333333,-0.0004936201892657,0.0,7.0,0,0.0507722761946742,-0.010312359059078,-0.0250711369510447,-0.036259000000000624
2009-11-13,0.0135314222684215,0.0,0.004,0.3939999999999999,-0.0004938639704974,0.0,3.0,0,-0.0369789676707042,0.0057228872564277,-0.0062016902899133,-0.036259000000000624
2009-11-16,0.0197197814326628,0.0,-0.0163000000000002,0.39,-0.0014830570097554,0.0,1.0,0,-0.0203250767881649,0.0143639765684981,0.0416105517815862,-0.036259000000000624
2009-11-17,0.0116241339304803,0.0,0.0026000000000001,0.3886666666666666,-0.000494841508086,0.0,0.0,0,-0.0211928262960084,0.0009189839116237,0.0026627680730815,-0.036259000000000624
2009-11-18,-0.0132915145019936,0.0,-0.0050000000000001,0.3873333333333333,-0.0004950864974393,0.0,-4.0,0,-0.0354260798384591,-0.0004683507842677,0.0063115583453426,-0.036259000000000624
2009-11-19,-0.0028454661144756,0.0,0.0183999999999999,0.386,-0.0004953317294962,0.0,3.0,0,0.0451952213949952,-0.0135168057116663,-0.023296856873134,-0.036259000000000624
2009-11-23,0.0072407478949862,0.0,-0.0041999999999999,0.3806666666666666,-0.0019837841052279,0.0,-6.0,0,-0.0475291612330422,0.013523913934335,0.0033622447670615,-0.036259000000000624
2009-11-24,0.0075750030435965,0.0,0.0037,0.3793333333333333,-0.0004965615429597,0.0,3.0,0,-0.0331522336497446,-0.0005334495209037,-0.0129939459729216,-0.036259000000000624
2009-11-25,0.0088735663665033,0.0,-0.0009999999999998,0.378,-0.0004968082388305,0.0,0.0,0,0.000488411690359,0.004494006880236,0.025566316158323,-0.036259000000000624
2009-11-26,-0.0227098041201312,0.0,0.0136999999999998,0.3766666666666666,-0.0004970551799452,0.0,0.0,0,0.000488411690359,0.004494006880236,0.025566316158323,-0.036259000000000624
2009-11-27,0.0103391843604931,0.0,0.0034,0.3753333333333333,-0.0004973023666678,0.0,11.0,0,0.1889725798932879,-0.0173836999679342,-0.0161936723890998,-0.036259000000000624
2009-11-30,-0.0005666313916279,0.0,0.0061999999999999,0.3713333333333333,-0.0014933926819278,0.0,4.0,0,-0.0093401508345275,0.003785818430065,0.0165760416321337,-0.036259000000000624
2009-12-01,0.0221559324725948,0.0,-0.0211999999999998,0.37,-0.000498293576987,0.0499999999999999,-12.0,0,-0.1116817413179474,0.0120029025884025,0.0111520260470049,-0.036259000000000624
2009-12-02,0.001006116983989,0.0,-0.0092,0.382258064516129,-0.0020241380851881,0.0,-1.0,0,-0.0371789669858882,0.0003426399988394,-0.0186992825055385,-0.036259000000000624
2009-12-03,-0.0043818079311446,0.0,-0.0104999999999999,0.3945161290322581,-0.002028243531571,0.0,-6.0,0,0.0615154099732355,-0.008437597492034,0.0061444556282588,-0.036259000000000624
2009-12-04,-0.0104622088944701,0.0,0.0035,0.406774193548387,-0.002032365665503,0.0,-6.0,0,-0.0553790131772994,0.0054943122542924,-0.0107776765869975,-0.036259000000000624
2009-12-07,0.0133417595112916,0.0,0.0170999999999998,0.4435483870967742,-0.0061219982098652,0.0,1.0,0,0.0392207304143547,-0.002471432926803,-0.0141606310307407,-0.036259000000000624
2009-12-08,-0.011494463795584,0.0,0.018,0.4558064516129032,-0.0020490231282987,0.0,6.0,0,0.0694754149295019,-0.0103044920695161,-0.0163570173879107,-0.036259000000000624
2009-12-09,0.0041697115835503,0.0,0.0129000000000001,0.4680645161290322,-0.0020532302460338,0.0,-4.0,0,-0.0444517918482215,0.0036656453959778,-0.0379501159861461,-0.036259000000000624
2009-12-10,0.0104725251405159,0.0,0.0015999999999998,0.4803225806451613,-0.0020574546756915,0.0,-5.0,0,-0.0151181250257009,0.0058227200195837,-0.0073483696946222,-0.036259000000000624
2009-12-11,0.0078119169692207,0.0,-0.0105999999999999,0.4925806451612903,-0.0020616965243451,0.0,-3.0,0,-0.0332528722461178,0.0036763280289124,0.0002782335257073,-0.036259000000000624
2009-12-14,0.0011831247412299,0.0,-0.0038,0.5293548387096774,-0.0062107164797016,0.0,-2.0,0,-0.020590364138349,0.0069352962072166,0.0001391408010037,-0.036259000000000624
2009-12-15,-0.0005481032879171,0.0,0.0074,0.5416129032258065,-0.0020788402815998,0.0,-3.0,0,0.0159478125479053,-0.0055624088370161,0.0022232002959373,-0.036259000000000624
2009-12-16,-0.0099904407311548,0.0,-0.0039,0.5538709677419354,-0.0020831708626669,0.0,5.0,0,-0.0452134509304883,0.0011275940949076,0.0206051237380927,-0.036259000000000624
2009-12-17,-0.0229061529515721,0.0,0.0304999999999999,0.5661290322580645,-0.0020875195240908,0.0,16.0,1,0.0915854160133375,-0.011880913538032,-0.0024503183791579,-0.036259000000000624
2009-12-18,-0.0040937739263338,0.0,0.0056,0.5783870967741935,-0.0020918863793379,0.0,-4.0,0,-0.0375694744388286,0.0058129520408809,0.005165825059353,-0.036259000000000624
2009-12-21,-0.0130955239098771,0.0,-0.0092,0.6151612903225807,-0.0063020439297929,-0.01,-9.0,0,-0.0564532395674273,0.0104489771202262,-0.010358579023829,-0.036259000000000624
2009-12-22,0.0223943123386582,0.0,0.0038,0.6274193548387097,-0.0021095380414131,0.01,2.0,0,-0.0474732576117468,0.0035572134993947,0.006418611732484,-0.036259000000000624
2009-12-23,0.0025332033367746,0.0,-0.0061999999999999,0.6396774193548387,-0.0021139976014286,0.0,1.0,0,0.0086623812460921,0.0022960206868369,0.026729116837853,-0.036259000000000624
2009-12-28,0.0046202412970757,0.0,-0.0364999999999999,0.7009677419354838,-0.0106375469643733,0.0,-13.0,1,0.0233513654198248,0.001153415281841,0.0131486910849372,-0.036259000000000624
2009-12-29,0.0057857104961467,-3.699999999999537e-05,0.0022999999999999,0.7132258064516129,-0.0021411560036082,0.0,3.0,0,0.0040060104969289,-0.0014020340886091,0.0041301000462953,-0.03629600000000062
2009-12-30,0.0042663926085992,3.699999999999537e-05,-0.0008999999999999,0.7254838709677419,-0.0021457503917012,0.0,0.0,0,-0.0025019350188011,0.0001954104772354,0.00501060204514,-0.036259000000000624
2010-01-04,0.0210203003314717,0.0,-0.0172000000000001,0.7529032258064516,-0.0046568759223131,0.04,-6.0,0,-0.0786598687461588,0.0159160821671263,0.0277145533069769,-0.036259000000000624
2010-01-05,0.0027800566787838,0.0,-0.0013,0.7538709677419355,-0.0001171984000727,0.0,6.0,0,-0.0350378827116718,0.0031108319667597,0.0058489818167098,-0.036259000000000624
2010-01-06,0.0069377233487877,0.0,0.0110000000000001,0.7548387096774194,-0.0001172121371464,0.0,-6.0,0,-0.0098676746111513,0.0005453718878234,0.0160023489336058,-0.036259000000000624
2010-01-07,-0.0039382399675407,0.0,0.0076,0.7558064516129033,-0.0001172258774424,0.0099999999999999,2.0,0,-0.0052328943725934,0.0039932183546542,-0.0046511375142199,-0.036259000000000624
2010-01-08,-0.0026720882337354,0.0,-0.0022999999999999,0.7567741935483872,-0.0001172396209589,-0.0099999999999999,2.0,0,-0.0500238917292477,0.0028775830750962,-0.0017190498517673,-0.036259000000000624
2010-01-11,0.0024165588606628,0.0,-0.0067000000000001,0.7596774193548387,-0.0003518013562207,0.0099999999999999,-5.0,0,-0.0325140720374554,0.0017452316285846,-0.0049279576887839,-0.036259000000000624
2010-01-12,-0.0050815359614606,0.0,0.0116,0.7606451612903226,-0.0001172946272696,0.0,11.0,0,0.0391111735889601,-0.0094254464389445,-0.0208405636495088,-0.036259000000000624
2010-01-13,0.0043998049063542,0.0,0.0002999999999999,0.7616129032258064,-0.0001173083869154,0.0,-6.0,0,-0.0221615504319996,0.0082914563333604,-0.0125628895378356,-0.036259000000000624
2010-01-14,-0.008331835966663,0.0,0.0205999999999999,0.7625806451612903,-0.0001173221497854,0.01,9.0,0,-0.0124015807892981,0.0024234864214141,-0.0062768139518232,-0.036259000000000624
2010-01-15,-0.0118607231361806,0.0,0.0062999999999999,0.7635483870967742,-0.0001173359158883,0.0,6.0,0,0.0157572587457142,-0.0108821263012085,-0.0091654818746425,-0.036259000000000624
2010-01-19,0.0134067831392261,0.0,0.0036,0.7674193548387097,-0.0004694813892065,0.0,-3.0,0,-0.0185973196357007,0.012422151207737,0.0067209332769626,-0.036259000000000624
2010-01-20,-0.0247498314668952,0.0,0.0107000000000001,0.7683870967741936,-0.0001174047948833,0.0,7.0,0,0.0606915612205137,-0.0106543866018613,-0.0170188918957713,-0.036259000000000624
2010-01-21,-0.0287072587492804,0.0,0.0048999999999999,0.7693548387096775,-0.0001174185803893,0.0,9.0,0,0.1757870526867179,-0.0191266572729878,-0.0230626238391709,-0.036259000000000624
2010-01-22,-0.0007547739810362,0.0,0.0283999999999999,0.7703225806451613,-0.0001174323691301,0.0,0.0,1,0.2040124141057789,-0.0223897796301089,-0.0237444159309125,-0.036259000000000624
2010-01-26,-0.0105660443767146,-3.699999999999537e-05,0.018,0.7741935483870968,-0.0004698674287375,0.01,-4.0,0,-0.0344309681634739,-0.0042120578477855,-0.0054429514800707,-0.03629600000000062
2010-01-27,-0.0069528742354929,3.699999999999537e-05,0.0145999999999999,0.7751612903225806,-0.000117501361446,0.0,5.0,0,-0.0591491277745074,0.0048682828686118,-0.0144303068921711,-0.036259000000000624
2010-01-28,0.0079291388807298,0.0,0.0047000000000001,0.7761290322580645,-0.0001175151696397,-0.01,4.0,0,0.0251773557681093,-0.0118881255342792,-0.0015238711000726,-0.036259000000000624
2010-01-29,-0.0028399133523038,0.0,0.0187999999999999,0.7770967741935484,-0.000117528981077,0.01,6.0,0,0.0368191036866048,-0.0098777990499825,-0.0093321686538422,-0.036259000000000624
2010-02-01,0.0177312296891614,0.0,0.0024999999999999,0.78,-0.0003526698443341,0.01,-4.0,0,-0.086051817609195,0.0141653055463696,0.022827324870107,-0.036259000000000624
2010-02-02,0.0088384319333094,0.0,-0.0409999999999999,0.7707142857142857,0.0044393207975108,0.01,0.0,1,-0.0503850889050714,0.0128895204452028,0.0395573057480625,-0.036259000000000624
2010-02-03,-0.0008043375076152,0.0,-0.0025999999999999,0.7614285714285715,0.00441970029798,0.0,-5.0,0,0.0055710840212487,-0.0054893503825385,-0.0018423402182277,-0.036259000000000624
2010-02-04,-0.0484668618946368,0.0,0.0377999999999998,0.7521428571428572,0.0044002524693116,0.0,15.0,1,0.1884754017823162,-0.0316358560498069,-0.0512101217460994,-0.036259000000000624
2010-02-05,-0.0184855733859166,0.0,0.0038,0.7428571428571429,0.004380975042098,0.0,9.0,0,0.0011496719541274,0.0028929303608266,-0.0358491822046778,-0.036259000000000624
2010-02-08,0.0061946257367502,0.0,-0.0022999999999999,0.7150000000000001,0.0130289313618732,0.01,-6.0,0,0.0152036228475284,-0.0089028031003741,0.0074446196918216,-0.036259000000000624
2010-02-09,0.0244790163177999,0.0,-0.018,0.7057142857142857,0.0043055253274886,0.01,-9.0,0,-0.0194254909132444,0.0129558417735863,0.0284045625128562,-0.036259000000000624
2010-02-10,0.005132207706346,0.0,-0.0066999999999999,0.6964285714285714,0.004287067222588,0.0,-10.0,0,-0.0233473790154844,-0.0022350694280074,0.0056681380383959,-0.036259000000000624
2010-02-11,0.0164358022117951,0.0,0.0032999999999998,0.6871428571428572,0.0042687667048593,0.0,-8.0,0,-0.0583634239694068,0.0096338823351012,0.0070060334972389,-0.036259000000000624
2010-02-12,-0.0041520243913009,0.0,0.0154,0.6778571428571429,0.0042506217647595,0.0,6.0,0,-0.052700117311324,-0.0027483661199411,-0.0020555200272594,-0.036259000000000624
2010-02-17,0.0214819737424942,0.0,-0.0357,0.6314285714285715,0.0209862434988288,0.0,-11.0,1,-0.0241085451600282,0.0042290045967103,0.0077657033862599,-0.036259000000000624
2010-02-18,0.0081556982876485,0.0,-0.0046999999999999,0.6221428571428571,0.0041449109181819,0.0,-5.0,0,-0.0514871770493036,0.0065631577337954,0.0196046808709628,-0.036259000000000624
2010-02-19,-0.0035294241152232,0.0,-0.0149999999999999,0.6128571428571429,0.0041278015241825,0.0,3.0,0,-0.0300144896505248,0.002184234863591,0.0052574803271487,-0.036259000000000624
2010-02-22,-0.0061284794240918,0.0,-0.0070000000000001,0.585,0.0122821462794018,0.0,-1.0,0,-0.00400400543547,-0.0010464051249203,0.0053571322095204,-0.036259000000000624
2010-02-23,-0.0161453556632586,0.0,0.014,0.5757142857142857,0.0040607534927019,0.01,13.0,0,0.0692603172857005,-0.0121766449451987,-0.0174520097921094,-0.036259000000000624
2010-02-24,-0.0047459206764752,0.0,0.0017,0.5664285714285715,0.0040443304412605,0.0,-3.0,0,-0.0528461255554057,0.0096735196971898,0.0108150450007182,-0.036259000000000624
2010-02-25,0.0049425492532915,0.0,0.0161,0.5571428571428572,0.0040280396955854,0.0,-3.0,0,-0.0084221490035941,-0.0020832085528651,-0.0233200806758147,-0.036259000000000624
2010-02-26,0.0057606625708164,0.0,-0.0254,0.5478571428571428,0.0040118796632864,0.0,0.0,1,-0.0303053684739221,0.0014043925568579,0.016896625604885,-0.036259000000000624
2010-03-01,0.0108427679881071,0.0,-0.0109999999999998,0.52,0.011939962574905,-0.15,-14.0,0,-0.0123840473159296,0.0101072574236037,-0.0090626846015376,-0.036259000000000624
2010-03-02,0.0081625850411146,0.0,-0.0149000000000001,0.5216129032258064,-0.0007094328487227,0.0,-1.0,0,-0.0104385480475279,0.0023277310028862,0.0166380431622048,-0.036259000000000624
2010-03-03,-0.0020381043829491,0.0,-0.0004999999999999,0.5232258064516129,-0.0007099365010176,0.0,3.0,0,-0.0121405315889057,0.0004291095214003,0.0135935484890792,-0.036259000000000624
2010-03-04,0.0025691013421926,0.0,0.0041999999999999,0.5248387096774194,-0.0007104408689428,-0.01,-5.0,0,-0.0058589042476741,0.0037291560795713,-0.0089993519506975,-0.036259000000000624
2010-03-05,0.0151032418259067,0.0,-0.0063999999999999,0.5264516129032258,-0.0007109459540259,0.0,-9.0,0,-0.0719734585656317,0.0139102828016039,0.0170426200473586,-0.036259000000000624
2010-03-08,-0.0039586144169163,0.0,0.0001999999999999,0.5312903225806451,-0.002135875567129,0.0,-6.0,0,0.0210175773367425,-0.0001756114321765,0.0072337784736575,-0.036259000000000624
2010-03-09,0.0144916434637956,0.0,0.0073,0.5329032258064517,-0.0007129734966024,-0.01,0.0,0,0.0072808586634842,0.0017112720239721,-0.0069834121134146,-0.036259000000000624
2010-03-10,0.0057755167528927,0.0,-0.0182999999999999,0.5345161290322581,-0.0007134821905161,0.0,2.0,0,0.0356299471265491,0.0045143549042129,0.0071077008485357,-0.036259000000000624
2010-03-11,-0.0013441631034858,0.0,-0.0022999999999999,0.5361290322580645,-0.0007139916108371,0.0,1.0,0,-0.0278478405132658,0.0040333743135059,-0.002488239340262,-0.036259000000000624
2010-03-12,-0.0078146720937617,0.0,-0.0056,0.537741935483871,-0.0007145017591199,0.0,3.0,0,-0.0269376305003261,-0.0002173695700926,-0.0111481006735614,-0.036259000000000624
2010-03-15,-0.0045820916363634,0.0,0.0006999999999999,0.5425806451612903,-0.0021465734701475,0.0,0.0,0,0.0236098699789485,0.0004520926234358,-0.0190748409532201,-0.036259000000000624
2010-03-16,0.0132120569590057,0.0,0.0021999999999999,0.5441935483870968,-0.0007165496631866,0.0,2.0,0,-0.017372219534668,0.0077490149831599,0.014403375405382,-0.036259000000000624
2010-03-17,-0.0031360781797662,0.0,-0.0025999999999999,0.5458064516129032,-0.0007170634748003,0.0,1.0,0,-0.0450943844745375,0.0058047953325636,0.0365303696991138,-0.036259000000000624
2010-03-18,-0.0003729737527091,0.0,0.0207999999999999,0.5474193548387096,-0.0007175780238135,0.0,1.0,0,-0.017298313964267,-0.000325899126689,-0.0058736796421985,-0.036259000000000624
2010-03-19,-0.0125321074771402,0.0,0.0106000000000001,0.549032258064516,-0.000718093311816,0.0,1.0,0,0.0208401988611258,-0.0050994264516127,-0.019832158394321,-0.036259000000000624
2010-03-22,0.003089847313241,0.0,0.0075999999999998,0.5538709677419354,-0.0021573790772659,0.0,3.0,0,-0.0059100924788527,0.00508235909918,0.0082284926269074,-0.036259000000000624
2010-03-23,0.0049845150120955,0.0,-0.0216999999999998,0.5554838709677419,-0.0007201618856385,0.0,-5.0,0,-0.0313090256302212,0.0071453777848001,0.0019845706691503,-0.036259000000000624
2010-03-24,-0.0068546906142668,0.0,0.0090999999999998,0.5570967741935483,-0.0007206808925701,0.0,-10.0,0,0.0708259857647965,-0.0055084478872883,-0.0134731853915178,-0.036259000000000624
2010-03-25,-0.0068581681933892,0.0,0.0103999999999999,0.5587096774193548,-0.0007212006481225,0.0,-1.0,0,0.047296737443349,-0.0017056210833286,-0.0001256313010457,-0.036259000000000624
2010-03-26,0.0035150446401512,0.0,0.0222999999999999,0.5603225806451613,-0.0007217211539067,0.0,3.0,0,-0.0348389759558529,0.0007374506159884,-0.0040276919363817,-0.036259000000000624
2010-03-29,0.0181217176493575,0.0,-0.0166999999999999,0.5651612903225806,-0.0021682940232246,0.0,-2.0,0,-0.0101811005028743,0.005667146312798,0.0234336693839401,-0.036259000000000624
2010-03-30,0.0003002165870764,0.0,-0.0112,0.5667741935483871,-0.0007238107120084,0.0,0.0,0,-0.0264993040801603,4.26584629303888e-05,0.0013542705968632,-0.036259000000000624
2010-03-31,0.0058718066263985,0.0,-0.0141999999999999,0.5683870967741935,-0.0007243349934569,0.0,3.0,0,0.0264993040801602,-0.0032782423180327,0.0173195963164209,-0.036259000000000624
2010-04-01,0.010798081004987,0.0,-0.0108999999999999,0.57,-0.0007248600349694,0.0,-1.0,0,-0.0068454825824625,0.0073864540055243,0.0157162996769439,-0.036259000000000624
2010-04-05,0.0021625273477514,0.0,-0.0127999999999999,0.5513333333333333,0.0018371743645211,0.01,-12.0,0,-0.0260959348008388,0.0078967294430878,0.0220150762239104,-0.036259000000000624
2010-04-06,-0.0027249886933642,0.0,0.0031999999999998,0.5466666666666666,0.0004587666986388,0.0,1.0,0,-0.0475277967191468,0.001682878875349,0.0031390396568697,-0.036259000000000624
2010-04-07,-0.0042709506809632,0.0,0.0057,0.5419999999999999,0.0004585563282617,-0.01,9.0,0,0.0237454866009781,-0.005894042967262,-0.0065215695789562,-0.036259000000000624
2010-04-08,0.0139154148244475,0.0,0.0143999999999999,0.5373333333333333,0.0004583461507312,0.01,-7.0,0,-0.0084593432182884,0.0033686614308549,-0.0091549795200324,-0.036259000000000624
2010-04-09,-0.0051396043361968,0.0,-0.0076,0.5326666666666666,0.0004581361657791,-0.01,1.0,0,-0.0208468716786833,0.0066616682968316,0.000235843817798,-0.036259000000000624
2010-04-12,-0.011307511119881,0.0,-0.0121999999999999,0.5186666666666666,0.0013731505094582,0.01,4.0,0,-0.0353125894800334,0.0017650508571401,-0.0007076083848102,-0.036259000000000624
2010-04-13,0.0025175748414696,0.0,-0.0023999999999999,0.514,0.000457298146486,0.0,-1.0,0,0.0390232537876786,0.0006851660398368,-0.0005899513179947,-0.036259000000000624
2010-04-14,0.0034267133589906,0.0,-0.0138,0.5093333333333333,0.0004570891204753,0.0,-9.0,0,-0.038381596476131,0.0110883630999086,0.0167382649839956,-0.036259000000000624
2010-04-15,-0.0072196359055265,0.0,0.0037,0.5046666666666666,0.000456880285462,0.0,-3.0,0,0.019060309297605,0.0008421839911768,0.0117702333321006,-0.036259000000000624
2010-04-16,-0.0157636620180401,0.0,0.0075,0.5,0.0004566716411904,0.0,10.0,0,0.1444844162810537,-0.016257982418547,-0.0136292284378971,-0.036259000000000624
2010-04-19,-0.0046636286057797,0.0,0.0029999999999998,0.486,0.0013687649613949,0.0,-2.0,0,-0.0571584382837342,0.0045111407395297,-0.0206797933983853,-0.036259000000000624
2010-04-20,0.003178825934242,0.0,-0.0090999999999998,0.4813333333333333,0.0004558389662605,0.0,0.0,0,-0.0974462921832868,0.0080260457370713,0.0067443866039251,-0.036259000000000624
2010-04-22,0.0009805053271421,0.0,0.0128999999999999,0.472,0.0009110550382249,0.0,5.0,0,0.0091491716624032,0.0022613206430901,-0.0003501053913526,-0.036259000000000624
2010-04-23,0.0017711225336114,-3.699999999999537e-05,-0.0001999999999999,0.4673333333333333,0.0004552164500601,-0.01,-2.0,0,0.0090663374238242,0.0070982676832182,0.0182748764799317,-0.03629600000000062
2010-04-26,-0.0092065312340352,0.0,-0.0178,0.4533333333333333,0.001364407337153,0.0,-2.0,0,0.0498782449190077,-0.0043057043550931,-0.0048253559221713,-0.03629600000000062
2010-04-27,-0.0348823618393208,0.0,0.0146000000000001,0.4486666666666666,0.0004543890685333,0.01,18.0,0,0.2667139280412861,-0.0236596401787016,-0.0121663403022572,-0.03629600000000062
2010-04-28,0.0021777175622279,0.0,-0.0034,0.4439999999999999,0.0004541826928772,0.0,-8.0,0,-0.0788742928290814,0.0064419583781808,0.0044202104936148,-0.03629600000000062
2010-04-29,0.0196390583388499,0.0027309999999999,-0.0237,0.4393333333333333,0.0004539765046036,0.0,4.0,1,-0.133802472963547,0.0128601802812895,0.0085519744786439,-0.03356500000000072
2010-04-30,-0.006612179830661,3.600000000000131e-05,-0.0015,0.4346666666666666,0.0004537705034515,0.0,6.0,0,0.1787903202020685,-0.0167878101398662,0.0061948219588471,-0.03352900000000072
2010-05-03,-0.0061047802277016,0.0,0.0009000000000001,0.402258064516129,0.0005763828961136,-0.0399999999999999,-6.0,0,-0.0881251085160891,0.0130352574532621,0.0170091407433723,-0.03352900000000072
2010-05-04,-0.0340973116991811,0.0,0.0242,0.3883870967741935,6.140344731697667e-05,0.0,15.0,1,-0.0881251085160891,0.0130352574532621,0.0170091407433723,-0.03352900000000072
2010-05-05,0.0006934652736241,0.0,0.0304999999999999,0.374516129032258,6.139967716656258e-05,0.0,13.0,1,-0.0881251085160891,0.0130352574532621,0.0170091407433723,-0.03352900000000072
2010-05-06,-0.0233786596782259,0.0,0.0490999999999999,0.3606451612903226,6.139590747622492e-05,0.0,30.0,1,0.2751591689812272,-0.0328884406439636,-0.0342313493681317,-0.03352900000000072
2010-05-07,-0.0085996491493496,0.0,-0.0009999999999998,0.3467741935483871,6.139213824951639e-05,0.0099999999999999,-8.0,0,0.2219233368003297,-0.0154266461809074,-0.0197350516670337,-0.03352900000000072
2010-05-10,0.0402473197159558,0.0,-0.0509999999999999,0.3051612903225806,0.0001841538040228,0.0,-26.0,1,-0.3505885112224877,0.0430347041456154,0.0233612001508728,-0.03352900000000072
2010-05-11,-0.015830571283443,0.0,0.0009999999999998,0.2912903225806451,6.13770659718682e-05,0.0,-4.0,0,-0.0181950596580525,-0.0034030759184662,0.0046073814868495,-0.03352900000000072
2010-05-12,0.0123257428221812,0.0,-0.012,0.2774193548387096,6.137329905975264e-05,0.0,-14.0,0,-0.1041057816355011,0.0136459924018244,0.0087822830190865,-0.03352900000000072
2010-05-13,-0.0067070983364594,0.0,0.0014,0.2635483870967742,6.136953260948985e-05,0.0,1.0,0,0.0444517560717586,-0.0122194998892251,-0.0135145117384633,-0.03352900000000072
2010-05-14,-0.0214672830431688,0.0,0.0229999999999999,0.2496774193548387,6.136576662107984e-05,0.0,15.0,1,0.1577850851591264,-0.0189789813879498,-0.0372603377823927,-0.03352900000000072
2010-05-17,-0.0086476409598326,0.0,0.0078,0.2080645161290322,0.000184074708553,0.0,-2.0,0,-0.0128867640020665,0.0011087536210084,-0.0273198216114238,-0.03352900000000072
2010-05-18,-0.032741573210238,0.0,-0.0123999999999999,0.1941935483870968,6.135070728774394e-05,0.0,15.0,0,0.0842242870344639,-0.0142976317849977,-0.0089614479801363,-0.03352900000000072
2010-05-19,-0.0191161549956859,0.0,0.0444999999999999,0.1803225806451613,6.134694361037418e-05,0.0,5.0,1,0.0514125264181289,-0.0051434688600155,-0.0099919525623162,-0.03352900000000072
2010-05-20,-0.0253998605705927,0.0,0.0310999999999999,0.1664516129032258,6.134318039308084e-05,0.0,13.0,1,0.2596163795676011,-0.0397557958377662,-0.0254257648916419,-0.03352900000000072
2010-05-21,0.0349040505637709,0.0,0.0033,0.1525806451612903,6.133941763764028e-05,0.01,3.0,0,-0.1326894504023696,0.0149126325857043,-0.0022296000938832,-0.03352900000000072
2010-05-24,-0.0057250476739234,-3.600000000000131e-05,-0.0187999999999999,0.1109677419354838,0.0001839956810005,-0.01,-5.0,0,-0.0454043511218973,-0.0129920463236877,-0.0071404173408709,-0.03356500000000072
2010-05-25,-0.0122756560443821,3.600000000000131e-05,0.0288999999999999,0.0970967741935484,6.132437123262946e-05,0.0,8.0,1,-0.1018292698564079,0.0003538747646525,-0.0230253933352108,-0.03352900000000072
2010-05-26,0.0168549904695822,0.0,-0.0349999999999999,0.0832258064516129,6.132061078645279e-05,0.01,-10.0,1,0.0117766646468238,-0.0056770786936516,0.0310024800786709,-0.03352900000000072
2010-05-27,0.031110930604516,0.0,-0.0133,0.0693548387096774,6.131685079857618e-05,0.0,-12.0,0,-0.1654459113478158,0.032347311768677,0.0398960802101848,-0.03352900000000072
2010-05-28,-0.0023379754117502,-3.600000000000131e-05,-0.0099,0.0554838709677419,6.131309127255236e-05,-0.01,8.0,0,0.0774475756077538,-0.0124518923454058,-0.0086092409306251,-0.03356500000000072
2010-05-31,0.0176012992417629,0.0,-0.0061999999999999,0.0138709677419354,0.0001839167212747,-0.0099999999999999,0.0,0,0.0774475756077538,-0.0124518923454058,-0.0086092409306251,-0.03356500000000072
2010-06-01,-0.0193139050825283,3.600000000000131e-05,0.0087999999999999,0.0,6.129805777810304e-05,-0.04,0.0,0,0.1027378442978453,-0.0173143533245987,-0.0178563675358246,-0.03352900000000072
2010-06-02,0.0176629800309928,0.0,0.0107000000000001,0.0003333333333333,0.0012989980567184,0.0,-5.0,0,-0.1638107927872103,0.0255144281083426,0.0142020811494551,-0.03352900000000072
2010-06-04,-0.0203346786335671,0.0,0.0039,0.001,0.0025929448589323,0.0,15.0,0,0.1859357645818383,-0.0350174420898311,-0.0450246531598489,-0.03352900000000072
2010-06-07,-0.0080255031559968,0.0,0.0232999999999998,0.002,0.0038768544006568,0.0,-1.0,1,0.0302590792769549,-0.0136244661657156,0.0,-0.03352900000000072
2010-06-08,0.0109397298728115,0.0,0.0023999999999999,0.0023333333333333,0.0012889519786245,0.0,7.0,0,-0.0817303638188448,0.0109162676435189,0.0,-0.03352900000000072
2010-06-09,-0.0061134499399884,0.0,-0.0234999999999998,0.0026666666666666,0.0012872927198959,0.0,-4.0,1,0.0008897755046797,-0.005959396741888,0.0,-0.03352900000000072
2010-06-10,0.0252165487709863,0.002713,-0.0238,0.003,0.0012856377275802,0.01,-13.0,1,-0.0983685095822572,0.0290798456661769,0.0434320484046886,-0.030816000000000718
2010-06-11,0.0087798817512556,0.0,-0.006,0.0033333333333333,0.0012839869852427,0.0,8.0,0,-0.0599909894956216,0.0043701157426175,-0.0125636836387968,-0.030816000000000718
2010-06-14,-0.001132627659663,0.0,-0.0095,0.0043333333333333,0.0038420987567473,0.0,-8.0,0,-0.0073209665920355,-0.0018062939317567,0.011367537990661,-0.030816000000000718
2010-06-15,0.0142061385018514,0.0,-0.0059,0.0046666666666666,0.0012774261899366,0.0,-11.0,0,-0.0996231411938871,0.0232224505985004,0.0132102322693771,-0.030816000000000718
2010-06-16,0.0047835500254702,0.0,-0.0078,0.005,0.0012757964539122,0.0,1.0,0,0.0019308457891662,-0.0005560893540954,0.0251406591726394,-0.030816000000000718
2010-06-17,-0.0032484637049314,0.0,-0.0075999999999998,0.0053333333333333,0.0012741708710137,0.0,5.0,0,-0.0341410773533046,0.0012821858123894,0.0068869155836298,-0.030816000000000718
2010-06-18,-0.0015971595669892,0.0,-0.0056,0.0056666666666666,0.0012725494253835,0.0,-6.0,0,-0.0449054413617752,0.0013162641384549,-0.005863612466163,-0.030816000000000718
2010-06-21,0.0060495129064452,0.0,-0.0098,0.0066666666666666,0.0038079607389427,-0.01,-1.0,0,0.038095878427299,-0.0038642979433988,0.00764138296166,-0.030816000000000718
2010-06-22,-0.0002776920721334,0.0,0.0017,0.007,0.0012661047012798,0.0,11.0,0,0.0836227429479721,-0.0162012250869894,-0.0099452404086268,-0.030816000000000718
2010-06-23,0.0053704416956197,0.0,0.0227999999999999,0.0073333333333333,0.0012645037069756,0.01,5.0,0,-0.0051890180191943,-0.0029899392610687,-0.022941895324092,-0.030816000000000718
2010-06-24,-0.018947560189428,0.0,-9.9999999999989e-05,0.0076666666666666,0.0012629067564891,-0.01,-2.0,0,0.0999949742674049,-0.0169462832049512,0.0026188908569651,-0.030816000000000718
2010-06-25,0.0137776816140089,0.0,-0.0125999999999999,0.008,0.0012613138345134,0.01,1.0,0,-0.0415367440430159,0.0028552819315454,0.0213476181476803,-0.030816000000000718
2010-06-28,-0.0092833621624777,3.600000000000131e-05,0.0044999999999999,0.009,0.0037744240289097,0.0,1.0,0,0.0163396406935751,-0.0020360096106544,-0.0068076354593343,-0.030780000000000717
2010-06-29,-0.035613059630684,0.0,0.0250000000000001,0.0093333333333333,0.0012549821283958,0.0,10.0,1,0.1628809642276358,-0.0315082303422089,-0.0281008350202169,-0.030780000000000717
2010-06-30,-0.0169553502947756,0.0,-0.0060999999999999,0.0096666666666666,0.0012534091221425,0.0,0.0,0,0.0119413050107148,-0.0101644539733352,-0.0057162042266062,-0.030780000000000717
2010-07-01,0.0049111187993471,0.0,-0.0009000000000001,0.01,0.0012518400541932,0.06,2.0,0,-0.0498619680414008,-0.0032457133092441,-0.036244290560444,-0.030780000000000717
2010-07-02,0.0031630633060011,0.0,-0.0221,0.0109677419354838,0.0003416552973352,0.0,-3.0,0,-0.0870667003887367,-0.0046732717543015,-0.0095840003299093,-0.030780000000000717
2010-07-05,-0.0092400183142764,0.0,-0.0029999999999998,0.0138709677419354,0.0010242660797832,0.0,0.0,0,-0.0870667003887367,-0.0046732717543015,-0.0095840003299093,-0.030780000000000717
2010-07-06,0.019523926106352,0.0,-0.0090000000000001,0.0148387096774193,0.0003411890211832,0.0,-3.0,0,-0.0157273182167107,0.0053447258874577,-0.0027953139063871,-0.030780000000000717
2010-07-07,0.0194503096189055,0.0,0.0054,0.0158064516129032,0.0003410726509383,0.0,-8.0,0,-0.0995687947894024,0.0308500230082638,0.0284236187823224,-0.030780000000000717
2010-07-08,0.0030293491137793,0.0,-0.0066999999999999,0.016774193548387,0.0003409563600484,0.0,-3.0,0,-0.0430133321205524,0.0093686549516578,0.0161924592868927,-0.030780000000000717
2010-07-12,-0.0081622775914489,0.0,-0.0008000000000001,0.0206451612903225,0.0013626641155326,0.0,-10.0,0,-0.0222635886107301,0.0007326336059528,-0.0140197959055806,-0.030780000000000717
2010-07-13,0.0114651540939778,0.0,-0.0119,0.0216129032258064,0.0003403760930744,0.0,-11.0,0,0.0053071837724301,0.015261822735573,0.0301969535783939,-0.030780000000000717
2010-07-14,-0.0032556156620646,0.0,0.0132000000000001,0.0225806451612903,0.0003402602766087,0.0,9.0,0,0.0133470103236167,-0.0001551436647934,0.0015642698877334,-0.030780000000000717
2010-07-15,0.0001575200053665,0.0,0.0032999999999998,0.0235483870967741,0.0003401445389314,0.0,6.0,0,0.0133470103236167,-0.0001551436647934,0.0015642698877334,-0.030780000000000717
2010-07-16,-0.0182794294010211,0.0,0.0101999999999999,0.024516129032258,0.0003400288799664,0.0,1.0,0,0.0133470103236167,-0.0001551436647934,0.0015642698877334,-0.030780000000000717
2010-07-19,0.0152507015166953,0.0,0.0062000000000002,0.0274193548387096,0.0010193934719673,0.0,-7.0,0,-0.0107239898029262,0.0059640695879085,0.0033114804869331,-0.030780000000000717
2010-07-20,0.0182534811324419,0.0,-0.0054,0.0283870967741935,0.0003395670295738,0.0,-1.0,0,-0.0818090845615712,0.0113518741689927,0.0079030766776089,-0.030780000000000717
2010-07-21,0.0002171552668688,0.0,-0.0034,0.0293548387096774,0.0003394517629455,0.0,6.0,0,0.0690206935746705,-0.0129026995822862,-0.011214557164542,-0.030780000000000717
2010-07-22,0.0195206812828665,0.001797,-0.0137,0.0303225806451612,0.0003393365745463,0.0,-8.0,0,-0.0401884301889854,0.0222636878224256,0.0319891093381532,-0.028983000000000717
2010-07-23,0.0087074926828396,0.0,-0.0011999999999998,0.0312903225806451,0.0003392214642943,0.0,-8.0,0,-0.0482421974521949,0.0081864201843447,-0.0047659361749123,-0.028983000000000717
2010-07-26,0.0018076922205612,0.0,0.0051999999999998,0.0341935483870967,0.0010169745116783,0.0,-6.0,0,-0.0320373628813586,0.0111379087167297,0.0006454088993657,-0.028983000000000717
2010-07-27,0.0034706345826904,0.0,-0.0010999999999998,0.0351612903225806,0.0003387618031904,0.0,-2.0,0,0.0200355565718246,-0.0010499083075197,-0.0178355671187063,-0.028983000000000717
2010-07-28,0.0020077620205576,0.0,-0.0008000000000001,0.0361290322580645,0.0003386470824935,0.0,5.0,0,0.0446954430864007,-0.0069460326382801,-0.0009198988389073,-0.028983000000000717
2010-07-29,0.0021829825806918,0.0,-0.0006999999999999,0.0370967741935483,0.0003385324394695,0.0,-3.0,0,-0.0049607725262208,-0.0041672922205166,0.019916035305956,-0.028983000000000717
2010-07-30,0.0083439789813866,0.0,-0.0070999999999998,0.0380645161290322,0.0003384178740404,-0.01,10.0,0,-0.026455423707158,6.349719619899018e-05,0.0075753585606673,-0.028983000000000717
2010-08-02,0.0147320942472894,0.0,-0.0083000000000001,0.0532258064516129,0.0010926553121528,-0.0399999999999999,-10.0,0,-0.06550351521275,0.0217835287811667,0.0332105916060235,-0.028983000000000717
2010-08-03,-0.0076183031044596,0.0,0.0105000000000001,0.0664516129032258,0.0004159898308202,0.0,1.0,0,0.0277795166230888,-0.0048078946413303,0.0227532826302803,-0.028983000000000717
2010-08-04,0.0040361398898074,0.0,-0.0031000000000001,0.0796774193548387,0.0004158168552326,0.0,-5.0,0,-0.018733825875519,0.006032878060028,-0.0058224735684886,-0.028983000000000717
2010-08-05,0.0020485213918011,0.0,-0.0027999999999999,0.0929032258064516,0.000415644023441,0.0,5.0,0,-0.0049649709001524,-0.0012693298432147,-0.0072034539760925,-0.028983000000000717
2010-08-06,-0.0046444588165233,0.0,0.0030999999999998,0.1061290322580645,0.000415471335259,0.0,3.0,0,-0.0164237546198605,-0.0037109155663972,-0.0179271279384826,-0.028983000000000717
2010-08-09,-0.0034275576558755,0.0,-0.0028999999999999,0.1458064516129032,0.0012453793101538,0.0,-14.0,0,0.0182320285477492,0.0054680871074055,0.0103009808628754,-0.028983000000000717
2010-08-10,-0.0094607804894248,0.0,0.0039,0.1590322580645161,0.000414782015099,0.0,1.0,0,0.0103349133053897,-0.0059852816039276,-0.0173115902034219,-0.028983000000000717
2010-08-11,-0.0215475997777137,0.0,0.0086999999999999,0.172258064516129,0.0004146100423092,0.0,0.0,0,0.1266345586594745,-0.0285834059979615,-0.0249313232414977,-0.028983000000000717
2010-08-12,0.0026716066772376,0.0,0.0067999999999999,0.1854838709677419,0.0004144382120614,0.0,0.0,0,0.0133022368250708,-0.0053932664000713,-0.0276852730531837,-0.028983000000000717
2010-08-13,0.0045073055208177,0.0,-0.0014999999999998,0.1987096774193548,0.0004142665241815,0.0,5.0,0,0.019627346850653,-0.004031690712189,-0.0054437635622998,-0.028983000000000717
2010-08-16,0.0065881741835713,0.0,-0.0077,0.2383870967741936,0.001241770866283,0.01,8.0,0,-0.0053496264089113,0.0001204512887115,-0.0034676233442094,-0.028983000000000717
2010-08-17,0.0131363311642083,0.0,-0.0111000000000001,0.2516129032258065,0.0004135811927987,0.0,-9.0,0,-0.0702251752847118,0.0121184896013476,0.0274098309579581,-0.028983000000000717
2010-08-18,0.0007986866467071,0.0,-0.0014999999999998,0.2648387096774193,0.0004134102141062,0.0,-2.0,0,0.0106297087737494,0.0014816804859392,-0.0059973984184741,-0.028983000000000717
2010-08-19,-0.0111653269192384,0.0,0.0070999999999998,0.2780645161290322,0.0004132393767264,0.0,5.0,0,0.0725381727489527,-0.0170804358568971,-0.015418347685458,-0.028983000000000717
2010-08-20,-0.003144562502543,0.0,0.0013,0.2912903225806452,0.0004130686804781,0.0,2.0,0,-0.0365918257735917,-0.0036697539229193,-0.0139076978179992,-0.028983000000000717
2010-08-23,-0.0104780883118156,0.0,-0.0010000000000001,0.3309677419354839,0.0012381832726884,0.0,-2.0,0,0.0066471438322184,-0.0040484907945532,-0.0086557122574128,-0.028983000000000717
2010-08-24,-0.0125975830614937,0.0,0.014,0.3441935483870968,0.000412387303351,0.0,13.0,0,0.0677970137584628,-0.0146187683619912,-0.0169867850695298,-0.028983000000000717
2010-08-25,-0.0054324959124727,0.0,-0.0059,0.3574193548387097,0.0004122173101652,0.0,-3.0,0,-0.028066773018711,0.0032839446916381,0.0150833258430238,-0.028983000000000717
2010-08-26,-0.0145491025211743,0.0,-0.0071999999999998,0.3706451612903226,0.0004120474570683,0.0,10.0,0,0.0247839597344007,-0.0077144665808924,0.0207413938746372,-0.028983000000000717
2010-08-27,0.0265442152053978,0.0,-0.0052,0.3838709677419355,0.0004118777438879,0.0,-6.0,0,-0.1128173065901673,0.016450710403283,0.0214949253183605,-0.028983000000000717
2010-08-30,-0.0203940959202117,0.0,0.0047000000000001,0.4235483870967742,0.0012346163491727,0.0,13.0,0,0.1069542720234827,-0.0148286111130857,-0.0006525683984635,-0.028983000000000717
2010-08-31,0.0136626393079968,0.0,-0.0031000000000001,0.4367741935483871,0.0004112002868943,0.0,4.0,0,-0.0435667802365584,0.0003907180884926,-0.0259205084646386,-0.028983000000000717
2010-09-01,0.0291660238436293,0.0,-0.0119,0.45,0.0004110312707137,-0.02,-11.0,0,-0.0865578031225667,0.0290777363867501,0.0226514633175081,-0.028983000000000717
2010-09-02,-0.0039587446475959,0.0,-0.0074,0.46,0.0014121855114872,0.0,-2.0,0,-0.0297387614922143,0.0090398529867345,0.0075679097584466,-0.028983000000000717
2010-09-03,-0.0019327730813909,0.0,-0.0085999999999999,0.47,0.0014101940555413,0.0,-7.0,0,-0.0845447532479277,0.0131323937931609,-0.0033854477492522,-0.028983000000000717
2010-09-06,0.0010192916805937,0.0,-0.0021999999999999,0.5,0.0042186894004974,0.0,0.0,0,-0.0845447532479277,0.0131323937931609,-0.0033854477492522,-0.028983000000000717
2010-09-08,-0.00510687983747,0.0,-0.0027999999999999,0.52,0.0028026045196671,0.0,11.0,0,-0.0233804165877836,0.0064180594909031,0.0055160208633215,-0.028983000000000717
2010-09-09,0.0032624003798424,0.0,0.0006999999999999,0.53,0.0013983622805451,0.0,-8.0,0,-0.0191061191503795,0.0048206520589967,-0.0089951384073123,-0.028983000000000717
2010-09-10,0.002742992479126,0.0,-0.0052,0.54,0.0013964095937222,0.01,-4.0,0,-0.0366112187247667,0.0048515450406903,0.008867274187617,-0.028983000000000717
2010-09-13,0.0181556181746298,0.0,-0.0011999999999998,0.5700000000000001,0.0041775670055965,0.0,1.0,0,-0.0361150687465199,0.0110691266031444,0.0110694571822756,-0.028983000000000717
2010-09-14,-0.0049954791004189,0.0,-0.0098,0.5800000000000001,0.0013886530785445,-0.01,2.0,0,0.0163669958583358,-0.0007133739296067,0.0016436552256721,-0.028983000000000717
2010-09-15,0.0061119933417792,0.0,0.0093,0.5900000000000001,0.0013867273949692,0.01,-9.0,0,0.024737904514746,0.0035348838022687,-0.0031631580548553,-0.028983000000000717
2010-09-16,-0.0065404961742387,0.0,0.0014999999999998,0.6,0.001384807044797,-0.01,-11.0,0,-0.0173441623325596,-0.0003644100558466,-0.005464150910138,-0.028983000000000717
2010-09-17,-0.0085194056006905,0.0,-0.0018,0.61,0.001382892005898,0.01,4.0,0,0.0132634424851422,0.0008265141149324,-0.0034463531239837,-0.028983000000000717
2010-09-20,0.016277830419872,0.0,0.0050000000000001,0.64,0.0041372385677291,0.0,2.0,0,-0.0234439708037461,0.0150952878895575,0.014092794896689,-0.028983000000000717
2010-09-21,-0.0069311360630113,0.0,0.0039,0.65,0.0013752845247925,0.0,12.0,0,0.0387734029939573,-0.0025673131207138,-0.0114113262893426,-0.028983000000000717
2010-09-22,0.0089089413445808,0.0,-0.0071000000000001,0.66,0.0013733957146229,0.0,0.0,0,0.0071333269590734,-0.0048371727944516,-0.006011417161264,-0.028983000000000717
2010-09-23,0.0068408000198889,0.0,0.0010000000000001,0.67,0.0013715120855053,0.0,1.0,0,0.0586628104225905,-0.0083662401778413,0.0020505410826178,-0.028983000000000717
2010-09-24,-0.0087306197310361,0.0,-0.0074,0.68,0.0013696336161554,0.0,-9.0,0,-0.0948495337898052,0.0209729155478082,0.0096828647978594,-0.028983000000000717
2010-09-27,0.009050363938396,0.0,-0.002,0.71,0.0040976813131212,0.0,4.0,0,0.037518607510091,-0.0056835531819335,-0.0038110189304615,-0.028983000000000717
2010-09-28,0.0059691290213717,0.0,-0.0006999999999999,0.72,0.0013621709146907,0.0,6.0,0,0.0026583739279075,0.0048386607358485,0.0017802572191023,-0.028983000000000717
2010-09-29,0.0,0.0,-0.004,0.73,0.0013603179288885,0.0,-8.0,0,0.0283552088759337,-0.0025911128831447,0.0258353673698583,-0.028983000000000717
2010-09-30,0.0029136457024296,0.0,-0.0111000000000001,0.74,0.0013584699775375,0.0,-1.0,0,0.0191699482992577,-0.0030884867064552,0.0188870094308738,-0.028983000000000717
2010-10-01,0.0114422803751406,0.0,-0.0129999999999999,0.75,0.001356627040149,0.06,-3.0,0,-0.0519597711222486,0.0044067143598945,0.017343593381737,-0.028983000000000717
2010-10-04,0.0022188411396069,0.0,0.0069999999999998,0.7577419354838709,0.0020641793931925,0.0,3.0,0,0.0447609227106008,-0.0080673865197217,-0.005627761056281,-0.028983000000000717
2010-10-05,0.0126776975390558,0.0,-0.0073999999999998,0.7603225806451613,0.0006871140297484,0.0,-2.0,0,-0.0782027994147667,0.020646722507164,0.0185586768826946,-0.028983000000000717
2010-10-06,-0.0104637687577202,0.0,-0.0050000000000001,0.7629032258064516,0.0006866422282207,0.0,-2.0,0,-0.0124857325024101,-0.0006722304595956,0.0025897745917313,-0.028983000000000717
2010-10-07,-0.0088709742420842,0.0,0.0019,0.765483870967742,0.0006861710741681,0.0,-1.0,0,0.0032520212662362,-0.0016478755817934,-0.0193489005514715,-0.028983000000000717
2010-10-08,0.0126629844456704,0.0,0.0026999999999999,0.7680645161290323,0.0006857005662546,0.0,-4.0,0,-0.0402230900695609,0.006103613171284,0.0071659028412854,-0.028983000000000717
2010-10-11,0.00193291302112,0.0,-0.0155999999999998,0.7758064516129032,0.0020542850927984,0.0,0.0,0,-0.0882851826609063,0.0001458262731871,-0.0036959512545533,-0.028983000000000717
2010-10-13,0.0102229874834627,0.0,-0.0094,0.7809677419354839,0.001367182641955,0.0,-17.0,0,0.0073684222668936,0.0070957855615592,0.0135603290420314,-0.028983000000000717
2010-10-14,0.000237153599917,0.0,0.0041999999999999,0.7835483870967742,0.000682891013616,0.0,-4.0,0,0.0415977554040649,-0.003648032184403,-0.0013004743990688,-0.028983000000000717
2010-10-15,0.0019230507173588,0.0,0.0008000000000001,0.7861290322580645,0.0006824249917052,0.0,-4.0,0,-0.0436974416231446,0.0020254328732751,-0.0249144745076013,-0.028983000000000717
2010-10-18,-0.001309502436964,0.0,0.0081999999999999,0.7938709677419354,0.0020444851933074,0.0,9.0,0,0.0031479283404131,0.0072176346907062,0.0230199087393762,-0.028983000000000717
2010-10-19,-0.0264422185383139,0.0,0.0181999999999999,0.7964516129032257,0.0006805672472403,0.0,10.0,0,0.0775816406721815,-0.0160046440290548,-0.0395289784249632,-0.028983000000000717
2010-10-20,0.0077137882578437,0.0,-0.0133,0.799032258064516,0.0006801043904491,0.0,-4.0,0,-0.0415694805263245,0.0104690826136784,0.0303605595319317,-0.028983000000000717
2010-10-21,-0.0107528685521387,0.0,0.0161999999999999,0.8016129032258065,0.0006796421628116,0.0,-1.0,0,-0.0266272996950677,0.0017723369527991,-0.0213995549229005,-0.028983000000000717
2010-10-22,-0.0017531007062103,0.0,0.01,0.8041935483870968,0.0006791805630488,0.0,-3.0,0,-0.0257569958388152,0.0023864087842906,0.0137146059698883,-0.028983000000000717
2010-10-25,0.0007188556128703,0.0,0.0028999999999999,0.8119354838709677,0.0020347783501222,-0.01,-5.0,0,0.0554115160081078,0.0021446701468816,0.0069670171426752,-0.028983000000000717
2010-10-26,0.0165340140535388,0.0,0.0019,0.814516129032258,0.0006773404171944,0.0,-4.0,0,0.0184681532827776,1.6885142218022246e-05,0.0014354397595922,-0.028983000000000717
2010-10-27,-0.0024202291923316,0.0,0.0032,0.8170967741935483,0.0006768819376823,0.0,-3.0,0,0.0239444515668784,-0.0026942096392165,-0.0051531096965516,-0.028983000000000717
2010-10-28,-0.0035347012080819,0.0,0.0035,0.8196774193548386,0.0006764240784242,0.01,2.0,0,0.0081750916207929,0.0011242172367564,0.004315951809468,-0.028983000000000717
2010-10-29,0.0050073512526207,0.0,-0.0098,0.822258064516129,0.0006759668381608,0.0,2.0,0,0.0152094948444094,-0.0004393838135683,-0.0052776279108318,-0.028983000000000717
2010-11-01,0.0124866282006479,0.0,0.0029999999999998,0.83,0.0020251632440633,0.0399999999999999,-4.0,0,0.0292839494012635,0.000946085717253,0.0175244537599008,-0.028983000000000717
2010-11-03,0.0047955705081523,0.0,-0.0106999999999999,0.8166666666666667,-0.0019422634029595,0.0,1.0,0,-0.0978168089497945,0.0036713064436857,0.0112929029011733,-0.028983000000000717
2010-11-04,0.0150588417882264,0.0,-0.0118,0.8099999999999999,-0.000972548180842,0.0,4.0,0,-0.0546353833678178,0.0190993044096645,0.018580678742156,-0.028983000000000717
2010-11-05,-0.0053433092110246,0.0,-0.0018,0.8033333333333333,-0.0009734949516637,0.0,-2.0,0,-0.0141383662338694,0.0039150790536113,0.0012492263275861,-0.028983000000000717
2010-11-08,0.0006884018335533,0.0,0.0169000000000001,0.7833333333333333,-0.0029261839584169,0.0,6.0,0,0.0016416247575181,-0.0021232098228606,0.0039644212847684,-0.028983000000000717
2010-11-09,-0.0135519200725955,0.0,0.0,0.7766666666666666,-0.0009773005405335,0.0,-6.0,0,0.0422861495625633,-0.008084894540661,-0.0014706406038171,-0.028983000000000717
2010-11-10,-0.0005721582382882,0.0,0.01,0.77,-0.0009782565913063,0.0,1.0,0,-0.0324929049866173,0.0043665335797252,0.0071069987240788,-0.028983000000000717
2010-11-11,-0.0062030682052558,0.0,0.0107999999999999,0.7633333333333333,-0.0009792145144356,0.0,0.0,0,0.0091620194783733,-0.0042511498908571,-0.0016875914306282,-0.028983000000000717
2010-11-12,-0.0116981879665871,0.0,0.002,0.7566666666666666,-0.000980174315428,0.0,1.0,0,0.1004666480034459,-0.0118787662447534,-0.0282062810678439,-0.028983000000000717
2010-11-16,-0.0168391542621613,0.0,0.0097,0.73,-0.0039303330228293,0.0,11.0,0,0.1113819131662492,-0.0163381574146881,-0.0229840787578859,-0.028983000000000717
2010-11-17,0.0074441852470368,0.0,0.0002999999999999,0.7233333333333333,-0.0009850016825669,0.0,-12.0,0,-0.036991122836479,0.0002121403759877,-0.0172613601806626,-0.028983000000000717
2010-11-18,0.0152611688510937,0.0,-0.0155,0.7166666666666667,-0.0009859728675785,0.0,0.0,0,-0.1488796800897887,0.0152405835436476,0.0210309450749012,-0.028983000000000717
2010-11-19,0.0016516212931563,0.0,0.0046000000000001,0.71,-0.0009869459696041,0.0,2.0,0,-0.0386021870320907,0.0025371519119104,-0.0083831498261726,-0.028983000000000717
2010-11-22,-0.0180036314919593,0.0,0.0045999999999999,0.69,-0.0029666957764806,0.01,6.0,0,0.0181273795277013,-0.0015766088850612,-0.0045157208495189,-0.028983000000000717
2010-11-23,-0.0244223031705974,0.0,0.0100999999999999,0.6833333333333333,-0.0009908576618276,0.0,6.0,0,0.1160273414908869,-0.0143870315905499,-0.0084923551875513,-0.028983000000000717
2010-11-24,0.0243648574926496,0.0,-0.0089000000000001,0.6766666666666666,-0.0009918404346009,0.0,-12.0,0,-0.0532596490998055,0.0148127155186171,0.0306369267998505,-0.028983000000000717
2010-11-25,-0.0038419801055891,0.0,-0.0040999999999999,0.6699999999999999,-0.0009928251588195,0.0,0.0,0,-0.0532596490998055,0.0148127155186171,0.0306369267998505,-0.028983000000000717
2010-11-26,-0.0165134432493605,0.0,0.0092,0.6633333333333333,-0.0009938118402992,0.0,0.0,0,0.1275061160062335,-0.0074965914242338,-0.0030334232759083,-0.028983000000000717
2010-11-29,-0.0046718759222521,0.0,-0.0026999999999999,0.6433333333333333,-0.0029873752701448,0.0,15.0,0,-0.031545410040575,-0.001379810265237,0.0203568737435692,-0.028983000000000717
2010-11-30,-0.0029938155135997,0.0,-0.0110000000000001,0.6366666666666667,-0.0009977782560053,0.0,6.0,0,0.08925379745577,-0.0060887156101638,-0.0163918966786682,-0.028983000000000717
2010-12-01,0.0239484342199052,0.0,-0.0108999999999999,0.63,-0.0009987748118795,0.02,-15.0,0,-0.0971810980580353,0.0213866222631297,0.0337580492066022,-0.028983000000000717
2010-12-02,0.0026066996822926,0.0,-0.0022999999999999,0.6364516129032258,-0.0018934335338958,0.0,-5.0,0,-0.0967626048895913,0.0127371001606208,0.0202724657238241,-0.028983000000000717
2010-12-03,0.0034316187394729,0.0,-0.0112,0.6429032258064517,-0.001897025426528,0.0,-7.0,0,-0.0738302658804517,0.0025998540163515,0.0080171284947369,-0.028983000000000717
2010-12-06,-0.003072110830022,0.0,-0.0080999999999999,0.662258064516129,-0.0057127645633077,0.0,5.0,0,0.0005551056868191,-0.0012990821033003,0.0003280885915346,-0.028983000000000717
2010-12-07,-0.0030815777859825,0.0,-0.0097,0.6687096774193548,-0.0019115303173737,0.0,-14.0,0,-0.001666242343565,0.000514947584458,-0.0006562848605217,-0.028983000000000717
2010-12-08,-0.0169151677288024,0.0,0.0153,0.6751612903225807,-0.0019151912646577,0.0,6.0,0,-0.0139940712603026,0.0036949257526148,-0.0068072590498906,-0.028983000000000717
2010-12-09,-0.0043512203539286,0.0,0.0131999999999998,0.6816129032258065,-0.0019188662616844,0.0,0.0,0,-0.0280098205020445,0.0038353835670092,0.0024207893352772,-0.028983000000000717
2010-12-10,0.006797803318717,0.0,0.0093,0.6880645161290322,-0.0019225553894912,0.01,-1.0,0,0.0206548136901186,0.0059837037443602,-0.0056207179817066,-0.028983000000000717
2010-12-13,0.0114064145875314,0.0,-0.0089999999999998,0.7074193548387097,-0.0057899434717842,0.0,5.0,0,-0.0034130507279469,4.83191504584528e-05,0.0078163998090623,-0.028983000000000717
2010-12-14,-0.0055560131029324,0.0,-0.0078,0.7138709677419355,-0.0019374548511805,0.0,-6.0,0,0.0034130507279471,0.00091054168468,0.0002192614361758,-0.028983000000000717
2010-12-15,-0.0127808024653717,0.0,0.0039,0.7203225806451613,-0.001941215870465,0.0,9.0,0,0.0185659292322602,-0.0051356170153353,0.0107955673087314,-0.028983000000000717
2010-12-16,-0.0083447249928187,3.599999999999437e-05,0.004,0.7267741935483871,-0.0019449915200606,0.0,9.0,0,-0.0311375931314037,0.0061660457042739,-0.0053286828752211,-0.028947000000000722
2010-12-17,0.0099788686458115,-3.599999999999437e-05,0.0069999999999998,0.7332258064516128,-0.001948781885499,0.0,15.0,0,-0.0764550581929585,0.000836454459893,-0.0004362625887325,-0.028983000000000717
2010-12-20,-0.0106030791141744,0.0,-0.0016,0.7525806451612903,-0.0058692363046581,0.0,-16.0,0,0.0184506607281444,0.0025451114605429,0.0116047039294281,-0.028983000000000717
2010-12-21,0.0140393067603508,0.0,-0.0107999999999999,0.7590322580645161,-0.0019640922398966,0.0,3.0,0,0.0048632268879392,0.0060119938497866,0.0049478330186658,-0.028983000000000717
2010-12-22,0.003745815947953,0.0,-0.0027999999999999,0.7654838709677418,-0.0019679574911783,0.0,-5.0,0,-0.065145131693013,0.0033738576255426,0.0048167562361563,-0.028983000000000717
2010-12-23,0.0002190468549976,0.0,0.0037999999999998,0.7719354838709678,-0.0019718379857689,0.0,-2.0,0,0.0639315115004117,-0.0016456817776046,0.0063863811446015,-0.028983000000000717
2010-12-27,-0.0100229030627314,0.0,-0.0061999999999999,0.797741935483871,-0.0079264649324812,0.0,-1.0,0,0.070327788150448,0.0006125096248109,-0.0042530795543015,-0.028983000000000717
2010-12-28,0.0035040229015219,0.0,-0.0055999999999998,0.8041935483870968,-0.0019914722957974,0.0,0.0,0,-0.008525179013007,0.000771026595142,0.0056314104231081,-0.028983000000000717
2010-12-29,0.01330014568852,0.0,-0.0078,0.8106451612903225,-0.0019954461728826,0.0,6.0,0,-0.0137933085239698,0.0010086365106648,-0.0025461277073761,-0.028983000000000717
2010-12-30,0.0051064433202192,3.599999999999437e-05,-0.0126000000000001,0.8170967741935483,-0.0019994359410073,0.0,-4.0,0,0.0137933085239699,-0.0015093576964174,-0.0112163017006026,-0.028947000000000722
2011-01-03,0.0094351838408979,0.0,-0.0151999999999998,0.8280645161290322,-0.0030809919929666,0.07,1.0,0,-0.0079185587539374,0.0112512941477613,0.0009493786211152,-0.028947000000000722
2011-01-04,0.0050755740555477,-3.599999999999437e-05,0.0045999999999999,0.8270967741935483,0.000464632541858,0.0,-14.0,0,-0.0131468856175497,-0.001313924652635,-0.0139089951886521,-0.028983000000000717
2011-01-05,0.0109329349567381,3.599999999999437e-05,0.0157,0.8261290322580644,0.0004644167587155,0.0,-3.0,0,-0.0209309215090769,0.0049946760743084,0.0208440200916858,-0.028947000000000722
2011-01-06,-0.0072280966913851,-3.599999999999437e-05,0.0143999999999999,0.8251612903225806,0.0004642011759052,0.0,1.0,0,0.022081034256075,-0.0021252143706372,-0.0103148306835683,-0.028983000000000717
2011-01-07,-0.0074234534142192,3.599999999999437e-05,0.0003999999999999,0.8241935483870968,0.0004639857931518,0.0,4.0,0,-0.0150553067370786,-0.0018464857690818,-0.0126697976063172,-0.028947000000000722
2011-01-10,0.0009986875223706,-3.599999999999437e-05,0.0051000000000001,0.8212903225806452,0.0013906670793009,0.0,4.0,0,0.0230691615807203,-0.0013772751808198,0.0250766473733128,-0.028983000000000717
2011-01-11,0.0042120304178752,0.0,-0.0024999999999999,0.8203225806451613,0.0004631262571201,0.0,-5.0,0,-0.0377623444577292,0.0037182062584071,0.0197616868697234,-0.028983000000000717
2011-01-12,0.0170359472892567,0.0,-0.0114,0.8193548387096774,0.0004629118704748,0.0,-2.0,0,-0.0392443740430255,0.0089672537988508,0.0052112939425242,-0.028983000000000717
2011-01-13,-0.01281330314149,0.0,-0.0072,0.8183870967741935,0.0004626976822219,0.01,2.0,0,0.0091940348766494,-0.0017122112404593,-0.0006117360563381,-0.028983000000000717
2011-01-14,0.0030918908445674,0.0,0.0141999999999999,0.8174193548387096,0.0004624836920843,-0.01,1.0,0,0.0091940348766494,-0.0017122112404593,-0.0006117360563381,-0.028983000000000717
2011-01-17,-0.0046768342174647,0.0,-0.0024999999999999,0.8145161290322581,0.001386169112493,0.0,0.0,0,0.0091940348766494,-0.0017122112404593,-0.0006117360563381,-0.028983000000000717
2011-01-18,0.0043948660779946,0.0,-0.0072999999999998,0.8135483870967742,0.0004616297072246,0.0,-2.0,0,0.0091940348766494,-0.0017122112404593,-0.0006117360563381,-0.028983000000000717
2011-01-19,-0.0122290108038871,0.0,-0.0031000000000001,0.8125806451612904,0.0004614167035619,0.0,8.0,0,0.0868538110083991,-0.0101671657933855,0.0036742294653692,-0.028983000000000717
2011-01-20,-0.0071050291729601,0.00179,9.9999999999989e-05,0.8116129032258065,0.0004612038963784,0.01,-7.0,0,0.0385316969041471,-0.0012957984038339,-0.0162271383058696,-0.027193000000000717
2011-01-21,-0.0061862557142369,0.0,0.0007999999999999,0.8106451612903226,0.0004609912853972,-0.01,1.0,0,0.0263317217951727,0.0024106376042604,0.010505778380703,-0.027193000000000717
2011-01-24,0.0042436553292546,0.0,0.0008000000000001,0.807741935483871,0.0013817001482863,0.0,-4.0,0,-0.0454119952685988,0.0058193152345954,-0.0101952159379381,-0.027193000000000717
2011-01-26,-0.0103956458293836,0.0,-0.0039,0.8058064516129032,0.0009200739621881,0.0,1.0,0,-0.0555211687108815,0.00421202414848,0.0275437127619815,-0.027193000000000717
2011-01-27,-0.0096227709481411,3.599999999999437e-05,0.0027999999999999,0.8048387096774194,0.0004597197246525,0.01,8.0,0,-0.0298893726650317,0.0022417910607998,-0.0053251970627705,-0.027157000000000722
2011-01-28,-0.0200824566021289,0.0,0.0061999999999999,0.8038709677419356,0.0004595084795386,0.0,12.0,0,0.2158102958534114,-0.0180138054241828,0.0206297525431375,-0.027157000000000722
2011-01-31,-0.0018458357645272,0.0,-0.0047999999999999,0.8009677419354839,0.0013772599070733,0.0,-7.0,0,-0.0257785418545731,0.0076333499328811,0.0158662607406366,-0.027157000000000722
2011-02-01,0.0189260384228173,-3.599999999999437e-05,-0.0102999999999999,0.8,0.0004586654368949,0.0,-10.0,0,-0.1023498312398844,0.0165557918378343,0.0072009754078656,-0.027193000000000717
2011-02-02,-0.0172301434319663,3.599999999999437e-05,0.004,0.7996428571428572,0.0026087133991925,0.0,-4.0,0,-0.0188954914040167,-0.0027262302593629,0.0058800491955301,-0.027157000000000722
2011-02-03,0.0011539644450806,0.0,0.0025999999999999,0.7992857142857144,0.0026019257168705,0.0,0.0,0,-0.0358966877307838,0.0023514322901266,-0.0056834470085485,-0.027157000000000722
2011-02-04,-0.0226617995805824,0.0,0.0040999999999999,0.7989285714285714,0.0025951732650142,0.01,-5.0,0,-0.0466056265931456,0.0028801110627525,-0.0191483628945811,-0.027157000000000722
2011-02-07,0.0014238582834416,0.0,0.0038,0.7978571428571429,0.0077453533017752,0.0,3.0,0,0.0217332596723793,0.0062207823459526,-0.0058268381227617,-0.027157000000000722
2011-02-08,0.0062379618594174,0.0,-0.0064999999999999,0.7975000000000001,0.0025685103328161,0.0,-1.0,0,-0.0292947249890348,0.0041760203758396,0.0067279279248151,-0.027157000000000722
2011-02-09,-0.0238954664679109,0.0,-0.0068000000000001,0.7971428571428572,0.0025619299855694,0.0,11.0,0,0.0037878495645686,-0.0027896530778007,0.0188366979848663,-0.027157000000000722
2011-02-10,0.0055902502799227,0.0,0.0037,0.7967857142857143,0.0025553832689748,0.0,-2.0,0,0.013767443160521,0.0007492122074986,-0.009373959181309,-0.027157000000000722
2011-02-11,0.0180771261370473,0.0,-9.9999999999989e-05,0.7964285714285715,0.0025488699258779,0.01,5.0,0,-0.0251744304869627,0.0054922615018864,0.005536322100965,-0.027157000000000722
2011-02-14,0.0121228263373147,0.0,0.0001999999999999,0.7953571428571429,0.0076078596512569,0.0,5.0,0,0.0164352772718269,0.0023820846440688,0.0161364951509601,-0.027157000000000722
2011-02-15,-0.0032656407173572,0.0,9.9999999999989e-05,0.795,0.0025231452360472,0.0,-1.0,0,0.0259916253770358,-0.0032401546915789,-0.014068251100667,-0.027157000000000722
2011-02-16,0.0183707896545701,0.0,0.0022000000000002,0.7946428571428572,0.0025167949933884,0.0,-5.0,0,0.0211551239396489,0.0062379386988508,0.0208361097302511,-0.027157000000000722
2011-02-17,0.0016856927159594,0.0,-0.0043000000000001,0.7942857142857144,0.0025104766350363,0.0099999999999998,0.0,0,-0.0078054531893042,0.0030709708803804,-0.0115328357741137,-0.027157000000000722
2011-02-18,0.0056279245723622,0.0,0.0016,0.7939285714285714,0.0025041899214546,0.0,1.0,0,-0.0096911627764568,0.0019228727220244,-0.0006825576513804,-0.027157000000000722
2011-02-21,-0.0119416756861827,0.0,-0.0009999999999998,0.7928571428571429,0.0074751623876494,0.01,0.0,0,-0.0096911627764568,0.0019228727220244,-0.0006825576513804,-0.027157000000000722
2011-02-22,-0.0122515537788352,0.0,0.0026999999999999,0.7925,0.002479354807324,0.0,7.0,0,0.2358439994040118,-0.0207422049204545,0.0313035853461282,-0.027157000000000722
2011-02-23,0.0070491480496315,0.0,0.0025999999999999,0.7921428571428571,0.0024732228073336,0.0,1.0,0,0.0619811661125844,-0.0061307150105086,0.0504184669485339,-0.027157000000000722
2011-02-24,0.0005827027111138,0.0,-0.0070999999999998,0.7917857142857143,0.0024671210641482,0.01,4.0,0,-0.037288531156492,-0.0009948719612429,0.0009882810206468,-0.027157000000000722
2011-02-25,-0.0006873263277498,0.0,-0.0023999999999999,0.7914285714285715,0.0024610493543733,0.0,-2.0,0,-0.1036942171670095,0.0104952481653247,0.0069798831857659,-0.027157000000000722
2011-02-28,0.0071489514066769,0.0,-0.0013,0.7903571428571429,0.0073470148336181,-0.01,-9.0,0,-0.046321772527453,0.005545679951233,-0.0030364972351825,-0.027157000000000722
2011-03-01,-0.0170629616782456,0.0,0.0015,0.79,0.0024370584578061,-0.1699999999999999,-3.0,0,0.1353689304617363,-0.0158648617910586,0.0318660454009647,-0.027157000000000722
2011-03-02,0.0155629428323997,0.0,-0.0017,0.7893548387096775,-0.0001822011072025,0.0,-6.0,0,-0.0148647886225552,0.0016138978895201,0.0080252432151973,-0.027157000000000722
2011-03-03,0.0127597206238299,0.001781,-0.0064999999999999,0.7887096774193548,-0.0001822343104969,0.0,-6.0,0,-0.1069721359000207,0.0170724345792385,-0.0134984965806649,-0.02537600000000072
2011-03-04,-0.001968302167512,0.0,-0.0082999999999999,0.7880645161290323,-0.0001822675258935,0.0,4.0,0,0.0244302689779632,-0.0074053897893687,0.01022716744156,-0.02537600000000072
2011-03-09,-0.0110589849407531,0.0,0.0096999999999998,0.7848387096774194,-0.0009118362845175,0.0,-5.0,0,0.0199806661291189,-0.0013626313929708,0.0251542073158387,-0.02537600000000072
2011-03-10,-0.0183494139792248,0.0,0.0053,0.7841935483870968,-0.0001824670728254,0.0,12.0,0,0.078900759563996,-0.0190512804763306,-0.0044085486984463,-0.02537600000000072
2011-03-11,0.0097042787990968,0.0,0.0037,0.7835483870967742,-0.0001825003731337,0.0,-2.0,0,-0.0858486481735623,0.0070555645245696,-0.0138703666579571,-0.02537600000000072
2011-03-14,0.0072317914949628,0.0,-0.0018,0.7816129032258065,-0.0005477010428602,-0.0099999999999999,3.0,0,0.0509695008863112,-0.0060676969567737,-0.0014944240225747,-0.02537600000000072
2011-03-15,-0.0024445880971288,0.0,0.0060999999999999,0.7809677419354839,-0.0001826336960046,0.0,6.0,0,0.1406052526392795,-0.0112635443948455,-0.0463650407331533,-0.02537600000000072
2011-03-16,-0.0150670479333374,0.0,-0.0018,0.7803225806451614,-0.0001826670571656,0.0,11.0,0,0.1896956168198551,-0.0196874819493722,0.0191664725385615,-0.02537600000000072
2011-03-17,0.0032219300442406,0.0,0.0082999999999999,0.7796774193548387,-0.0001827004305159,0.0099999999999999,-4.0,0,-0.1087676291789712,0.0133092662318742,0.0379612687392559,-0.02537600000000072
2011-03-18,0.0099778431933508,0.0,-0.0037,0.7790322580645161,-0.0001827338160627,0.0,-3.0,0,-0.0760058760353248,0.0043009395825458,-0.0084779707461202,-0.02537600000000072
2011-03-21,-0.0028449521322304,0.0,-0.0067999999999999,0.7770967741935484,-0.0005484018835382,0.01,-7.0,0,-0.1704447316384711,0.0148746679301822,0.0090000064182424,-0.02537600000000072
2011-03-22,0.013227469649399,0.0,-0.0014,0.7764516129032258,-0.000182867480353,0.0,1.0,0,-0.019598938401889,-0.0035568853410381,0.0064163740162664,-0.02537600000000072
2011-03-23,0.0032207098621928,0.0,-0.0036,0.7758064516129033,-0.0001829009269833,0.0,-2.0,0,-0.0528309250774042,0.0029097422585029,-0.0012972446920567,-0.02537600000000072
2011-03-24,-0.0038868288556717,0.0,-0.0008999999999999,0.7751612903225806,-0.0001829343858545,0.0,-3.0,0,-0.0629748031412499,0.0092973934354753,0.0014701275255979,-0.02537600000000072
2011-03-25,0.0034442269393579,0.0,-0.0012,0.7745161290322581,-0.0001829678569666,0.0,-2.0,0,-0.0050125503432478,0.0031561510021889,-0.0011240750324116,-0.02537600000000072
2011-03-28,-0.0084915188027796,0.0,0.0033,0.7725806451612903,-0.0005491045201129,0.0,-1.0,0,0.0819736189514753,-0.0027516184993913,-0.0068579051555659,-0.02537600000000072
2011-03-29,0.0033578018652509,0.0,-0.0067999999999999,0.7719354838709678,-0.000183101863989,0.0,3.0,0,0.0819736189514753,-0.0027516184993913,-0.0068579051555659,-0.02537600000000072
2011-03-30,0.008536709253871,0.0,-0.0186000000000001,0.7712903225806452,-0.000183135396421,0.0,-3.0,0,0.0819736189514753,-0.0027516184993913,-0.0068579051555659,-0.02537600000000072
2011-03-31,0.0086394258446027,0.0,-0.0072999999999998,0.7706451612903226,-0.0001831689411382,0.0,3.0,0,0.0016925638801745,-0.0018311771049752,0.0191842382061854,-0.02537600000000072
2011-04-01,0.0098800266894656,0.0,-0.0093,0.77,-0.000183202498146,-0.01,-2.0,0,-0.0193517796824776,0.004950712944456,0.0113531368703795,-0.02537600000000072
2011-04-04,0.006274665839081,0.0,-0.0083999999999999,0.74,0.0038489855835948,0.0,-2.0,0,0.0057306966325327,0.0003451501808517,0.0196869943908462,-0.02537600000000072
2011-04-05,0.0019205693080106,0.0,-0.0022999999999999,0.73,0.0012797100660169,0.0,-1.0,0,-0.0143887374520995,-0.0001800714575302,0.009536439157892,-0.02537600000000072
2011-04-06,-0.0115356814766194,0.0,0.0009999999999998,0.72,0.0012780745009912,0.0,-5.0,0,-0.0204985441205143,0.002181296758153,0.0006543581916526,-0.02537600000000072
2011-04-07,0.0020113888977526,0.0,-0.0169999999999999,0.71,0.0012764431113776,0.01,1.0,0,0.0123495242194599,-0.0015211626992252,0.0030207404718151,-0.02537600000000072
2011-04-08,-0.0066428080144955,0.0,-0.0164999999999999,0.7,0.0012748158812065,0.0,0.0,0,0.043460252558278,-0.0040124830009741,0.031929580377692,-0.02537600000000072
2011-04-11,-0.0080946073984868,0.0,0.0042999999999999,0.67,0.0038147256192093,0.0,0.0,0,-0.0743232627346569,-0.0027972882914021,-0.0213070991454965,-0.02537600000000072
2011-04-12,-0.0187773916309375,0.0,0.0064999999999999,0.66,0.0012683482384261,0.0,6.0,0,0.0296933926560539,-0.0078070954457245,-0.024991134581623,-0.02537600000000072
2011-04-13,-0.006147775431966,0.0,-0.0005999999999999,0.65,0.0012667415687737,0.0,1.0,0,-0.0099971473688136,0.0001902174903101,0.0160790922790577,-0.02537600000000072
2011-04-14,-0.0031182942452421,0.0,-0.0021999999999999,0.64,0.0012651389644435,0.0,0.0,0,-0.0391734093207857,8.36730908616908e-05,-0.0042407227767548,-0.02537600000000072
2011-04-15,0.0060919391487832,0.0,-0.0066000000000001,0.63,0.001263540410024,0.0,4.0,0,-0.0601638049740349,0.003917728825568,0.0088686667997251,-0.02537600000000072
2011-04-18,-0.0192134541229442,0.0,0.0136,0.6,0.0037810701731544,0.0,3.0,0,0.1016984319898356,-0.0110789977285779,-0.0150169830587563,-0.02537600000000072
2011-04-19,0.0112942305495984,0.0,-0.012,0.59,0.0012571863859776,0.01,3.0,0,-0.0689507073088493,0.0057148102180944,-0.0023050868565276,-0.02537600000000072
2011-04-20,0.0135120960427244,0.0,-0.0069999999999998,0.58,0.0012556078526699,0.0,-5.0,0,-0.0689507073088493,0.0057148102180944,-0.0023050868565276,-0.02537600000000072
2011-04-25,-0.0012832949608654,0.0008879999999999,-0.0001999999999999,0.53,0.0062544993120354,0.0,3.0,0,0.0709424683814463,-0.0015939395500958,-0.002665006217933,-0.02448800000000082
2011-04-26,0.0025649451862292,0.0,-0.0066000000000001,0.52,0.0012462192751971,0.0,0.0,0,-0.0095572929174698,0.0089395077901929,0.0038740623241046,-0.02448800000000082
2011-04-27,-0.0131928034845643,0.0,0.0051000000000001,0.51,0.0012446681455635,0.0,-3.0,0,-0.0174366382003228,0.0062303977998288,0.0079432188582671,-0.02448800000000082
2011-04-28,-0.0089588811762606,0.0,0.0147999999999999,0.4999999999999999,0.001243120872413,0.0,0.0,0,-0.0487250523907175,0.0035491184714345,-0.0008794772746415,-0.02448800000000082
2011-04-29,0.0069799837276782,0.0,-0.012,0.49,0.001241577441382,0.0,-7.0,0,0.0088526362918926,0.0022980197420207,0.0069348072773818,-0.02448800000000082
2011-05-02,-0.0101827683102779,0.0,0.0014,0.4596774193548387,0.0020877136666559,-0.0399999999999999,-4.0,0,0.0807204297459728,-0.0017542491090454,-0.0061352061812918,-0.02448800000000082
2011-05-03,-0.0176455676771993,0.0,0.0142999999999999,0.4493548387096774,-0.0003909790249565,0.0,4.0,0,0.0434452525759038,-0.0033850263710526,-0.0215705402728881,-0.02448800000000082
2011-05-04,-0.0109745188257939,0.0,0.014,0.4390322580645161,-0.0003911319493461,0.0,4.0,0,0.0224994187858595,-0.0068789142528323,-0.0103431763500214,-0.02448800000000082
2011-05-05,-0.0032907455910375,0.0,0.0188999999999999,0.4287096774193548,-0.0003912849934124,0.0,-2.0,0,0.0635134521089338,-0.0091112171806945,-0.0896327802695502,-0.02448800000000082
2011-05-06,0.0158033079872055,0.0,-0.0107999999999999,0.4183870967741935,-0.0003914381572887,0.0,0.0,0,0.0109290078803903,0.0038126429958767,-0.0151869948991088,-0.02448800000000082
2011-05-09,0.0031773366573553,0.0,0.0087999999999999,0.3874193548387096,-0.0011752346554008,-0.01,-3.0,0,-0.0697695587151413,0.0045338701019314,0.0601879565541692,-0.02448800000000082
2011-05-10,0.0039382594396091,0.0,-0.0129999999999999,0.3770967741935483,-0.000392052013769,0.01,-2.0,0,-0.0756332524087432,0.0080416160096633,0.0148163181118326,-0.02448800000000082
2011-05-11,-0.0171162254968564,0.0,0.0108999999999999,0.3667741935483871,-0.0003922057788354,0.0,5.0,0,0.0633200460786307,-0.0111736896878856,-0.0439688339672909,-0.02448800000000082
2011-05-12,0.0035530132306877,0.0,0.0029000000000001,0.3564516129032258,-0.0003923596645662,0.0,-4.0,0,-0.0558058693811462,0.0048834936721674,0.0036355939540255,-0.02448800000000082
2011-05-13,-0.012072011929133,0.0,0.0121,0.3461290322580645,-0.0003925136711,0.0,1.0,0,0.0628605094719581,-0.0081000470454252,0.0074952818132445,-0.02448800000000082
2011-05-16,-0.0064252789170833,0.0,-0.0011000000000001,0.3151612903225806,-0.0011784662626883,0.0,1.0,0,0.0662944531693916,-0.0062237186380957,-0.0097105145880274,-0.02448800000000082
2011-05-17,0.0133279444560017,0.0,-0.0026999999999999,0.3048387096774193,-0.0003931309081313,0.0,0.0,0,-0.0385630656582986,-0.00036862852333,-0.0246061756879862,-0.02448800000000082
2011-05-18,-0.013152884179119,0.0,-0.0123999999999999,0.2945161290322581,-0.000393285520829,0.0,-3.0,0,-0.0781925531178266,0.0087652719837031,0.020784455772462,-0.02448800000000082
2011-05-19,-0.007571437358651,0.0,-9.9999999999989e-05,0.2841935483870967,-0.0003934402551841,0.0,-3.0,0,-0.0447318090715595,0.0021755725891674,-0.0078670607605813,-0.02448800000000082
2011-05-20,0.0036810643019222,0.0,0.0003999999999999,0.2738709677419355,-0.0003935951113493,0.0,-1.0,0,0.1160633327904258,-0.007717974612614,0.0086681319406554,-0.02448800000000082
2011-05-23,-0.00403387718646,0.0,0.0169999999999999,0.2429032258064516,-0.0011817156912385,0.0,3.0,0,0.0470675184048178,-0.0119972648409886,-0.0205859302299116,-0.02448800000000082
2011-05-24,0.0157862001048325,0.0,-0.0082999999999999,0.2325806451612903,-0.0003942157569358,0.0,0.0,0,-0.0249389905281995,-0.0008277226453314,0.0218308120444971,-0.02448800000000082
2011-05-25,0.0008048925271797,0.0,0.0040999999999999,0.222258064516129,-0.0003943712242886,0.0,1.0,0,-0.0429988859887509,0.0031781131566695,0.0211034081218821,-0.02448800000000082
2011-05-26,0.0111541941003459,0.0,-0.0100999999999999,0.2119354838709677,-0.000394526814313,0.0,8.0,0,-0.0591245484407566,0.0039453227676992,0.00104359297088,-0.02448800000000082
2011-05-27,0.0030531045414949,0.0,-0.0158,0.2016129032258065,-0.0003946825271547,0.0,1.0,0,-0.0068600587955997,0.0040726153187659,-0.0001738897109886,-0.02448800000000082
2011-05-30,-0.0053177927873484,0.0,-0.0079999999999997,0.1706451612903226,-0.0011849830888763,0.0,0.0,0,-0.0068600587955997,0.0040726153187659,-0.0001738897109886,-0.02448800000000082
2011-05-31,0.0103598854612982,0.0,-0.0159,0.1603225806451613,-0.0003953066096098,0.0,0.0,0,-0.0337289206936353,0.0105370148563678,0.0146706511267989,-0.02448800000000082
2011-06-01,-0.0188866124255433,0.0,0.0079,0.15,-0.0003954629387266,-0.1099999999999999,8.0,0,0.1692920271582381,-0.0230482257006404,-0.0190268176714216,-0.02448800000000082
2011-06-02,0.0126461972594835,0.0,-0.0073,0.1503333333333333,0.0003224045074041,0.0,-9.0,0,-0.0115417103145597,-0.0012255861140475,0.0087800115257641,-0.02448800000000082
2011-06-03,0.0019135188906407,0.0,-0.0060999999999999,0.1506666666666666,0.00032230059624,0.0099999999999999,1.0,0,-0.0077691504042564,-0.0097814926651915,0.0025930987468736,-0.02448800000000082
2011-06-06,-0.0199835547456981,0.0,0.0065999999999999,0.1516666666666666,0.0009662789909956,0.0,2.0,0,0.0296398755824734,-0.0108185160137223,-0.0118097324523781,-0.02448800000000082
2011-06-07,0.0023755613534532,0.0,-0.0045999999999999,0.152,0.0003218856205258,0.0,-2.0,0,-0.0229769453047465,-0.0009568650426676,0.0198916478308618,-0.02448800000000082
2011-06-08,-0.002930671953667,0.0,0.0056,0.1523333333333333,0.0003217820435139,-0.0099999999999999,4.0,0,0.0390717744339484,-0.0041956644216076,0.0091208040321278,-0.02448800000000082
2011-06-09,0.0068931989442102,0.0008859999999999,0.0056999999999998,0.1526666666666666,0.000321678533135,0.0,-3.0,0,-0.0558131942225164,0.0073504093289916,0.0144893549447075,-0.02360200000000092
2011-06-10,-0.0122379981150082,0.0,0.0061000000000002,0.153,0.0003215750893321,0.0,1.0,0,0.0595316416404993,-0.0140784828818463,-0.0066289390685063,-0.02360200000000092
2011-06-13,-0.0108083156087168,0.0,-0.0050000000000001,0.154,0.0009641052699365,0.0,-1.0,0,0.0389963617652244,0.0006685325595012,0.0026904312388035,-0.02360200000000092
2011-06-14,0.0029300983709479,0.0,-0.0066999999999999,0.1543333333333333,0.0003211619785599,0.0,-15.0,0,-0.0713267836313358,0.0125329134851073,0.0088607549432575,-0.02360200000000092
2011-06-15,-0.0097085788702351,0.0,0.0139,0.1546666666666666,0.0003210588666586,0.0,13.0,0,0.1549326972821581,-0.017585569507258,-0.0257959609196576,-0.02360200000000092
2011-06-16,-0.0118056643221056,0.0,0.0147999999999999,0.155,0.0003209558209462,0.0,5.0,0,0.0640400327416841,0.0017527979756827,-0.026654415411294,-0.02360200000000092
2011-06-17,0.0029358481326173,0.0,-0.0128999999999999,0.1553333333333333,0.0003208528413569,0.0,0.0,0,-0.039484678725099,0.0030403902917997,-0.0071293491587795,-0.02360200000000092
2011-06-20,0.0017671896473245,0.0,-0.0010000000000001,0.1563333333333333,0.0009619413068424,0.0,-7.0,0,-0.0889688019376757,0.0053806890901587,-0.013517294591528,-0.02360200000000092
2011-06-21,0.0041764613043859,0.0,-0.0059,0.1566666666666666,0.0003204415829838,0.0,-5.0,0,-0.0581888274949561,0.0133341790614636,-0.006647576538608,-0.02360200000000092
2011-06-22,-0.0037514927620065,0.0,-0.0033,0.157,0.0003203389330703,-0.01,-1.0,0,-0.0181920556322419,-0.0064894598444077,0.0289592291734418,-0.02360200000000092
2011-06-24,-0.0028966316249672,0.0,0.0111000000000001,0.1576666666666666,0.0006403701793047,0.0,9.0,0,0.0896861841822767,-0.0117950771768584,-0.0201532326067912,-0.02360200000000092
2011-06-27,0.0032724148514855,0.0,-0.0019,0.1586666666666666,0.0009597870361517,0.0,-7.0,0,-0.0259256439497556,0.0091425366557308,0.0082421490197807,-0.02360200000000092
2011-06-28,0.0175846500041796,0.0,-0.0136,0.159,0.0003197244120016,0.0,-8.0,0,-0.0700008535739844,0.0128612927359967,0.0259827528889096,-0.02360200000000092
2011-06-29,0.0004974445893157,0.0,-0.0102999999999999,0.1593333333333333,0.0003196222209744,0.0,-6.0,0,-0.1043756423725352,0.0082486335349131,0.0327364682619717,-0.02360200000000092
2011-06-30,0.0011223525685544,0.0,-0.0119,0.1596666666666666,0.0003195200952514,0.0,-6.0,0,-0.0443991228623824,0.0100683715951627,0.000711506872044,-0.02360200000000092
2011-07-01,0.0157398438558171,0.0,-0.0011999999999998,0.16,0.0003194180347687,0.0199999999999999,-1.0,0,-0.0401412684753272,0.0143068691060824,-0.0063322995438489,-0.02360200000000092
2011-07-04,0.0078092866526464,0.0,-0.0019,0.1803225806451613,0.0019822752069718,0.0,0.0,0,-0.0401412684753272,0.0143068691060824,-0.0063322995438489,-0.02360200000000092
2011-07-05,-0.0134249239138242,0.0,0.0057,0.1870967741935484,0.0006598861595712,0.0,7.0,0,-0.0401412684753272,0.0143068691060824,-0.0063322995438489,-0.02360200000000092
2011-07-06,-0.0075475661626249,0.0,0.0024999999999999,0.1938709677419355,0.0006594509969719,0.0,5.0,0,-0.0401412684753272,0.0143068691060824,-0.0063322995438489,-0.02360200000000092
2011-07-07,-0.0057384827111306,0.0,-0.0080999999999999,0.2006451612903226,0.0006590164079263,0.0,-6.0,0,-0.024157281497606,0.0103995828920925,0.0428125637938969,-0.02360200000000092
2011-07-08,-0.011218999017645,0.0,0.0052999999999998,0.2074193548387096,0.0006585823913098,0.0,10.0,0,0.0,-0.0069854581069361,-0.0021947882256754,-0.02360200000000092
2011-07-11,-0.0211775906253279,0.0,0.0161999999999999,0.2277419354838709,0.001973148781543,0.0,10.0,0,0.1423481881543561,-0.0182561669365739,-0.0092542492489169,-0.02360200000000092
2011-07-12,-0.0086551749775658,0.0,-0.0022999999999999,0.234516129032258,0.0006568520265322,0.0,0.0,0,0.0774040933730188,-0.0044433698298372,0.0043406352748393,-0.02360200000000092
2011-07-13,0.0160335729688583,0.0,-0.0010999999999998,0.2412903225806451,0.0006564208551509,0.0,3.0,0,0.0774040933730188,-0.0044433698298372,0.0043406352748393,-0.02360200000000092
2011-07-14,-0.0164691422312568,0.0,-0.0033,0.2480645161290322,0.0006559902494522,0.0,-4.0,0,0.0774040933730188,-0.0044433698298372,0.0043406352748393,-0.02360200000000092
2011-07-15,-0.0033737034441347,0.0,0.0014,0.2548387096774193,0.0006555602083331,0.0,1.0,0,-0.0630011699804031,0.005539055540283,-0.0089991060693387,-0.02360200000000092
2011-07-18,-0.0108185916059326,0.0,0.0084999999999999,0.2751612903225806,0.0019641060074135,0.0,-3.0,0,0.0701869027382166,-0.0081631175393684,-0.0103725507365968,-0.02360200000000092
2011-07-19,0.0041384048208374,0.0,-0.0137,0.2819354838709677,0.0006538456674647,0.0,1.0,0,0.0701869027382166,-0.0081631175393684,-0.0103725507365968,-0.02360200000000092
2011-07-20,0.0006429671462253,0.0,-0.004,0.2887096774193548,0.0006534184326376,0.0,-5.0,0,0.0701869027382166,-0.0081631175393684,-0.0103725507365968,-0.02360200000000092
2011-07-21,0.019149040091186,0.000884,-0.0083999999999999,0.2954838709677419,0.0006529917557731,0.0,-5.0,0,-0.0835410879370697,0.0134552627862652,-0.0054315620226897,-0.02271800000000092
2011-07-22,0.0001161507638212,0.0,-0.002,0.302258064516129,0.0006525656357769,0.0,2.0,0,-0.0022804461573577,0.0009074395131127,0.0098230617222578,-0.02271800000000092
2011-07-25,-0.0049733554493922,0.0,-0.0098,0.3225806451612903,0.0019551457397284,0.0,-4.0,0,0.0993493275536799,-0.0056589952232439,-0.0061704749744779,-0.02271800000000092
2011-07-26,-0.0105774971828846,0.0,-0.0103999999999999,0.3293548387096774,0.0006508667027436,0.0,0.0,0,0.0444741893617033,-0.0041134200623285,0.0028786433910569,-0.02271800000000092
2011-07-27,-0.0178873745964676,0.0,0.0294,0.3361290322580645,0.0006504433508087,0.0,-3.0,1,0.1274576239488273,-0.0205177248072914,-0.0072122706880452,-0.02271800000000092
2011-07-28,0.0071797634827444,0.0,0.0011999999999998,0.3429032258064516,0.0006500205492496,0.0,-3.0,0,0.0325371270398132,-0.0032392071555055,-0.0005962749403744,-0.02271800000000092
2011-07-29,0.0019569311364673,0.0,-0.0087999999999999,0.3496774193548387,0.0006495982969934,0.0,4.0,0,0.0616647761810362,-0.0064714272871731,-0.005296917558804,-0.02271800000000092
2011-08-01,-0.0048909853036906,0.0,-0.0012,0.37,0.0019462668544321,0.0,0.0,0,-0.0650403036203204,-0.0041408608662307,0.000599440790343,-0.02271800000000092
2011-08-02,-0.0211493722085283,0.0,0.0105000000000001,0.3751612903225806,-0.0004090995001018,0.0,5.0,0,0.046654530877367,-0.0258889091906239,-0.0030008037192723,-0.02271800000000092
2011-08-03,-0.022837361277963,0.0,-0.0005000000000001,0.3803225806451613,-0.0004092669310011,0.0,4.0,0,-0.0585594628298484,0.0050031459527175,-0.0281266805746897,-0.02271800000000092
2011-08-04,-0.0589357137480632,0.0,0.0100999999999999,0.3854838709677419,-0.0004094344990051,0.0,20.0,0,0.3031731294847197,-0.0490016550437416,-0.0542586201648548,-0.02271800000000092
2011-08-05,0.002609683780637,0.0,0.0142999999999999,0.3906451612903225,-0.0004096022042805,0.0,-7.0,0,0.0106818531664401,-0.0005750829892724,0.0195740966517628,-0.02271800000000092
2011-08-08,-0.0843074562026089,0.0,0.0104000000000001,0.4061290322580645,-0.0012298142197515,0.0,33.0,0,0.4054651081081644,-0.0689583693926251,-0.0528489061287932,-0.02271800000000092
2011-08-09,0.0497603126234587,0.0,0.0334999999999998,0.4112903225806452,-0.0004102744014868,0.0,5.0,1,-0.3141400922450653,0.046317441063388,-0.011342258987069,-0.02271800000000092
2011-08-10,0.0047588489162233,0.0,-0.0150999999999998,0.4164516129032258,-0.0004104427956601,0.0,4.0,0,0.203906650888555,-0.0451567970274743,0.0392882128304519,-0.02271800000000092
2011-08-11,0.0372018686770356,0.0,0.0122999999999999,0.4216129032258064,-0.0004106113281245,0.0,-6.0,0,-0.0974059234217343,0.0452505943637715,0.0124826619133021,-0.02271800000000092
2011-08-12,0.0024340934726154,0.0,-0.0149000000000001,0.4267741935483871,-0.0004107799990489,0.0,-1.0,0,-0.0700923600340219,0.0052478750672759,9.259094144436644e-05,-0.02271800000000092
2011-08-15,0.0218089568617045,0.0,-0.0201,0.442258064516129,-0.0012333534098427,0.0,-15.0,0,-0.1318041313333582,0.0215507279760336,0.0172529273707473,-0.02271800000000092
2011-08-16,-0.0060196922344193,0.0,-0.0037999999999998,0.4474193548387097,-0.0004114560707559,0.0,7.0,0,-0.1318041313333582,0.0215507279760336,0.0172529273707473,-0.02271800000000092
2011-08-17,0.0136934596700992,0.0,-0.0088000000000001,0.4525806451612903,-0.0004116254365413,0.0,0.0,0,-0.1318041313333582,0.0215507279760336,0.0172529273707473,-0.02271800000000092
2011-08-18,-0.0358425532511859,0.0,0.0232000000000001,0.457741935483871,-0.0004117949418169,0.0,7.0,1,0.3009720478763144,-0.0456185989323634,-0.0331847231079826,-0.02271800000000092
2011-08-19,-0.0129948220993156,0.0,-0.0101999999999999,0.4629032258064516,-0.0004119645867532,0.0,2.0,0,0.0088661588636529,-0.0151227561282079,0.0151202257089745,-0.02271800000000092
2011-08-22,-0.0001525436659193,0.0,0.0048999999999999,0.4783870967741935,-0.0012369130290661,0.0,-1.0,0,-0.0142709317641992,0.0002580078732242,-0.0023965550433304,-0.02271800000000092
2011-08-23,0.0253621433858999,0.0,0.0026999999999999,0.4835483870967742,-0.0004126445665573,0.0,-1.0,0,-0.1571003154715586,0.033710248386474,0.0087288371215197,-0.02271800000000092
2011-08-24,0.0001673126799026,0.0,0.0003000000000001,0.4887096774193548,-0.0004128149123872,0.0,-12.0,0,-0.010253627917988,0.0130346513685468,0.0076552271300463,-0.02271800000000092
2011-08-25,-0.0157943872950507,-3.600000000000131e-05,0.0114999999999998,0.4938709677419355,-0.000412985398924,0.0,3.0,0,-0.010253627917988,0.0130346513685468,0.0076552271300463,-0.022754000000000923
2011-08-26,0.0074879940482972,0.0,-0.004,0.4990322580645161,-0.0004131560263314,0.0,6.0,0,-0.010253627917988,0.0130346513685468,0.0076552271300463,-0.022754000000000923
2011-08-29,0.027909991846057,0.0,-0.014,0.5145161290322581,-0.0012404932548193,-0.0099999999999999,-10.0,0,-0.0976168982238169,0.0278875050121643,0.0046586417174056,-0.022754000000000923
2011-08-30,0.0095060854082902,0.0,-0.0069999999999998,0.5196774193548388,-0.000413839948214,0.0,7.0,0,0.0187208360579403,0.0023442750237692,0.0189469983774126,-0.022754000000000923
2011-08-31,0.0198433396923132,0.0,-0.0032,0.5248387096774194,-0.0004140112826256,0.0,-13.0,0,-0.0393787833210593,0.0049099087120705,0.007253073687451,-0.022754000000000923
2011-09-01,0.0283232878864971,-0.0017689999999999,0.0168000000000001,0.53,-0.0004141827589645,0.0499999999999999,9.0,0,0.0063051549964036,-0.0119424607923037,-0.0048878299291951,-0.024523000000000822
2011-09-02,-0.0276685770418012,0.0,0.0302999999999999,0.5266666666666667,0.001228342479953,0.01,11.0,1,0.0639097436231857,-0.0256070172917527,-0.0172981019659188,-0.024523000000000822
2011-09-05,-0.0275100285709708,0.0,0.0178999999999998,0.5166666666666667,0.0036760003525184,0.0,0.0,0,0.0639097436231857,-0.0256070172917527,-0.0172981019659188,-0.024523000000000822
2011-09-06,0.0288358315387515,0.0,0.0061000000000002,0.5133333333333333,0.0012223366868937,0.0,3.0,0,0.0869131557020886,-0.0074640764576097,0.0049729039126995,-0.024523000000000822
2011-09-08,0.0178064951133762,0.0,-0.0017,0.5066666666666667,0.0024402001637646,0.0099999999999999,0.0,0,0.0277713154953458,-0.0106688903873024,-0.0108531559518118,-0.024523000000000822
2011-09-09,-0.0325596211757428,0.0,0.0207999999999999,0.5033333333333333,0.0012178707420744,0.0,11.0,0,0.1154493330860235,-0.0270685625109621,-0.0156611190645477,-0.024523000000000822
2011-09-12,-0.0016687155662555,0.0,0.0124999999999999,0.4933333333333333,0.0036447381803306,0.0,4.0,0,0.001815580689889,0.0069415681820229,-0.0046217898538655,-0.024523000000000822
2011-09-13,-0.0025353113940909,0.0,0.0227999999999999,0.49,0.001211966666375,0.0,-4.0,0,-0.0445106665957515,0.0090787261803543,-0.0032122862576588,-0.024523000000000822
2011-09-14,0.0132703369208968,0.0,0.0161,0.4866666666666667,0.0012104995810542,0.0,5.0,0,-0.0646288749447232,0.0133897605182303,0.0045477106703208,-0.024523000000000822
2011-09-15,0.0016863859428966,0.0,-0.0181999999999999,0.4833333333333333,0.0012090360432512,0.0,-5.0,0,-0.0790556963691889,0.0170410467181051,0.0258203054016821,-0.024523000000000822
2011-09-16,0.0145964859656704,0.0,0.0016,0.48,0.001207576040116,0.01,3.0,0,-0.0314561213813228,0.0056904755619354,-0.0274230152361141,-0.024523000000000822
2011-09-19,-0.0018720535940648,-3.600000000000131e-05,0.0641,0.47,0.0036140032567359,0.0,20.0,1,0.0549502543144118,-0.0098509486880803,-0.0278297850348807,-0.024559000000000823
2011-09-20,-0.012759905943799,0.0,0.0106999999999999,0.4666666666666667,0.0012017711193763,0.0,-7.0,0,0.0039640566563926,-0.0016623864527241,0.0127459985217209,-0.024559000000000823
2011-09-21,-0.0070665382480878,0.0,0.0410000000000001,0.4633333333333333,0.0012003285989585,0.0,10.0,1,0.1272732366184475,-0.0298309950871474,-0.0016296998077981,-0.024559000000000823
2011-09-22,-0.0494691842623513,0.0,0.0735999999999998,0.46,0.0011988895373882,0.0,28.0,1,0.1025430167662827,-0.0324024567592297,-0.0451316134364682,-0.024559000000000823
2011-09-23,-0.0009388790474673,0.0,-0.0281,0.4566666666666666,0.0011974539222379,0.0,-4.0,1,-0.0024212717874641,0.0060635888294697,-0.014513733712372,-0.024559000000000823
2011-09-26,0.0096843098284971,0.0,-0.0289999999999999,0.4466666666666666,0.0035837823548785,0.0,4.0,1,-0.0024212717874641,0.0060635888294697,-0.014513733712372,-0.024559000000000823
2011-09-27,0.0031950095908879,0.0,-0.0437,0.4433333333333333,0.0011917456794048,0.0,-18.0,1,-0.0024212717874641,0.0060635888294697,-0.014513733712372,-0.024559000000000823
2011-09-28,-0.0121281456751436,0.0,0.0122999999999999,0.44,0.001190327112047,0.0,1.0,0,0.0855961426410951,-0.0209081958526954,-0.0315741030689197,-0.024559000000000823
2011-09-29,0.0021564867013577,0.0,0.016,0.4366666666666666,0.0011889119177883,0.0,5.0,0,-0.0560707822815038,0.0080814864353586,0.0013477032589539,-0.024559000000000823
2011-09-30,-0.0200746508042843,0.0,0.0253000000000001,0.4333333333333333,0.0011875000846188,0.0,5.0,1,0.1008187815376994,-0.0252912744788656,-0.0115137919158584,-0.024559000000000823
2011-10-03,-0.0297162949578329,0.0,0.0266999999999999,0.4358064516129032,0.0024913232269483,0.09,13.0,1,0.0563434085203832,-0.0288636029037849,-0.0102705753940691,-0.024559000000000823
2011-10-04,-0.0020891235253444,0.0,0.0044999999999999,0.4387096774193548,0.0006519775074949,0.0,1.0,0,-0.1074406875042693,0.0222393061311546,-0.0190576305653933,-0.024559000000000823
2011-10-05,0.006450366514521,0.0,-0.04,0.4416129032258064,0.0006515527097672,0.0,-10.0,1,-0.1074406875042693,0.0222393061311546,-0.0190576305653933,-0.024559000000000823
2011-10-06,0.0247050433427151,0.0,-0.0339999999999998,0.444516129032258,0.0006511284652379,0.0,-17.0,1,-0.1074406875042693,0.0222393061311546,-0.0190576305653933,-0.024559000000000823
2011-10-07,-0.020206610205852,0.0,-0.0450000000000001,0.4474193548387096,0.0006507047728216,0.0,-5.0,1,-0.0019318260084102,-0.0081968111876226,0.0014176449238901,-0.024559000000000823
2011-10-10,0.038831098225275,0.0,-0.0187999999999999,0.4561290322580645,0.001949577668995,0.0,0.0,0,-0.0919456875521943,0.0335556439192883,0.0285826819616191,-0.024559000000000823
2011-10-11,0.0105499013245129,0.0,0.018,0.4590322580645161,0.0006490155028213,0.0,-18.0,0,-0.0048573211717824,0.0005438556372526,0.0162058026464024,-0.024559000000000823
2011-10-13,0.0140726600574812,0.0,-0.0121999999999999,0.4648387096774193,0.0012967687075295,0.0,-6.0,0,-0.018076652870607,-0.0029781023951361,-0.00224749497786,-0.024559000000000823
2011-10-14,0.0078262934702113,0.0,-0.016,0.467741935483871,0.0006477542950378,0.0,-8.0,0,-0.0835232749244387,0.0172309488024781,0.03162493658714,-0.024559000000000823
2011-10-17,-0.0205439523458874,0.0,0.0111999999999998,0.4764516129032258,0.0019407491699787,0.0,7.0,0,0.1675170311559307,-0.0195599375994495,-0.0402117560123283,-0.024559000000000823
2011-10-18,0.0205802954979326,0.0,0.0236,0.4793548387096774,0.0006460802898491,0.0,0.0,1,-0.0563659566203956,0.0202130493803112,0.0089467664743628,-0.024559000000000823
2011-10-19,-0.0012000219625871,-3.500000000000031e-05,-0.012,0.482258064516129,0.0006456631396076,0.0,3.0,0,0.0873281606289492,-0.0127298187870266,-0.0251448259417212,-0.024594000000000824
2011-10-20,-0.0175455976563263,-0.001743,0.0221999999999999,0.4851612903225806,0.0006452465276929,0.0,2.0,0,0.0098238341436441,0.0045438398210843,0.0125603552437264,-0.026337000000000825
2011-10-21,0.0227896194359455,0.0,-0.0022999999999999,0.4880645161290322,0.0006448304530675,0.0,-6.0,0,-0.1047856124494857,0.0186340674924345,-0.001823861329176,-0.026337000000000825
2011-10-24,0.0291958996672363,0.0,-0.0035,0.4967741935483871,0.0019320002687699,0.0,-5.0,0,-0.0680354579644794,0.0127908066803717,0.0171037103384332,-0.026337000000000825
2011-10-25,-0.0107088973361122,0.0,-0.022,0.4996774193548387,0.000643171506713,0.0,7.0,0,0.0963660122210066,-0.020248346199382,-0.0047668282098818,-0.026337000000000825
2011-10-26,0.0151285614808021,0.0,0.0058,0.5025806451612903,0.0006427581030035,0.0,-9.0,0,-0.0760676030838455,0.0104814305440872,-0.0182873175269992,-0.026337000000000825
2011-10-27,0.0365288779470756,0.0,-0.0282999999999999,0.5054838709677419,0.0006423452303856,0.0,-27.0,1,-0.1594112553816651,0.0337165911681343,0.0286910316530926,-0.026337000000000825
2011-10-28,0.0040915002819001,0.0,-0.0336999999999998,0.5083870967741936,0.0006419328878433,0.0,15.0,1,-0.0372116709073509,0.0003891535285413,-0.0195510359658116,-0.026337000000000825
2011-10-31,-0.0199410940260715,0.0,-0.0101000000000002,0.5170967741935484,0.0019233298937173,0.0,10.0,0,0.1999662418282269,-0.0250486166129776,-0.003189560288833,-0.026337000000000825
2011-11-01,-0.0175517427122109,0.0,0.0621,0.52,0.0006402887980385,0.0399999999999999,7.0,1,0.1488918310945522,-0.0283400596215946,-0.0001825343976375,-0.026337000000000825
2011-11-03,0.0151146845097773,0.0,-0.0235999999999998,0.5186666666666667,-0.0010281382167818,0.0,-14.0,1,-0.07087093959617,0.0186076072009304,0.0135352523348604,-0.026337000000000825
2011-11-04,0.0081118990846267,0.0,0.0144999999999999,0.518,-0.0005144657808582,0.0,4.0,0,-0.0112101455328908,-0.0062998195371895,0.0102334768653082,-0.026337000000000825
2011-11-07,0.0089761269176289,0.0,0.0087999999999999,0.516,-0.0015449873017008,0.0,4.0,0,-0.0103316854623088,0.0062760082111665,0.0228676927270166,-0.026337000000000825
2011-11-08,-0.002926625053595,0.0,-0.0049999999999998,0.5153333333333333,-0.0005155266641931,0.0,-10.0,0,-0.0827264019220845,0.0116673103217251,0.0038334464620727,-0.026337000000000825
2011-11-09,-0.0253238896339116,0.0,0.0062999999999999,0.5146666666666667,-0.000515792569022,0.0,17.0,0,0.274495080608096,-0.037385347098988,-0.0236692451264076,-0.026337000000000825
2011-11-10,-0.0039696409813156,0.0,0.0093999999999998,0.514,-0.0005160587482961,0.0,-10.0,0,-0.0972201424753009,0.0085872010994817,0.0123884563483657,-0.026337000000000825
2011-11-11,0.021145356286528,0.0,-0.0062999999999999,0.5133333333333333,-0.0005163252024384,0.0,0.0,0,-0.0882035314560012,0.0192932230045135,0.0039496656621159,-0.026337000000000825
2011-11-14,-0.0049484284016436,0.0,0.0101999999999999,0.5113333333333333,-0.0015505770872739,0.0,0.0,0,0.0356421001216495,-0.0095960366875547,-0.0200847648826193,-0.026337000000000825
2011-11-16,0.0051704475815963,0.0,0.0122999999999999,0.51,-0.0010350553873976,0.0,5.0,0,0.0707849585671675,-0.0167557983419549,-0.0045481163151165,-0.026337000000000825
2011-11-17,-0.0271936028981567,0.0,0.0003000000000001,0.5093333333333333,-0.0005179297234896,0.0,11.0,0,0.0294052368121139,-0.0169426719877064,-0.0332606402899835,-0.026337000000000825
2011-11-18,-0.0045374682141243,0.0,-0.0052,0.5086666666666667,-0.0005181981137027,0.0,-4.0,0,-0.0755131856730705,-0.0003947564904724,-0.0061173947918419,-0.026337000000000825
2011-11-21,-0.0078927287340082,0.0,0.0338,0.5066666666666667,-0.001556207467571,-0.01,9.0,1,-0.0755131856730705,-0.0003947564904724,-0.0061173947918419,-0.026337000000000825
2011-11-22,-0.0072573270391913,0.0,0.0007999999999999,0.506,-0.0005192744619133,0.01,-2.0,0,-0.0755131856730705,-0.0003947564904724,-0.0061173947918419,-0.026337000000000825
2011-11-23,-0.0163467780749702,0.0,0.0372000000000001,0.5053333333333333,-0.0005195442479788,0.0,9.0,1,0.0609741611782816,-0.0223429704585962,-0.0186073610064506,-0.026337000000000825
2011-11-24,0.005587214766809,0.0,0.0219,0.5046666666666667,-0.0005198143145221,0.0,0.0,0,0.0609741611782816,-0.0223429704585962,-0.0186073610064506,-0.026337000000000825
2011-11-25,-0.0070071265339617,0.0,0.0276999999999998,0.504,-0.0005200846619803,0.0,-7.0,1,0.0143173131700428,-0.0026891193002505,-0.0058101102672989,-0.026337000000000825
2011-11-28,0.0202511631697852,0.0,-0.0341,0.502,-0.001561878886422,0.0,0.0,1,-0.0702992095709513,0.0288210790386099,0.0241422909806325,-0.026337000000000825
2011-11-29,-0.012882307566949,0.0,-0.0109999999999998,0.5013333333333333,-0.0005211688697475,0.0,-4.0,0,-0.0474838814190154,0.0022112069693969,0.0165593784562629,-0.026337000000000825
2011-11-30,0.0280829687428258,0.0,-0.0377,0.5006666666666667,-0.0005214406283755,0.0,-9.0,1,-0.0474838814190154,0.0022112069693969,0.0165593784562629,-0.026337000000000825
2011-12-01,0.0220496161156056,-0.0017859999999999,-0.018,0.5,-0.0005217126705652,0.01,-9.0,0,-0.0474838814190154,0.0022112069693969,0.0165593784562629,-0.028123000000000724
2011-12-02,-0.0044299342455307,0.0,-0.0085999999999999,0.5019354838709678,-0.0017849847706195,0.0,5.0,0,0.0040051249511721,-0.0002410153733272,0.0086786693382518,-0.028123000000000724
2011-12-05,0.0175352963924062,0.0,-0.0013,0.5077419354838709,-0.0053741513297591,0.0,-4.0,0,0.0115608112481085,0.0102344632992657,-0.0011832072626121,-0.028123000000000724
2011-12-06,0.0105703160706713,0.0,0.0082999999999999,0.5096774193548387,-0.0017978211072406,0.0,-6.0,0,0.0103627517205534,0.0011051379065262,0.0090654235392528,-0.028123000000000724
2011-12-07,-0.014771967187432,0.0,0.0067000000000001,0.5116129032258064,-0.0018010590901624,0.0,7.0,0,0.0190146898887266,0.0020163207826575,-0.011618527725135,-0.028123000000000724
2011-12-08,-0.0208071717072382,0.0,-0.0039,0.5135483870967742,-0.0018043087577304,0.0,0.0,0,0.0648218805945888,-0.0213684989509298,-0.0130492402404016,-0.028123000000000724
2011-12-09,0.013501687501483,0.0,0.0188999999999999,0.515483870967742,-0.0018075701733106,0.0,-13.0,0,-0.1480670476750513,0.0167424129070853,0.0047063449425196,-0.028123000000000724
2011-12-12,-0.0153831883788271,0.0,0.0089000000000001,0.5212903225806452,-0.0054423974536295,0.0,3.0,0,-0.0272831176207688,-0.0150263869047789,-0.012599764421698,-0.028123000000000724
2011-12-13,0.0025774556683746,0.0,0.0189999999999999,0.5232258064516129,-0.001820734599141,0.0,2.0,0,-0.0101802065281148,-0.0087239530203052,0.0206687357854007,-0.028123000000000724
2011-12-14,-0.0148589581808558,0.0,0.0319,0.5251612903225806,-0.001824055721423,0.0,9.0,1,0.0244910611718284,-0.0114132514971375,-0.0417737730115504,-0.028123000000000724
2011-12-15,-0.0055940240409881,0.0,-0.0119,0.5270967741935484,-0.0018273889816775,0.0,-1.0,0,-0.0363676550222635,0.0032378528580816,0.0006663147851364,-0.028123000000000724
2011-12-16,-0.0041626701158499,0.0,-0.0143999999999999,0.5290322580645161,-0.0018307344465657,0.0,10.0,0,-0.0332014167709908,0.0032109891019004,-0.0166958196665531,-0.028123000000000724
2011-12-19,-0.0143455936539442,0.0,0.0150999999999998,0.5348387096774194,-0.0055123991856493,0.0,4.0,0,0.0256059162751934,-0.0118021984585577,0.0028020784411701,-0.028123000000000724
2011-12-20,0.0279432961274181,0.0,-0.0107999999999999,0.5367741935483872,-0.0018442397029723,0.0,-12.0,0,-0.0706567502823588,0.029389295930944,0.0293789625736918,-0.028123000000000724
2011-12-21,-0.0037350948125656,0.0,0.0047999999999999,0.5387096774193548,-0.0018476472082795,0.0,-6.0,0,-0.0802221229723757,0.0019476081648543,0.0091401094842992,-0.028123000000000724
2011-12-22,0.0121930265601797,0.0,0.0021999999999999,0.5406451612903226,-0.0018510673286353,0.0,2.0,0,-0.012679223947122,0.0082315771698298,0.0016697620433335,-0.028123000000000724
2011-12-23,0.0061365350023816,0.0,-0.0017999999999998,0.5425806451612903,-0.0018545001342271,0.0,-9.0,0,-0.0205306954134466,0.0089944807831055,0.0006485957634745,-0.028123000000000724
2011-12-26,-0.0005547369475706,0.0,0.0005999999999999,0.5483870967741936,-0.0055842251523241,0.0,0.0,0,-0.0205306954134466,0.0089944807831055,0.0006485957634745,-0.028123000000000724
2011-12-27,0.0058094462885378,0.0,0.0019,0.5503225806451614,-0.0018683596309738,0.0,1.0,0,0.0553612422775675,7.910481903918606e-05,0.0120610731916387,-0.028123000000000724
2011-12-28,-0.025686986654378,0.0,0.0048999999999999,0.552258064516129,-0.0018718569339259,0.0,9.0,0,0.0709079958500954,-0.0125565062565023,-0.0157730441586201,-0.028123000000000724
2011-12-29,0.0038839113860955,0.0,0.0123999999999999,0.5541935483870968,-0.0018753673543372,0.0,3.0,0,-0.0376913074060547,0.0106501724632806,0.0041750265058864,-0.028123000000000724
2012-01-03,0.0432927740723751,0.0,-0.0301,0.5529032258064517,-0.0050559669681273,0.0699999999999999,-6.0,1,-0.0185470192536676,0.0153554836701778,0.0432849685618959,-0.028123000000000724
2012-01-04,0.001685914586293,0.0,-0.0184999999999999,0.5493548387096775,0.000295533877237,0.0,-1.0,0,-0.0331962334985174,0.0001879063444372,0.0139044859378853,-0.028123000000000724
2012-01-05,-0.0138920570849876,0.0,0.0099,0.5458064516129033,0.0002954465627666,0.0,-2.0,0,-0.0338705049798395,0.0029393926694938,-0.0084791102109154,-0.028123000000000724
2012-01-06,0.0009219265501982,0.0,0.0078,0.5422580645161291,0.0002953592998782,0.0,5.0,0,-0.0403759619265884,-0.0025401850025391,0.0028343659481087,-0.028123000000000724
2012-01-09,0.0082085383963033,0.0,-0.0006999999999999,0.5316129032258065,0.0008855548373869,0.0,1.0,0,0.0211039269292798,0.0022590443626086,-0.0054099783867186,-0.028123000000000724
2012-01-10,0.0121627553923122,0.0,-0.04,0.5280645161290323,0.0002950107631853,0.01,4.0,1,-0.0181996957623911,0.0088465236130604,0.007353967902902,-0.028123000000000724
2012-01-11,0.0026050378769095,0.0,0.0005999999999999,0.5245161290322581,0.0002949237575009,0.0,9.0,0,0.0172500063144292,0.0003095493446321,-0.0092232024079252,-0.028123000000000724
2012-01-12,-0.0006840002602288,0.0,-0.0173999999999998,0.5209677419354839,0.000294836803123,-0.01,-4.0,0,-0.0279401577550291,0.0023338827385691,-0.0087695929140106,-0.028123000000000724
2012-01-13,-0.0130011573623516,0.0,-0.0020999999999999,0.5174193548387097,0.0002947499000036,0.01,8.0,0,0.0212671400139717,-0.0049602044478694,-0.0073974146793617,-0.028123000000000724
2012-01-16,0.0135850892424382,0.0,-0.0017,0.5067741935483872,0.0008837287932177,0.0,0.0,0,0.0212671400139717,-0.0049602044478694,-0.0073974146793617,-0.028123000000000724
2012-01-17,0.0114427211621013,0.0,-0.0076,0.503225806451613,0.0002944027992182,0.0,-3.0,0,0.0598648171016974,0.0035466577681741,0.0098211928932492,-0.028123000000000724
2012-01-18,0.0176029518937443,0.0,0.0030999999999998,0.4996774193548387,0.0002943161517201,0.0,-4.0,0,-0.0608217768938048,0.0110466891302222,-0.0078311314980737,-0.028123000000000724
2012-01-19,0.0032996390633162,-0.001793,-0.0142999999999999,0.4961290322580645,0.0002942295552088,0.0,-12.0,0,-0.0500594475511404,0.004926501717244,0.0080104776729917,-0.029916000000000723
2012-01-20,0.0061977516301361,0.0,0.0021999999999999,0.4925806451612903,0.0002941430096399,0.0,-5.0,0,-0.083403495211262,0.0006692357932856,-0.0152661147661025,-0.029916000000000723
2012-01-23,0.0011868676111355,0.0,-0.0141999999999999,0.4819354838709677,0.0008819102642814,0.01,-4.0,0,0.0211103580514093,0.0004712319220408,0.0065324239982334,-0.029916000000000723
2012-01-24,0.0016016404218248,0.0,0.0121,0.4783870967741935,0.0002937973359067,0.0,3.0,0,0.0127729129611249,-0.0010263438252235,-0.0049862126808834,-0.029916000000000723
2012-01-26,0.0074458845747269,0.0,-0.026,0.4712903225806452,0.0005873358479231,0.0,6.0,1,0.0141000294119269,-0.005770508287989,0.0088849484195926,-0.029916000000000723
2012-01-27,-0.0007786615361204,0.0,0.0047000000000001,0.467741935483871,0.0002935386133184,0.0,0.0,0,-0.0021562815776575,-0.0015941475452909,0.0060292481312265,-0.029916000000000723
2012-01-30,-0.0021325023597746,0.0,0.0072999999999998,0.4570967741935484,0.0008800992042772,0.0,6.0,0,0.0458819690527437,-0.0025253090863453,-0.0063903650021909,-0.029916000000000723
2012-01-31,0.0047996786408699,0.0,-0.0117999999999998,0.4535483870967742,0.0002931943578552,0.0,0.0,0,0.0020597800984979,-0.0004570511280779,0.0020746262206049,-0.029916000000000723
2012-02-01,0.023426513383816,0.0,-0.0015,0.45,0.00029310842012,-0.01,-8.0,0,-0.0468630785797604,0.0088602374742659,0.0052125057291942,-0.029916000000000723
2012-02-02,0.0004026014300286,0.0,-0.0050000000000001,0.4417241379310345,0.0028322810197316,0.0,2.0,0,-0.0312097443407615,0.0010945478306671,0.0045611324658106,-0.029916000000000723
2012-02-03,0.0096141253589969,0.0,-0.0102999999999999,0.4334482758620689,0.0028242818545081,0.0,-11.0,0,-0.0501815177670853,0.0144997259481076,0.0221496116201554,-0.029916000000000723
2012-02-06,0.0001073282174584,0.0,0.0026000000000001,0.4086206896551724,0.0084252992443847,0.0,3.0,0,0.0378702646347297,-0.0004239640135311,0.011713278353714,-0.029916000000000723
2012-02-07,0.0105688754962702,0.0,0.0011999999999998,0.4003448275862069,0.0027927319846945,0.0,-7.0,0,-0.0062129886852247,0.0020213375254701,0.0025844522227088,-0.029916000000000723
2012-02-08,-0.0013055228499077,0.0,-0.0065999999999999,0.3920689655172414,0.00278495434857,0.0,0.0,0,0.0284856030044405,0.002157880933325,0.0083108355665894,-0.029916000000000723
2012-02-09,-0.0045827989555675,0.0,0.0029999999999998,0.3837931034482759,0.0027772199129092,0.0,-7.0,0,0.0255517747953477,0.0014730251258786,0.0117902839922575,-0.029916000000000723
2012-02-10,-0.0236562201800243,0.0,0.0035,0.3755172413793103,0.0027695283187849,0.0,5.0,0,0.1096990063407518,-0.0069101226436161,-0.0108521523902297,-0.029916000000000723
2012-02-13,0.026125319603933,0.0,-0.0090999999999998,0.3506896551724138,0.0082628585057751,0.0,-5.0,0,-0.0879300684591924,0.0067770233264973,0.0052712479835987,-0.029916000000000723
2012-02-14,-0.0099900625077093,0.0,0.0003999999999999,0.3424137931034482,0.0027391833165388,0.0,7.0,0,0.0259216160210074,-0.0009399650039259,0.0019484385262756,-0.029916000000000723
2012-02-15,0.0050457521148015,0.0,-0.0015,0.3341379310344827,0.0027317006829363,0.0,2.0,0,0.0787032581015652,-0.0053977475362166,0.0064954180892407,-0.029916000000000723
2012-02-16,0.011771103901264,0.0,0.0167999999999999,0.3258620689655173,0.0027242588186453,-0.01,-3.0,0,-0.0952155837536371,0.0109653658332769,0.009872907342838,-0.029916000000000723
2012-02-17,0.0009369380946235,0.0,-0.0189999999999999,0.3175862068965517,0.0027168573913733,0.0,-4.0,0,-0.0778770991118328,0.0023461758829402,-0.0044223758828631,-0.029916000000000723
2012-02-23,-0.0058171405630993,0.0,-0.0096,0.2679310344827586,0.0161479378769264,0.01,3.0,0,-0.0794931808938379,0.0042629031806062,0.0058413374614667,-0.029916000000000723
2012-02-24,0.0018669889988522,0.0,0.0058,0.2596551724137931,0.0026661524684836,-0.01,0.0,0,0.0299054973394191,0.0016708411755084,0.0148543294515826,-0.029916000000000723
2012-02-27,-0.0107026268590857,0.0,-0.0009999999999998,0.2348275862068965,0.0079560706887367,0.0,5.0,0,0.0495876835544187,0.0013536425518792,-0.0104151162182547,-0.029916000000000723
2012-02-28,0.0109452312180557,0.0,-0.0064000000000001,0.226551724137931,0.0026380190084278,0.0,-4.0,0,-0.0127250099918451,0.0033507134923147,-0.0213258538132491,-0.029916000000000723
2012-02-29,-0.0022311443486131,0.0,0.0068000000000001,0.2182758620689655,0.0026310781701877,0.0,-6.0,0,0.0258327763422319,-0.0047482427569533,0.009090604184464,-0.029916000000000723
2012-03-01,0.0150505774129818,0.0,0.006,0.21,0.002624173759921,-0.0899999999999999,-3.0,0,-0.0655880893242676,0.0061391565445329,0.028451595871584,-0.029916000000000723
2012-03-02,0.0144439030354615,0.0,0.0092999999999998,0.2238709677419355,-0.0009635318793552,0.0,-3.0,0,0.0017366537303545,-0.0032510350278581,-0.0204129196174646,-0.029916000000000723
2012-03-05,-0.0121415114193084,0.0,0.0069000000000001,0.2654838709677419,-0.0028961785552255,0.0,1.0,0,0.0430172898643142,-0.0038772005028211,0.0012123785934729,-0.029916000000000723
2012-03-06,-0.0280155816963194,0.0,0.0242,0.2793548387096774,-0.0009672598223442,0.0,9.0,1,0.1451671187907625,-0.0154895061275441,-0.0148102605125342,-0.029916000000000723
2012-03-07,0.0137727047598428,0.0,0.0136,0.2932258064516129,-0.0009681963198158,0.0,-5.0,0,-0.0901963576921353,0.0068769217229941,0.017391737319949,-0.029916000000000723
2012-03-08,0.0134062568327006,-0.002706,0.0004999999999999,0.3070967741935484,-0.0009691346324753,0.0,-9.0,0,-0.0605262461715248,0.0097700491747222,0.0105787143562189,-0.03262200000000072
2012-03-09,-0.0030536203113218,0.0,0.0069999999999998,0.3209677419354839,-0.0009700747656005,0.01,-4.0,0,-0.0479270338615633,0.0036246730207315,0.0042956147755035,-0.03262200000000072
2012-03-12,-0.0047937937905757,0.0,0.0390000000000001,0.3625806451612903,-0.0029158833798916,0.0,-6.0,1,-0.0898313665075668,0.0001604477867881,-0.0050931752612169,-0.03262200000000072
2012-03-13,0.0298139741348322,0.0,-0.0055,0.3764516129032258,-0.0009738536091443,0.0,-4.0,0,-0.0552045634111875,0.0179691330904342,0.0069964102482018,-0.03262200000000072
2012-03-14,-0.0020051085744015,0.0,0.0043999999999999,0.3903225806451613,-0.0009748029245653,0.0,-6.0,0,0.0338790434200462,-0.0011969780885961,-0.0099527075616656,-0.03262200000000072
2012-03-15,-0.007470293405019,0.0,-0.014,0.4041935483870967,-0.0009757540925843,0.0,3.0,0,0.0071591360053037,0.0059494657015602,-0.0114277611304534,-0.03262200000000072
2012-03-16,-0.0009598842968969,0.0,0.0012,0.4180645161290323,-0.0009767071186281,0.0,2.0,0,-0.0635878139855573,0.0011187724767004,0.0181268558223289,-0.03262200000000072
2012-03-19,0.0006793980204324,0.0,0.0071999999999998,0.4596774193548387,-0.0029358581742719,0.01,-5.0,0,0.038635756887973,0.0039659715140711,-0.0007951533136495,-0.03262200000000072
2012-03-20,-0.0064284137065229,0.0,0.0169000000000001,0.4735483870967741,-0.0009805379123708,0.0,-1.0,0,0.0352747195603607,-0.0030050287343903,-0.0127287979352678,-0.03262200000000072
2012-03-21,-0.0064999185283358,0.0,0.0007999999999999,0.4874193548387097,-0.0009815003107114,-0.01,2.0,0,-0.0293085001815807,-0.0018729499037742,0.0006442832194394,-0.03262200000000072
2012-03-22,-0.015555601258816,0.0,-0.0017,0.5012903225806452,-0.000982464600101,0.0,4.0,0,0.0286664308815581,-0.0072326342268978,-0.0085712304015612,-0.03262200000000072
2012-03-23,-0.0002278925268726,0.0,-0.0056,0.5151612903225806,-0.0009834307861122,0.01,3.0,0,-0.0493683669698812,0.0031040360075561,0.0160312604006371,-0.03262200000000072
2012-03-26,0.0131626528680932,0.0,-0.0050999999999998,0.5567741935483871,-0.0029561085247973,0.0,-1.0,0,-0.0385191682390132,0.0137902999640882,0.0041471012063492,-0.03262200000000072
2012-03-27,-0.0097648490681994,0.0,-0.0008000000000001,0.5706451612903226,-0.0009873146087535,0.0,4.0,0,0.0891712618204648,-0.0028207497542463,-0.0008758359513842,-0.03262200000000072
2012-03-28,-0.0146132744771243,0.0,0.0088000000000001,0.5845161290322581,-0.0009882903623452,0.0,2.0,0,-0.007727011011186,-0.004953758683289,-0.0110533542521097,-0.03262200000000072
2012-03-29,-0.0031858188867772,0.0,0.0110999999999998,0.5983870967741935,-0.0009892680465029,0.0,4.0,0,0.0006461567442357,-0.0016092239433873,-0.0143584235226828,-0.03262200000000072
2012-03-30,-0.0055803457456136,0.0,-0.0112999999999998,0.6122580645161291,-0.0009902476669552,-0.01,-6.0,0,0.0012911853349168,0.0036916136216213,0.0039955846403127,-0.03262200000000072
2012-04-02,0.0108690857036162,0.0,0.0092999999999998,0.6306666666666667,-0.0006039226244123,0.0,1.0,0,0.0089917331435465,0.0074766261209824,0.0205395894219998,-0.03262200000000072
2012-04-03,-0.0143940709134362,0.0,-0.0058,0.6213333333333333,0.001377618892663,0.0,-11.0,0,0.0012779237501105,-0.0039966118201412,-0.0045547219477345,-0.03262200000000072
2012-04-04,-0.0118142721272604,0.0,0.006,0.612,0.0013757236694456,0.0,11.0,0,0.0486077412944318,-0.010254926852538,-0.0203890906413347,-0.03262200000000072
2012-04-05,0.0025467707524224,0.0,-0.0014999999999998,0.6026666666666667,0.0013738336536732,0.0,7.0,0,0.0156913429944157,-0.0006292401524213,0.0088701723477471,-0.03262200000000072
2012-04-09,-0.0121315086654103,0.0,-0.0040999999999999,0.5653333333333334,0.005476537858156,0.0,11.0,0,0.1189798498130152,-0.0114234379995426,-0.0061763881103077,-0.03262200000000072
2012-04-10,-0.0190121320071998,0.0,0.0057,0.556,0.0013644609404135,0.0,-2.0,0,0.0806559397317748,-0.0172290252771858,-0.0230065885806224,-0.03262200000000072
2012-04-11,-0.0072339807135897,0.0,-0.0014,0.5466666666666666,0.0013626017232954,0.0,-6.0,0,-0.0183127579001031,0.0074212898001237,0.0024994019077368,-0.03262200000000072
2012-04-12,0.0283892938619754,0.0,-0.0033,0.5373333333333333,0.0013607475660322,0.0,-7.0,0,-0.1518223685760412,0.0136853152359757,0.012650536919158,-0.03262200000000072
2012-04-13,-0.0152123351580932,0.0,0.0094,0.528,0.0013588984479913,0.0,7.0,0,0.1280658192299867,-0.0125534671250561,0.0009854870316415,-0.03262200000000072
2012-04-16,-0.0024342875612113,0.0,0.0008999999999999,0.5,0.0040656507209071,0.0,2.0,0,0.0,-0.0005037272401734,-0.0261958474018657,-0.03262200000000072
2012-04-17,0.0119371834799153,0.0,0.0080999999999999,0.4906666666666667,0.0013515519594271,0.0,-7.0,0,-0.0573690679268306,0.0153679791579546,0.0008422343166669,-0.03262200000000072
2012-04-18,0.0049479454055934,0.0,0.024,0.4813333333333333,0.0013497277319878,0.0,1.0,1,0.0097035970337546,-0.004063533761746,-0.0068426671093816,-0.03262200000000072
2012-04-19,-0.0062406672434942,-0.0027249999999999,0.0173,0.472,0.0013479084223337,0.0,-3.0,0,-0.015135358077369,-0.0059520754772023,0.0002542592643413,-0.03534700000000062
2012-04-20,-0.0019822245764089,0.0,-0.0080999999999999,0.4626666666666666,0.0013460940106071,0.0,2.0,0,-0.0514079693324901,0.0011685826213373,0.0064200434176886,-0.03534700000000062
2012-04-23,-0.0153994319659513,0.0,0.0078,0.4346666666666666,0.0040274442450449,0.01,5.0,0,0.0840922986471298,-0.0084431131028874,-0.0004211315302125,-0.03534700000000062
2012-04-24,0.0069954135161154,0.0,-0.0084000000000001,0.4253333333333333,0.0013388849494777,0.0,-3.0,0,-0.0469467884030774,0.0036730196416289,-0.0046438671372158,-0.03534700000000062
2012-04-25,-0.0035725581761383,0.0,0.0027000000000001,0.416,0.0013370947331967,0.0,0.0,0,-0.073343322946279,0.0135523428987414,0.0080917422170984,-0.03534700000000062
2012-04-26,0.007228869379249,0.0,0.0063999999999999,0.4066666666666666,0.0013353092979002,0.0,1.0,0,-0.0350913157613536,0.0066579521335077,0.0066934270923502,-0.03534700000000062
2012-04-27,-0.0081847917145001,0.0,-0.0019,0.3973333333333333,0.0013335286244657,0.0,2.0,0,0.0049140101966417,0.002411413929023,-0.0007507515505122,-0.03534700000000062
2012-04-30,0.0020888835311332,0.0,0.0065999999999999,0.3693333333333333,0.0039899491666144,0.0,0.0,0,0.0496068205323514,-0.0038910622753696,-0.003008782928075,-0.03534700000000062
2012-05-02,0.0097228801104911,0.0,0.0231000000000001,0.3509677419354838,0.0008057993302568,-0.06,-5.0,1,0.0167267211075901,-0.0024998055766587,-0.012276339412772,-0.03534700000000062
2012-05-03,-0.0051394177110815,0.0,0.0127999999999999,0.3419354838709677,-0.0005209250617195,0.0,-1.0,0,0.0394941183434748,-0.0076883511035068,-0.0180984548033956,-0.03534700000000062
2012-05-04,-0.0208752750294465,0.0,-0.0066999999999999,0.3329032258064516,-0.000521196566078,0.0,5.0,0,0.0872012067851708,-0.01627899572159,-0.0253001499392545,-0.03534700000000062
2012-05-07,0.0065388094433345,0.0,0.0058,0.3058064516129032,-0.0015652215582289,0.0,1.0,0,-0.0115486486235653,0.0003505195828976,-0.0001766956151624,-0.03534700000000062
2012-05-08,-0.0140644667329166,0.0,0.0098,0.2967741935483871,-0.0005222854195725,0.0,5.0,0,0.0057909455681224,-0.0042878531349693,-0.0038071699606222,-0.03534700000000062
2012-05-09,-0.0096379469490326,0.0,0.0210999999999998,0.2877419354838709,-0.0005225583441816,0.0,3.0,0,0.0526572295006351,-0.0067248275317819,0.0041605299751222,-0.03534700000000062
2012-05-10,-0.0014059991603811,0.0,0.0003999999999999,0.2787096774193548,-0.0005228315541803,0.01,-1.0,0,-0.0642729524066912,0.0025142474063852,-0.0041605299751222,-0.03534700000000062
2012-05-11,-0.0043140053644279,0.0,-0.0067999999999999,0.2696774193548387,-0.0005231050500125,0.0,6.0,0,0.0547657235621893,-0.0033930913342817,-0.0041779802916044,-0.03534700000000062
2012-05-14,-0.0325711571871067,-3.600000000000131e-05,0.0352999999999998,0.2425806451612903,-0.0015709589901202,0.0,7.0,1,0.0948988108828749,-0.0111750731023384,-0.0061654346735612,-0.03538300000000062
2012-05-15,-0.0228876731309988,0.0,0.0080999999999999,0.2335483870967742,-0.000524201900685,0.0,4.0,0,0.0045619820803378,-0.0057624082765024,0.0059872228917002,-0.03538300000000062
2012-05-16,-0.0062429969279271,0.0,0.0027000000000001,0.224516129032258,-0.0005244768324406,0.0,4.0,0,0.0135626466817076,-0.0044135439289479,-0.0047331973743183,-0.03538300000000062
2012-05-17,-0.0336621852798533,0.0,-9.9999999999989e-05,0.2154838709677419,-0.000524752052744,0.0,11.0,0,0.0950243597936983,-0.0151657974056044,-0.0385084192759731,-0.03538300000000062
2012-05-18,0.0087517025504073,0.0,0.0121999999999999,0.2064516129032258,-0.0005250275620394,0.0,1.0,0,0.0246029997175891,-0.0074152018267548,-0.003261415355164,-0.03538300000000062
2012-05-21,0.0373930858194029,0.0,0.0278999999999998,0.1793548387096774,-0.0015767386387057,0.0,-2.0,1,-0.1313709553983719,0.0159086843958393,0.0154668347695391,-0.03538300000000062
2012-05-22,-0.0277902662990463,0.0,0.0119000000000002,0.1703225806451613,-0.000526132498317,0.0,-3.0,0,0.0211290987249742,0.0004862187951418,-0.0036828500722066,-0.03538300000000062
2012-05-23,-0.0076602172894002,0.0,0.0322999999999997,0.1612903225806451,-0.0005264094594483,0.0,11.0,1,-0.0066949422269277,0.0016922705145487,-0.0266408809463954,-0.03538300000000062
2012-05-24,-0.0102317743617419,0.0,-0.0431999999999996,0.152258064516129,-0.0005266867123214,0.0,-5.0,1,-0.0360193482035774,0.001379080158588,0.0093348986791969,-0.03538300000000062
2012-05-25,0.0073715388260477,0.0,-0.0352000000000001,0.1432258064516129,-0.0005269642573999,0.0,0.0,1,0.0101617182743762,-0.0021679807027607,0.0026244159115062,-0.03538300000000062
2012-05-28,0.0136768607716568,0.0,-0.0254,0.1161290322580645,-0.0015825609716593,0.0,0.0,1,0.0101617182743762,-0.0021679807027607,0.0026244159115062,-0.03538300000000062
2012-05-29,-0.0105603370201574,0.0,0.0165999999999999,0.1070967741935484,-0.0005280773690206,0.0,0.0,0,-0.0341234101408394,0.0110180552788284,-0.0014051009232093,-0.03538300000000062
2012-05-30,-0.01540180402624,-3.700000000000231e-05,0.0134,0.0980645161290322,-0.000528356382075,0.0,8.0,0,0.1379201680201899,-0.0144386293047972,-0.030551974759967,-0.035420000000000625
2012-05-31,0.0127809068394562,-0.00179,0.0144999999999999,0.0890322580645161,-0.0005286356901219,0.0,7.0,0,-0.0033195020359348,-0.0022792610600432,-0.0155842098508994,-0.037210000000000625
2012-06-01,-0.020150274431602,0.0,0.0127000000000001,0.08,-0.0005289152936303,-0.15,7.0,0,0.1026136206774618,-0.0249512954143615,-0.0343518788220577,-0.037210000000000625
2012-06-04,0.0002621231994037,0.0,0.0059999999999997,0.1149999999999999,0.0034453523039186,0.0,-7.0,0,-0.0204629724889403,0.0001095481949877,0.0042578954387645,-0.037210000000000625
2012-06-05,-0.0176778480304697,0.0,-0.0143999999999997,0.1266666666666666,0.0011458179292151,0.0,-10.0,0,-0.0567081251356513,0.005710514594359,-0.0001011901107945,-0.037210000000000625
2012-06-06,0.0314175713005244,0.0,-0.0083000000000001,0.1383333333333333,0.0011445065329631,0.0,-13.0,0,-0.1077043564091462,0.0227877760480482,0.0180474428179042,-0.037210000000000625
2012-06-08,0.005046701813244,0.0,0.0169999999999999,0.1616666666666666,0.0022850908604006,0.0,1.0,0,-0.02281820929917,0.0080814207999896,-0.0046138404911977,-0.037210000000000625
2012-06-11,-0.0079129075347808,0.0,-0.0004999999999997,0.1966666666666666,0.0034178754451961,0.0,4.0,0,0.1041350819623545,-0.012700423815401,-0.0148886247658238,-0.037210000000000625
2012-06-12,0.0192211327881022,0.0,0.0215999999999998,0.2083333333333333,0.0011367007634195,-0.01,-10.0,0,-0.0644253117758245,0.0115833899012398,-0.0088142480361887,-0.037210000000000625
2012-06-13,0.0108763493126069,0.0,0.004,0.2199999999999999,0.0011354101417069,0.0,-2.0,0,0.0941160142602258,-0.0070480300711041,-0.0001029714975254,-0.037210000000000625
2012-06-14,-0.0053872548155258,0.0,0.0087000000000001,0.2316666666666666,0.0011341224474392,0.0,-1.0,0,-0.1128508479519876,0.0107565926498697,-0.001030062680327,-0.037210000000000625
2012-06-15,0.0135121429203195,0.0,-0.0248000000000003,0.2433333333333333,0.0011328376706707,0.0,-10.0,1,-0.0266432998746786,0.0102847456521467,0.0059597569833044,-0.037210000000000625
2012-06-18,0.0016028498534002,0.0,0.0191000000000003,0.2783333333333333,0.0033908333780807,0.01,8.0,0,-0.1417535481852229,0.0014437039589353,-0.0161110324526742,-0.037210000000000625
2012-06-19,0.0176386970074062,0.0,-0.0194,0.29,0.0011277275411636,0.0,0.0,0,0.0032697286794811,0.0097678344176127,-0.0030238374292722,-0.037210000000000625
2012-06-20,-0.0004896731529608,0.0,-0.0146999999999999,0.3016666666666666,0.0011264572042151,0.0,0.0,0,-0.0640308193080602,-0.0016877805127717,-0.0325844653306692,-0.037210000000000625
2012-06-21,-0.0295037020400652,0.0,0.0070000000000001,0.3133333333333333,0.0011251897260073,-0.01,1.0,0,0.1524920390646908,-0.0225132081833758,-0.0380432746940281,-0.037210000000000625
2012-06-22,-0.0011717519029623,0.0,0.0191999999999996,0.3249999999999999,0.0011239250969037,0.0,-4.0,0,-0.103259985426247,0.0071489892345043,0.0194223955061556,-0.037210000000000625
2012-06-25,-0.029934955229292,0.0,0.0163000000000002,0.36,0.0033642158634172,0.0,6.0,0,0.1180896810175319,-0.016083502390603,0.0003296750223978,-0.037210000000000625
2012-06-26,0.0005945634778736,0.0,0.0024999999999999,0.3716666666666666,0.0011188948802285,0.0,-1.0,0,-0.0329206722605771,0.0047613681610202,0.0218450736459063,-0.037210000000000625
2012-06-27,-0.013614557718979,0.0,0.0020999999999999,0.3833333333333333,0.0011176443535543,0.0,0.0,0,-0.0137862050646034,0.0089447814196174,0.0051469485869903,-0.037210000000000625
2012-06-28,-0.0086421808480903,0.0,0.0139999999999997,0.3949999999999999,0.0011163966190448,0.0,6.0,0,0.0132789654246037,-0.0021120283457667,-0.0231536837062104,-0.037210000000000625
2012-06-29,0.0318323810928031,3.600000000000131e-05,-0.0690999999999997,0.4066666666666667,0.001115151667367,0.0,-11.0,1,-0.1432178908211719,0.0246147937349202,0.068116855656408,-0.03717400000000062
2012-07-02,0.0061991248334738,-3.600000000000131e-05,-0.032,0.4293548387096774,0.00299345223989,-0.0099999999999999,5.0,1,-0.0165293428974155,0.0024562921587068,-0.0047146414613658,-0.037210000000000625
2012-07-03,0.0196796517099056,0.0,-0.0005000000000001,0.4287096774193548,0.0007662850322667,0.0,-8.0,0,-0.0083682134163899,0.0062127715684242,0.033737206514788,-0.037210000000000625
2012-07-04,0.0053103640889506,0.0,0.0312999999999998,0.4280645161290322,0.0007656982890988,0.0,0.0,1,-0.0083682134163899,0.0062127715684242,0.033737206514788,-0.037210000000000625
2012-07-05,0.0053710024542787,0.0,0.0091000000000001,0.4274193548387097,0.0007651124437817,0.0,0.0,0,0.0491902533497088,-0.0046980415663211,0.000198596120815,-0.037210000000000625
2012-07-06,-0.0176254641036521,0.0,0.0066999999999999,0.4267741935483871,0.0007645274942529,-0.01,3.0,0,-0.0231223951126832,-0.0094774186555819,-0.0252413673737748,-0.037210000000000625
2012-07-10,-0.0309465575220642,0.0,-0.0026999999999999,0.4241935483870968,0.0030522783258053,0.0,3.0,0,0.0403324307857935,-0.0081591217895906,-0.0237037520260678,-0.037210000000000625
2012-07-11,-0.0025541845626779,0.0,-0.0021999999999997,0.4235483870967741,0.0007616161118235,0.0,-3.0,0,-0.0420022769317862,-1.4923688990578574e-05,0.0228062567125585,-0.037210000000000625
2012-07-12,-0.002766615466891,-0.0018359999999999,0.0160999999999997,0.4229032258064516,0.0007610364941417,0.0,-2.0,0,0.0209489002514911,-0.004999574352459,0.0083457645380434,-0.039046000000000525
2012-07-13,0.0168910393439354,0.0,-0.0133,0.422258064516129,0.0007604577580071,0.0,-3.0,0,-0.0907380063007897,0.0163627592475732,0.0130733844394469,-0.039046000000000525
2012-07-16,-0.0172467679829058,0.0,0.0041999999999999,0.4203225806451612,0.0022779096426042,0.0,-3.0,0,0.0218620721877353,-0.0023169958916205,0.0111678898063696,-0.039046000000000525
2012-07-17,0.0094492414089746,0.0,-0.0030999999999998,0.4196774193548387,0.0007581515888652,0.0,-5.0,0,-0.037515626871911,0.0073823558099117,0.0043362818284345,-0.039046000000000525
2012-07-18,0.0124250391010836,0.0,-0.0091000000000001,0.4190322580645161,0.0007575772304573,0.0,4.0,0,-0.019608453053774,0.006658275330085,0.0110921355444738,-0.039046000000000525
2012-07-19,0.0138999781853623,0.0,-0.0019,0.4183870967741935,0.0007570037416311,0.0,-2.0,0,-0.0449300526521735,0.0027134152485113,0.0247946520984914,-0.039046000000000525
2012-07-20,-0.0210338038760244,0.0,-0.0011999999999998,0.4177419354838709,0.0007564311204166,0.0,1.0,0,0.0517139583679341,-0.010112620534169,-0.0090388836866499,-0.039046000000000525
2012-07-23,-0.0216554359608469,0.0,0.0184999999999999,0.4158064516129032,0.0022658662805756,0.01,7.0,0,0.1349133675541411,-0.0089489790037072,-0.0339887029583054,-0.039046000000000525
2012-07-24,-0.0074759274307343,0.0,0.0005999999999999,0.4151612903225806,0.0007541492723923,0.0,6.0,0,0.094724049208675,-0.0090820501924241,0.0015482491236579,-0.039046000000000525
2012-07-25,-0.0005890904424177,0.0,-0.0015,0.414516129032258,0.0007535809598309,0.0,-1.0,0,-0.0567848682143012,-0.0003139107221179,0.0092397106389284,-0.039046000000000525
2012-07-26,0.0261714011429639,0.0,-0.0147999999999997,0.4138709677419354,0.0007530135031661,0.0,-3.0,0,-0.0982617598120243,0.0164056628649511,0.0083954403184619,-0.039046000000000525
2012-07-27,0.0461386509762071,0.0,-0.0081999999999999,0.4132258064516129,0.0007524469004636,0.0,-17.0,0,-0.0485049729951748,0.0189008144904502,0.0114297665713145,-0.039046000000000525
2012-07-30,0.0120921732832499,0.0,0.0139999999999997,0.4112903225806451,0.0022539495959339,-0.01,-8.0,0,0.0766283101910197,-0.0004834764446106,-0.0025391867198567,-0.039046000000000525
2012-07-31,-0.0201880896732014,0.0,0.0186000000000001,0.4106451612903226,0.0007501889908336,0.01,1.0,0,0.0487109060437834,-0.0043261727662202,-0.0121259425251287,-0.039046000000000525
2012-08-01,-0.0084855503791079,0.0,-0.0066999999999999,0.41,0.0007496266291617,0.0199999999999999,-8.0,0,0.0015834671970587,-0.0029041929017454,0.0098635182167979,-0.039046000000000525
2012-08-02,-0.001853468585276,0.0,0.0042999999999997,0.4151612903225806,-0.0012395398205224,0.0,7.0,0,-0.0761385637097012,-0.007531963624136,-0.0005663887475202,-0.039046000000000525
2012-08-03,0.0307716586667528,0.0,-0.0161999999999999,0.4203225806451612,-0.0012410781865508,0.0,-8.0,0,-0.1163611277611186,0.0188612881853024,0.028302027350049,-0.039046000000000525
2012-08-06,0.0188586903927685,0.0,-0.0034,0.4358064516129032,-0.0037325030593677,0.0,-1.0,0,0.0196270602038073,0.0023265607240576,0.0055837995326026,-0.039046000000000525
2012-08-07,-0.0106659866508884,0.0,0.0001999999999999,0.4409677419354838,-0.0012472700258374,0.0,-4.0,0,0.0025046952592468,0.0050937627425929,0.0221177773964051,-0.039046000000000525
2012-08-08,0.0209989117607314,0.0,-0.0007999999999999,0.4461290322580645,-0.001248827651338,0.0,-5.0,0,-0.0428043681394467,0.0006206338074531,0.0012492139576678,-0.039046000000000525
2012-08-09,-0.002615757173082,0.0,-0.0090999999999996,0.4512903225806451,-0.0012503891721138,0.0,1.0,0,-0.0026143781296879,0.000413599995173,0.0095847541374429,-0.039046000000000525
2012-08-10,0.0081980167465349,0.0,-0.0007000000000001,0.4564516129032258,-0.0012519546027967,0.0,4.0,0,-0.0359798950294165,0.0021860506671047,-0.002387623494855,-0.039046000000000525
2012-08-13,-0.002668830339882,0.0,0.0091000000000001,0.4719354838709677,-0.0037652957125615,0.0,0.0,0,-0.0731690523214241,-0.0012526850781939,0.0057382769596677,-0.039046000000000525
2012-08-14,-0.0177469975263466,0.0,-0.0008000000000003,0.4770967741935483,-0.0012582557197831,0.0,-3.0,0,0.0806040720250789,-0.0001281546120199,0.0037780681091437,-0.039046000000000525
2012-08-15,0.0018233113624273,0.0,-0.0023999999999997,0.482258064516129,-0.0012598409220405,0.0,-3.0,0,-0.0149256680825267,0.001138991629449,0.0192814835033038,-0.039046000000000525
2012-08-16,0.0213720040041387,0.0,-0.0020000000000002,0.4874193548387096,-0.0012614301235398,0.0,3.0,0,-0.0235142335820898,0.0070754203875054,0.0055758370634132,-0.039046000000000525
2012-08-17,-0.006142027947984,0.0,-0.0031999999999996,0.4925806451612903,-0.0012630233394386,0.0,1.0,0,-0.0605808974054714,0.0018703837394767,-0.0276675419456708,-0.039046000000000525
2012-08-20,0.0033962775010554,0.0,0.0026999999999999,0.5080645161290323,-0.0037986696866045,0.01,1.0,0,0.0415058223903873,-2.1175053652821643e-05,-8.796566915628e-05,-0.039046000000000525
2012-08-21,-0.0061759403077648,0.0,-0.0036,0.5132258064516129,-0.0012694366527767,-0.01,-1.0,0,0.0688977625557258,-0.0035036668144446,0.008233404279793,-0.039046000000000525
2012-08-22,0.0078276631939004,0.0,0.0036999999999998,0.5183870967741935,-0.0012710501706667,0.0,2.0,0,0.0059740767501587,0.0002263776234567,0.0023524669430676,-0.039046000000000525
2012-08-23,-0.0147424484738856,0.0,0.0030999999999998,0.5235483870967741,-0.0012726677955061,0.0,3.0,0,0.0547288408487348,-0.0081049995977225,0.0008698545398794,-0.039046000000000525
2012-08-24,-0.0014708651679473,0.0,0.0014000000000002,0.5287096774193548,-0.0012742895429873,0.0,2.0,0,-0.0501068023405338,0.0064339883432622,-0.0124236576751784,-0.039046000000000525
2012-08-27,-0.0054060215580911,0.0,0.0038,0.5441935483870968,-0.0038326405775084,0.0,3.0,0,0.0742491286034538,-0.0004891344205224,-0.0117778134602492,-0.039046000000000525
2012-08-28,0.0050636496018565,0.0,0.0139999999999997,0.5493548387096774,-0.0012808180762,0.0,-4.0,0,0.008526202016725,-0.0008085090427962,0.002846467756992,-0.039046000000000525
2012-08-29,-0.0179145365338975,0.0,0.0076,0.554516129032258,-0.0012824606752381,0.0,0.0,0,0.0339823880673967,0.0008439929642994,-0.0003553741600949,-0.039046000000000525
2012-08-30,-0.0019716473126507,-0.0018439999999999,0.0003999999999999,0.5596774193548386,-0.0012841074928271,0.0,2.0,0,0.0441459168372183,-0.0078364297296733,0.0009769582832996,-0.040890000000000426
2012-08-31,-0.0034115693926626,0.0,-0.0141,0.5648387096774193,-0.0012857585452366,0.0,6.0,0,-0.0203973427543845,0.0050604697676451,0.0169003068183113,-0.040890000000000426
2012-09-03,0.0038481095569249,0.0,-0.0036999999999998,0.5713333333333332,0.0034576112172199,0.09,0.0,0,-0.0203973427543845,0.0050604697676451,0.0169003068183113,-0.040890000000000426
2012-09-04,-0.018447424422467,0.0,0.0057,0.572,0.002364095931485,0.0,-5.0,0,0.0287749187421707,-0.001166639322688,-0.0034098340329988,-0.040890000000000426
2012-09-05,0.0111408957941492,0.0,-0.0007000000000001,0.5726666666666667,0.0023585201609748,0.0,0.0,0,-0.013438039604457,-0.0010682316532888,-0.0095922237078948,-0.040890000000000426
2012-09-06,0.025299782357564,0.0,-0.0003999999999999,0.5733333333333333,0.002352970629742,0.0,-11.0,0,-0.1285510252707346,0.0202295366120068,0.0035307789889964,-0.040890000000000426
2012-09-10,0.0014221463095136,0.0,-0.0140000000000002,0.576,0.0093569055607662,0.0,0.0,0,0.124099042500396,-0.0061668056546528,0.0048895370666537,-0.040890000000000426
2012-09-11,0.017296976171826,0.0,-0.0043999999999999,0.5766666666666667,0.0023256101553066,0.0,-2.0,0,0.0079534930518938,0.0031300521014528,0.0051258004555522,-0.040890000000000426
2012-09-12,0.0083623596779087,0.0,0.0007000000000001,0.5773333333333333,0.0023202142390843,0.0,-6.0,0,-0.0378809436987817,0.0020905056025969,0.0048409288617351,-0.040890000000000426
2012-09-13,0.0334130196490338,0.0,0.0049999999999998,0.578,0.0023148433042834,0.0,0.0,0,-0.117387542749558,0.0161781721538442,0.0080735853726238,-0.040890000000000426
2012-09-14,0.00236976485807,0.0,-0.0114999999999998,0.5786666666666667,0.0023094971778228,0.0,-8.0,0,-0.117387542749558,0.0161781721538442,0.0080735853726238,-0.040890000000000426
2012-09-17,-0.0048260538665445,0.0,0.0173,0.5806666666666667,0.0068966602952205,0.0,4.0,0,-0.117387542749558,0.0161781721538442,0.0080735853726238,-0.040890000000000426
2012-09-18,-3.235984143934445e-05,0.0,-0.0038,0.5813333333333333,0.0022883573491547,0.0,2.0,0,-0.117387542749558,0.0161781721538442,0.0080735853726238,-0.040890000000000426
2012-09-19,-0.0024624170036986,0.0,-0.0038,0.582,0.002283132723333,0.0,1.0,0,-0.0213835793018641,0.0011848517443742,-0.0348777184090195,-0.040890000000000426
2012-09-20,0.000583752246186,0.0,0.0026999999999999,0.5826666666666667,0.0022779319002168,0.0,0.0,0,0.0135958861127951,-0.0005408799928213,0.0168640815221499,-0.040890000000000426
2012-09-21,-0.0059833685270458,0.0,-0.0022999999999999,0.5833333333333333,0.0022727547175094,0.0,-2.0,0,-0.0064171453749953,-7.532185571705149e-05,0.0125537833713173,-0.040890000000000426
2012-09-24,0.0095756635275261,0.0,0.0032999999999998,0.5853333333333333,0.0067874350568004,0.0,3.0,0,0.0120868930687739,-0.0022351500693799,-0.0145552507822461,-0.040890000000000426
2012-09-25,-0.0230218237053261,0.0,-0.0021999999999997,0.586,0.002252279196103,0.0,7.0,0,0.0865990890228946,-0.0105573894185677,0.0058113248592887,-0.040890000000000426
2012-09-26,-0.0003802312843887,0.0,0.0089999999999998,0.5866666666666667,0.0022472178319965,0.0,4.0,0,0.0856602294971409,-0.0057532532117409,-0.0037189578595814,-0.040890000000000426
2012-09-27,-0.0039430790497867,0.0,-0.0030000000000001,0.5873333333333333,0.0022421791648792,0.0,-2.0,0,-0.1246476676288535,0.0096027277082347,0.0177442277191071,-0.040890000000000426
2012-09-28,-0.0178205292060713,0.0,-0.0004999999999997,0.588,0.0022371630424196,0.0,0.0,0,0.0582434399474347,-0.0044878082367668,0.0033867880040869,-0.040890000000000426
2012-10-01,0.0066528241874372,0.0,-0.0046000000000003,0.59,0.0066816155825879,0.0799999999999999,-4.0,0,0.0368216428675924,0.0026479976679946,-0.0017810757812919,-0.040890000000000426
2012-10-02,-0.0058757839956342,0.0,0.0006000000000003,0.5903225806451613,-0.0003578714003698,0.0,-3.0,0,-0.0380938761407377,0.0008719067272658,-0.0055416904484234,-0.040890000000000426
2012-10-03,-0.0100977531542429,0.0,0.0,0.5906451612903225,-0.0003579995181581,0.0,-2.0,0,-0.0179837685425769,0.0036178572930336,-0.0309481471551698,-0.040890000000000426
2012-10-04,-0.0028867936518679,0.0,-0.0041999999999999,0.5909677419354838,-0.0003581277277149,0.0,-4.0,0,-0.0587226794267229,0.0071488217316973,0.0399600495857229,-0.040890000000000426
2012-10-05,0.0019482190217523,0.0,0.0021999999999997,0.5912903225806452,-0.0003582560291324,0.0,-7.0,0,-0.0152357702104178,-0.0003216410840751,-0.0049866994859405,-0.040890000000000426
2012-10-08,0.0126391761353463,0.0,0.0066999999999999,0.5922580645161291,-0.0010755388160337,0.0,0.0,0,0.0530015170470802,-0.0034627238474289,-0.0017869639450864,-0.040890000000000426
2012-10-09,-0.0063929320692555,0.0,0.0024000000000001,0.5925806451612903,-0.0003587701554241,0.0,3.0,0,0.0800936890865015,-0.0099401821351419,0.023684390124965,-0.040890000000000426
2012-10-10,-0.0082286762701855,0.0,0.0040999999999997,0.5929032258064516,-0.0003588989176446,0.0,4.0,0,-0.0048989638338371,-0.0062072555664811,-0.0014858034248933,-0.040890000000000426
2012-10-11,0.0120051094083493,-0.000925,-0.0008999999999996,0.5932258064516128,-0.0003590277723262,0.0,2.0,0,-0.0439217859585193,0.0001953704369845,0.0119980334065874,-0.04181500000000043
2012-10-15,0.0074096866579917,0.0,0.0012999999999996,0.594516129032258,-0.001437401488765,0.0,-4.0,0,-0.0554104758172048,0.0080454707526669,0.0102422584064954,-0.04181500000000043
2012-10-16,0.0023796368040542,0.0,-0.0030999999999998,0.5948387096774194,-0.0003596734360957,0.0,-5.0,0,-0.0032797792303757,0.0102175558171705,-0.0063239553093098,-0.04181500000000043
2012-10-17,0.0057247446278925,0.0,-0.0015,0.5951612903225806,-0.0003598028476226,0.0,-6.0,0,-0.0032797792303757,0.0102175558171705,-0.0063239553093098,-0.04181500000000043
2012-10-18,-0.0058921394624782,0.0,-0.0040999999999997,0.5954838709677419,-0.0003599323523104,0.0,-3.0,0,-0.0032797792303757,0.0102175558171705,-0.0063239553093098,-0.04181500000000043
2012-10-19,-0.0136868371750953,0.0,-0.0022999999999999,0.5958064516129032,-0.0003600619502552,0.0,8.0,0,-0.0032797792303757,0.0102175558171705,-0.0063239553093098,-0.04181500000000043
2012-10-22,-0.0037748085155797,0.0,-0.0005999999999999,0.5967741935483871,-0.0010809643725533,0.0,0.0,0,-0.0261296708361738,0.0004394856785508,-0.0063758021103265,-0.04181500000000043
2012-10-23,-0.0173558785652527,0.0,0.0019999999999997,0.5970967741935483,-0.0003605812766522,0.0,1.0,0,0.1248444986946461,-0.014549234970738,-0.0109331092998119,-0.04181500000000043
2012-10-24,-0.0092120006085885,0.0,-0.0022999999999999,0.5974193548387097,-0.0003607113424113,0.0,-1.0,0,-0.026912280927969,-0.0030901524835878,-0.0037020081955925,-0.04181500000000043
2012-10-25,0.0117568616252317,0.0,-0.0001999999999999,0.5977419354838709,-0.000360841502033,0.0,-1.0,0,-0.0115227107592277,0.0029910649483947,0.0059166244567776,-0.04181500000000043
2012-10-26,-0.00972956230631,0.0,0.0001999999999999,0.5980645161290322,-0.0003609717556276,0.0,10.0,0,-0.0172562796149619,-0.0007292475686444,0.009723110754905,-0.04181500000000043
2012-10-29,-0.0017474273585165,0.0,0.0032999999999998,0.5990322580645161,-0.0010836977296371,0.0,3.0,0,-0.0172562796149619,-0.0007292475686444,0.009723110754905,-0.04181500000000043
2012-10-30,0.0088281190792081,0.0,0.0027000000000003,0.5993548387096774,-0.0003614937117095,0.0,0.0,0,-0.0172562796149619,-0.0007292475686444,0.009723110754905,-0.04181500000000043
2012-10-31,-0.0107362994472559,0.0,-0.0010000000000003,0.5996774193548386,-0.0003616244366728,0.0,1.0,0,0.0434015339131011,0.0001558675512805,-0.0077893278465747,-0.04181500000000043
2012-11-01,0.0227812123145696,0.0,-9.999999999976694e-05,0.6,-0.0003617552562147,0.06,-6.0,0,-0.1083518315558783,0.0108672126009859,-0.0048877193374812,-0.04181500000000043
2012-11-05,-0.0029675902834931,0.0,0.0038,0.6253333333333333,-0.0040455693374727,0.0,-5.0,0,0.0461064675449067,0.0021614713450575,0.0192124649649162,-0.04181500000000043
2012-11-06,0.0212298381159552,0.0,-0.0009000000000001,0.6316666666666666,-0.0010139548033905,0.0,-4.0,0,-0.0466751470518527,0.0078225091227271,0.0305325023647093,-0.04181500000000043
2012-11-07,-0.0159696890866953,0.0,-0.0011000000000001,0.638,-0.0010149839513307,0.0,4.0,0,0.0818787741042898,-0.0239904841792047,-0.0390154583767219,-0.04181500000000043
2012-11-08,-0.0171150582887698,0.0,0.0026999999999999,0.6443333333333333,-0.0010160151905314,0.0,5.0,0,-0.0314106290011548,-0.0122799333135091,0.0040173857534182,-0.04181500000000043
2012-11-09,-0.0028899238441422,0.0,0.0155000000000002,0.6506666666666666,-0.001017048527375,0.0,2.0,0,0.006469070430775,0.0016972512798215,0.0198483461274591,-0.04181500000000043
2012-11-12,-0.0051388832042551,0.0,-0.0036,0.6696666666666666,-0.0030573666758453,0.0,0.0,0,-0.1094886882246155,0.0001304793765485,-0.0030210287929149,-0.04181500000000043
2012-11-13,0.0073679949210543,0.0,0.0137999999999998,0.6759999999999999,-0.0010212029796807,0.0,6.0,0,-0.0018002217111527,-0.0039933834747453,-0.0074541140414311,-0.04181500000000043
2012-11-14,-0.0212199761098119,0.0,0.0015,0.6823333333333333,-0.0010222469013534,0.0,4.0,0,0.0735072182889011,-0.0139488704443276,0.0123928556947855,-0.04181500000000043
2012-11-16,-0.0157057696023361,0.0,0.0083000000000001,0.6950000000000001,-0.0020476341201938,0.0,1.0,0,0.0735072182889011,-0.0139488704443276,0.0123928556947855,-0.04181500000000043
2012-11-19,0.0187573110459737,0.0,0.0032999999999998,0.714,-0.0030793342186683,0.0,-3.0,0,0.0735072182889011,-0.0139488704443276,0.0123928556947855,-0.04181500000000043
2012-11-21,-0.0037091964828483,0.0,0.0179,0.7266666666666667,-0.0020581700720541,0.0,-8.0,0,0.0151368795570765,0.0023174936609716,0.0093344170252938,-0.04181500000000043
2012-11-22,0.0034611630324956,0.0,-0.0011999999999998,0.733,-0.0010306757427684,0.0,0.0,0,0.0151368795570765,0.0023174936609716,0.0093344170252938,-0.04181500000000043
2012-11-23,0.0199461051260598,0.0,0.0072999999999998,0.7393333333333334,-0.0010317391313581,0.0,0.0,0,-0.0111659663917679,0.0129422020689683,0.0046796040046947,-0.04181500000000043
2012-11-26,-0.01464452167634,0.0,-0.0198,0.7583333333333333,-0.0031016197251645,0.0,1.0,0,0.0234997532393626,-0.0020316442693263,-0.0041385492622687,-0.04181500000000043
2012-11-27,-0.0086560703331244,0.0,-0.0034999999999998,0.7646666666666667,-0.0010360147194443,0.0,-1.0,0,0.0267361612833692,-0.0052402936852277,-0.0095113305284309,-0.04181500000000043
2012-11-28,0.0051601806186134,0.0,0.016,0.771,-0.0010370891591762,0.0,1.0,0,-0.0260911932630734,0.0078253307601252,-0.0032819849164203,-0.04181500000000043
2012-11-29,0.0229746450337255,0.0,0.0078999999999997,0.7773333333333333,-0.0010381658298008,0.0,-3.0,0,-0.0294427417107549,0.0042605535668818,0.011349828794942,-0.04181500000000043
2012-11-30,-0.0065552398999528,0.0,0.0083000000000001,0.7836666666666667,-0.0010392447382727,0.0,1.0,0,0.0523882770924278,0.0001624943340681,0.004234442194265,-0.04181500000000043
2012-12-03,0.0125696477588768,0.0,0.0046999999999997,0.7945161290322581,-0.0017894330106855,0.0,2.0,0,0.0473788713861107,-0.00475651916626,-0.0027909555443556,-0.04181500000000043
2012-12-04,-0.0110397182196813,0.0,-0.0043999999999999,0.7967741935483871,-0.000374764100254,0.0,1.0,0,0.0284380210209568,-0.0017112757910542,-0.0097844761203748,-0.04181500000000043
2012-12-05,0.0020131556060647,0.0,-0.0030999999999998,0.7990322580645162,-0.0003749046010401,0.0,0.0,0,-0.0393142801066604,0.0015836076545869,-0.0094215085937295,-0.04181500000000043
2012-12-06,-0.0003988381723658,0.0,-0.0209999999999999,0.8012903225806451,-0.0003750452072157,0.0,2.0,0,0.007264005478007,0.0033011358587093,-0.0164940619345455,-0.04181500000000043
2012-12-07,0.0143101896984312,0.0,-0.0032,0.8035483870967742,-0.000375185918898,0.0,-4.0,0,-0.0418780598712051,0.0029166619993504,-9.345607523147366e-05,-0.04181500000000043
2012-12-10,0.0129275168506861,0.0,0.0005999999999999,0.8103225806451613,-0.0011264030836404,0.0,1.0,0,0.0093897168064764,0.0003385032499758,0.0028925160376685,-0.04181500000000043
2012-12-11,0.006309381497731,-3.699999999999884e-05,-0.0066999999999999,0.8125806451612904,-0.0003757498230747,0.0,-2.0,0,-0.0303628357951913,0.0065275313152929,0.0063156176549846,-0.04185200000000043
2012-12-12,-0.002502163408625,0.0,0.0057999999999998,0.8148387096774193,-0.0003758910640776,0.0,-5.0,0,0.0241128510268909,0.0004481393339567,0.0137007140480925,-0.04185200000000043
2012-12-13,-0.0026432994320053,0.0,-0.0049999999999998,0.8170967741935484,-0.0003760324113031,0.0,-1.0,0,0.0375312994347022,-0.0063414899770083,-0.014626968944213,-0.04185200000000043
2012-12-14,0.0048435203416072,-3.700000000000231e-05,0.0089000000000001,0.8193548387096774,-0.0003761738648702,0.0,-1.0,0,0.0262232273489591,-0.0041439756794915,0.0114255166632614,-0.04188900000000043
2012-12-17,-0.0006377337174487,0.0,0.0061999999999997,0.8261290322580646,-0.0011293713812356,0.0,-6.0,0,0.0262232273489591,-0.0041439756794915,0.0114255166632614,-0.04188900000000043
2012-12-18,0.0148967996230791,-3.699999999999884e-05,0.0064000000000001,0.8283870967741935,-0.000376740744965,0.0,-2.0,0,0.0262232273489591,-0.0041439756794915,0.0114255166632614,-0.041926000000000435
2012-12-19,0.008842547674968,0.0,-0.0175,0.8306451612903226,-0.0003768827320485,0.0,-1.0,0,0.0262232273489591,-0.0041439756794915,0.0114255166632614,-0.041926000000000435
2012-12-20,0.0045471723998868,0.0,-0.0165999999999999,0.8329032258064516,-0.0003770248261965,0.0,1.0,0,0.017699546258612,0.0054731046935686,-0.0014508858537242,-0.041926000000000435
2012-12-21,-0.0043996374625265,0.0,0.0133,0.8351612903225807,-0.0003771670275298,0.0,5.0,0,0.0095748450556805,-0.0094229444501447,-0.0112242428349224,-0.041926000000000435
2012-12-26,-0.0007707003095323,0.0004819999999999,-0.0188999999999999,0.8464516129032258,-0.0018879719177036,0.0,-1.0,0,0.0879451390102308,-0.0047989567899257,0.0206492679603435,-0.041444000000000536
2012-12-27,-0.0089639408553559,3.700000000000231e-05,-0.0086000000000003,0.8487096774193549,-0.0003780224932619,0.0,4.0,0,-0.000513490597966,-0.0012191849162664,-0.0024338285753063,-0.041407000000000534
2012-12-28,0.0088326986476729,7.399999999999768e-05,-0.0047999999999999,0.8509677419354839,-0.0003781654483088,0.01,2.0,0,0.1543707795136159,-0.0111114456749614,-0.0016258724606095,-0.041333000000000536
2013-01-02,0.0258795677422121,-0.0005929999999999,-0.0019999999999997,0.8516129032258064,-0.002367077693254,0.0499999999999999,-12.0,0,-0.2049962336083707,0.0250861159586972,0.0121658231803826,-0.041926000000000435
2013-01-03,0.0121086477301481,0.0,0.0049000000000001,0.8432258064516129,-0.0008537123876664,0.0,1.0,0,-0.0082079723865425,-0.0020877954235245,-0.0029384450167566,-0.041926000000000435
2013-01-04,-0.0125403955961065,0.0,-0.0039000000000002,0.8348387096774194,-0.0008544418352904,0.01,0.0,0,-0.0514379314282551,0.004853299978981,-0.0074290056810236,-0.041926000000000435
2013-01-07,-0.0094813334811423,0.0,-0.0112999999999998,0.8096774193548387,-0.0025677146837157,0.0,5.0,0,-0.00289645112118,-0.0031280032591226,0.000808261618742,-0.041926000000000435
2013-01-08,-0.0130831292205542,0.0,-0.0026000000000001,0.8012903225806451,-0.0008573721339466,0.0,4.0,0,-0.0124043967199831,-0.0032476391807331,0.0048356940826865,-0.041926000000000435
2013-01-09,0.0073508769805847,0.0,0.0131000000000001,0.7929032258064516,-0.0008581078517533,0.0,2.0,0,0.0138537054872398,0.0026523453586816,-0.0016093012100152,-0.041926000000000435
2013-01-10,0.001606399981977,0.0,-0.0059,0.7845161290322581,-0.000858844833294,0.0,-2.0,0,-0.0234443445533031,0.0075687001092108,0.0011625063015527,-0.041926000000000435
2013-01-11,-0.0029389101729666,0.0,-0.0017,0.7761290322580645,-0.0008595830818265,0.0,1.0,0,-0.0096835108421978,-4.751511497752233e-05,-0.0112345585247561,-0.041926000000000435
2013-01-14,0.0094515908577879,0.0,-0.0007000000000001,0.7509677419354839,-0.0025831914557432,0.0,-4.0,0,0.0119049620623887,-0.0009311049049197,0.0111451619444534,-0.041926000000000435
2013-01-15,-0.0057023472693309,0.0,0.004,0.7425806451612903,-0.0008625488114741,0.0,4.0,0,0.0022164569290063,0.0011280332953043,-0.0142228898571503,-0.041926000000000435
2013-01-16,0.0009553496253484,0.0,0.0035000000000002,0.7341935483870967,-0.0008632934442527,0.0,1.0,0,-0.009640424173455,0.0001969725099562,0.0028065525049615,-0.041926000000000435
2013-01-17,0.0065655457211022,0.0,0.0001999999999999,0.7258064516129032,-0.0008640393638188,0.01,-2.0,0,0.0111153141291453,0.0056270605413545,0.0,-0.041926000000000435
2013-01-18,-0.0038340763842565,0.0,0.0029999999999996,0.7174193548387097,-0.0008647865735049,0.0,1.0,0,-0.0853379349369118,0.003397492378151,0.0,-0.041926000000000435
2013-01-21,-0.0009042759949622,0.0,-0.0020999999999999,0.692258064516129,-0.0025988559301843,0.0,0.0,0,-0.0853379349369118,0.003397492378151,0.0,-0.041926000000000435
2013-01-22,-0.0033659168291819,0.0,0.0051000000000001,0.6838709677419355,-0.0008677883806544,0.0,1.0,0,-0.0024105863466912,0.0044183316277115,0.0162313348540916,-0.041926000000000435
2013-01-23,0.0044315846677509,0.0,-0.0076999999999998,0.675483870967742,-0.0008685420914371,0.0,1.0,0,0.0024105863466912,0.0015063419242931,0.0033745248322438,-0.041926000000000435
2013-01-24,-0.0129289742746454,0.0,-0.0049999999999998,0.6670967741935484,-0.0008692971126151,0.0,2.0,0,0.018290732238712,6.61466154430249e-06,0.0042462530508799,-0.041926000000000435
2013-01-28,-0.0188624122520089,0.0,-0.0103000000000004,0.6335483870967742,-0.0034847649901745,0.0,-3.0,0,0.051409607771864,-0.0018513342747921,0.0017640203529416,-0.041926000000000435
2013-01-29,0.0062939767529819,0.0,-0.0328999999999997,0.6251612903225806,-0.000873091994606,0.0,2.0,1,-0.0193457874243302,0.005093003781205,0.0077247332688478,-0.041926000000000435
2013-01-30,-0.0178553802880649,0.0,-0.0012,0.616774193548387,-0.0008738549504148,0.0,3.0,0,0.0731414762878979,-0.0039072446717517,0.0047108253435519,-0.041926000000000435
2013-01-31,0.0071202168182455,0.0,-0.0017,0.6083870967741936,-0.0008746192408182,0.0,2.0,0,-0.0027972020093996,-0.002566591958392,0.0056411649963318,-0.041926000000000435
2013-02-01,0.0098242431289179,0.0,-0.004,0.6,-0.0008753848693174,-0.0499999999999999,-4.0,0,-0.1016326564156123,0.0100025132240096,0.0104172011507222,-0.041926000000000435
2013-02-04,-0.0129247090062012,0.0,0.0050000000000001,0.5860714285714286,0.0097874923707923,0.0,4.0,0,0.1285773155592389,-0.0116058327096515,-0.0099846212431914,-0.041926000000000435
2013-02-05,-0.0022012930978352,0.0,-0.0012,0.5814285714285714,0.0032413248102116,0.0,-2.0,0,-0.0669499555950881,0.0103626322220596,0.0079269602426662,-0.041926000000000435
2013-02-06,-0.0083449249425946,0.0,0.0002999999999999,0.5767857142857142,0.0032308525585147,0.0,3.0,0,-0.0228539558455575,0.0005490198591339,0.0018007011413778,-0.041926000000000435
2013-02-07,-0.0098702675624142,0.0,-0.0094999999999998,0.5721428571428571,0.0032204477576165,0.0,0.0,0,0.0066889995294611,-0.0018070310558567,0.0043594931990113,-0.041926000000000435
2013-02-08,0.0021562428136991,0.0,-0.0153,0.5675,0.0032101097579388,0.0,-1.0,0,-0.036203013505461,0.0056419945850431,0.0140597189083442,-0.041926000000000435
2013-02-13,-0.0015739413363551,0.0,0.0034,0.5442857142857143,0.0158977724035462,0.0,-1.0,0,0.0265432601287751,0.0005920877747906,0.0005054980085703,-0.041926000000000435
2013-02-14,-0.0056489079929225,0.0,-0.0004000000000001,0.5396428571428571,0.0031494492404,0.0099999999999998,2.0,0,-0.0249622713458223,0.0006904332650536,-0.0011799359805379,-0.041926000000000435
2013-02-15,-0.0030005195817413,0.0,-0.0065999999999999,0.5349999999999999,0.0031395613431648,0.0,2.0,0,-0.0159238882424122,-0.0010456277960136,0.0,-0.041926000000000435
2013-02-18,-0.0050036029839954,0.0,0.0076,0.5210714285714285,0.0093599726877577,0.0,0.0,0,-0.0159238882424122,-0.0010456277960136,0.0,-0.041926000000000435
2013-02-19,-0.0052206717490079,0.0,-0.0079,0.5164285714285715,0.0031006229280379,0.0,0.0,0,-0.0121115421370348,0.0073096944413612,-0.0089793504198992,-0.041926000000000435
2013-02-20,-0.0200197007903693,0.0,-0.0026999999999999,0.5117857142857143,0.0030910387746878,0.0,11.0,0,0.1760740696910832,-0.0124817114300058,-0.0164725602622034,-0.041926000000000435
2013-02-21,-0.0004094967698069,0.0,0.0149999999999999,0.5071428571428571,0.00308151368883,0.0,2.0,0,0.036124326003229,-0.0063230054656653,-0.0180688346144419,-0.041926000000000435
2013-02-22,0.0096055748660095,0.0,-0.0015,0.5025,0.0030720471260909,0.0,0.0,0,-0.0714833108913622,0.0087342133867744,0.0050081350706673,-0.041926000000000435
2013-02-25,-0.0013943434284833,0.0,-0.0028999999999999,0.4885714285714285,0.0091599192067111,0.0,2.0,0,0.2927854536846613,-0.0184792755847743,0.0029754460205556,-0.041926000000000435
2013-02-26,0.0058291746239884,0.0002589999999999,0.0141999999999999,0.4839285714285714,0.0030347554500842,0.0,3.0,0,-0.1183755664664733,0.0060908768625673,-0.0152325493842847,-0.04166700000000054
2013-02-27,0.0056906380860048,7.500000000000215e-05,-0.0011000000000001,0.4792857142857142,0.003025573567184,0.0,-3.0,0,-0.1356507469073901,0.0126456991190195,-0.007480632720739,-0.04159200000000053
2013-02-28,0.0026155658427313,0.0,-0.0052999999999998,0.4746428571428571,0.0030164470776981,0.0,5.0,0,0.0515987925479217,-0.0008644534614572,-0.0043897539084299,-0.04159200000000053
2013-03-01,-0.0094482278948007,-0.000223,0.0093999999999998,0.47,0.0030073754818573,-0.1099999999999999,4.0,0,-0.0097182865777127,0.0023211594495267,-0.0088376058375984,-0.04181500000000053
2013-03-04,-0.0067911676297303,-7.400000000000115e-05,-0.0020999999999999,0.4777419354838709,0.00264099847276,0.0,-4.0,0,-0.0919953286818353,0.0046001265483496,-0.0028119678467374,-0.04188900000000054
2013-03-05,-0.0097466311815246,0.0,-0.0133999999999998,0.4803225806451612,0.0008787851233424,0.0,-7.0,0,-0.0385643051605177,0.0095205518724999,0.0137124773186092,-0.04188900000000054
2013-03-06,0.0349316846420091,7.400000000000115e-05,-0.002,0.4829032258064516,0.0008780135380597,0.0,-4.0,0,0.0037023509212115,0.0010839250554146,-0.004940083305541,-0.04181500000000053
2013-03-07,0.015532863005383,-7.400000000000115e-05,-0.0031000000000001,0.4854838709677419,0.00087724330651,0.0,-1.0,0,-0.0353552664684423,0.0018148436172064,0.0008100803076181,-0.04188900000000054
2013-03-08,-0.0070600566103387,3.700000000000231e-05,-0.0113999999999998,0.4880645161290322,0.0008764744251372,0.0099999999999999,1.0,0,-0.0366512958021755,0.0044711287129549,-0.0027027318412489,-0.041852000000000535
2013-03-11,0.0019148905644392,0.0,0.0023999999999999,0.4958064516129032,0.0026248234358163,-0.0099999999999999,3.0,0,-0.0853519606327714,0.0032438188658736,-0.0056995427668217,-0.041852000000000535
2013-03-12,-0.0057557073434431,3.699999999999884e-05,0.0032999999999998,0.4983870967741935,0.0008734123306606,0.0099999999999999,-1.0,0,0.0596063964871189,-0.0024061453968019,-0.0051848907504386,-0.04181500000000053
2013-03-13,-0.0142396108197857,3.699999999999884e-05,0.0034,0.5009677419354839,0.0008726501472136,0.0,8.0,0,-0.036518624489269,0.0013131891571707,-0.0103590319228489,-0.04177800000000054
2013-03-14,-0.0018313905369016,3.700000000000231e-05,0.0057,0.5035483870967742,0.0008718892928456,0.0,-3.0,0,-0.0458359289436168,0.0055873521589719,0.0082592150445408,-0.041741000000000535
2013-03-15,-0.007218603399874,0.0,0.0073,0.5061290322580645,0.0008711297640839,-0.0099999999999999,5.0,0,0.0,-0.0016197737499887,-0.0003656390933261,-0.041741000000000535
2013-03-18,0.0018270941995339,0.0,0.0121999999999999,0.5138709677419355,0.0026088453238894,0.0,0.0,0,0.0,-0.0016197737499887,-0.0003656390933261,-0.041741000000000535
2013-03-19,-0.0108000414469469,0.0,-0.0040999999999999,0.5164516129032258,0.0008681048360497,0.0,9.0,0,0.0,-0.0016197737499887,-0.0003656390933261,-0.041741000000000535
2013-03-20,-0.0058901683760783,0.0,0.0037999999999998,0.5190322580645161,0.0008673518836364,0.0,-1.0,0,-0.1272965444030332,0.0066751638158179,0.0117501863839775,-0.041741000000000535
2013-03-21,-0.0081178149700544,0.0,0.0063000000000001,0.5216129032258064,0.0008666002362431,0.0099999999999999,2.0,0,0.0991057719623317,-0.008316923756005,-0.0115640308592323,-0.041741000000000535
2013-03-22,-0.0060278110685771,0.0,0.0194999999999998,0.5241935483870968,0.0008658498904754,0.0,5.0,0,-0.0304813209592273,0.0071486438032998,0.0017663969367069,-0.041741000000000535
2013-03-25,-0.0067202112766615,0.0,0.0013999999999998,0.5319354838709678,0.0025930605625053,0.0,-3.0,0,0.0124498187783627,-0.0033456293009472,0.0047258995663166,-0.041741000000000535
2013-03-26,0.0144379407684116,0.0,-0.0052999999999996,0.5345161290322581,0.0008628614562997,0.0,0.0,0,-0.0732125642448864,0.0077549631946349,0.0109411512821835,-0.041741000000000535
2013-03-27,0.0064992843253239,0.0,0.0097999999999998,0.5370967741935484,0.0008621175682321,0.0,0.0,0,0.0293230237234183,-0.0005885230525645,0.0030130296837532,-0.041741000000000535
2013-03-28,0.0056590829581608,0.0,-0.0047000000000001,0.5396774193548387,0.0008613749617012,0.0,-2.0,0,-0.0348197511686162,0.0040484633961911,0.003003909254711,-0.041741000000000535
2013-04-01,-0.0080175746174528,0.0,0.0048000000000003,0.55,0.0034380992965648,0.03,2.0,0,0.0669961380663868,-0.004483616865356,0.0095885419874254,-0.041741000000000535
2013-04-02,-0.0182871935551904,0.0,-0.0007000000000001,0.544,-0.0003872422637449,0.0,-3.0,0,-0.0607166884573236,0.0051589338988534,-0.0035171554689245,-0.041741000000000535
2013-04-03,0.012204547967622,0.0,0.0059999999999997,0.538,-0.0003873922784087,0.0,-3.0,0,0.1060645167384096,-0.0106021332188411,-0.0328771739788814,-0.041741000000000535
2013-04-04,-0.0166048946792258,0.0,-0.0038,0.532,-0.0003875424093475,0.0,-4.0,0,-0.0227767633100122,0.0040402790127371,-0.0072148758364494,-0.041741000000000535
2013-04-05,0.0073474108784221,0.0,-0.0165999999999999,0.526,-0.0003876926566963,0.0,0.0,0,0.0021574789036475,-0.0043041451689076,-0.0210973671330812,-0.041741000000000535
2013-04-08,0.0007444867471146,0.0,-0.0132999999999998,0.508,-0.0011639806203014,0.0,-3.0,0,-0.0538677254711825,0.0062829587652709,0.0051729294292262,-0.041741000000000535
2013-04-09,0.014774511119743,0.0,-0.0040999999999999,0.502,-0.0003882948128932,0.0,-4.0,0,-0.0268936247703707,0.0035380658065774,0.0148895504579429,-0.041741000000000535
2013-04-10,0.0049063872409984,0.0,-0.0050999999999998,0.496,-0.0003884456443259,0.0,-5.0,0,-0.0380998858929846,0.0121154433295488,-0.0041505807396603,-0.041741000000000535
2013-04-11,-0.0140877692839822,0.0,-0.0074,0.49,-0.0003885965929786,0.01,-4.0,0,-0.009756165867939,0.0035459561795765,-0.0144723490460029,-0.041741000000000535
2013-04-12,-0.0079374125546269,0.0,0.0024999999999999,0.484,-0.0003887476589987,0.0,3.0,0,-0.0148150322915568,-0.0028407983185492,-0.011187271157602,-0.041741000000000535
2013-04-15,-0.0373121595298027,0.0,0.0029000000000001,0.466,-0.001167150548774,-0.01,6.0,0,0.3590766925717528,-0.0232341245503643,-0.0267337908256429,-0.041741000000000535
2013-04-16,0.0194692939597604,0.0,0.0112999999999998,0.46,-0.000389353099429,0.0,-2.0,0,-0.2127748185980618,0.0142058408280644,-0.0002988670437875,-0.041741000000000535
2013-04-17,-0.0207543496963573,0.0,0.0036,0.454,-0.0003895047543149,0.01,1.0,0,0.1677701717284433,-0.0144313136859845,0.0,-0.041741000000000535
2013-04-18,0.0053560779824017,0.0009249999999999,0.0213,0.448,-0.0003896565273873,0.0,5.0,0,0.0616572859984052,-0.0067235559695443,-0.0123316352419077,-0.040816000000000636
2013-04-19,0.0142492723288363,0.0,-0.0062999999999999,0.442,-0.0003898084187827,0.0,-2.0,0,-0.1595753415245335,0.0088089890510547,0.0052319696332503,-0.040816000000000636
2013-04-22,0.0068190272269799,-3.699999999999884e-05,0.0064999999999999,0.424,-0.0011703377900555,0.0,-2.0,0,-0.0395146715114302,0.0046507982154273,0.0073985326524447,-0.04085300000000064
2013-04-23,0.010752693290243,0.0,0.0015999999999998,0.418,-0.0003904171703901,0.0,0.0,0,-0.0653264732322714,0.0103653128055527,-0.0007972280668501,-0.04085300000000064
2013-04-24,0.0018021466800242,0.0,0.0074,0.412,-0.000390569655492,0.0,2.0,0,0.0095977199121716,6.340170072840042e-06,0.0140569112473382,-0.04085300000000064
2013-04-25,-0.0003820022420857,0.0,-0.0125000000000001,0.406,-0.0003907222597518,0.0,-2.0,0,0.0007345008813468,0.0040266145649913,0.0163794268062576,-0.04085300000000064
2013-04-26,-0.0130203734767491,0.0,-0.0117999999999995,0.4,-0.0003908749833119,0.0,1.0,0,-0.0007345008813467,-0.0018438118015177,-0.0024204880979179,-0.04085300000000064
2013-04-29,0.0116366682036304,0.0,-0.0002000000000002,0.382,-0.0011735424863701,0.0,-2.0,0,0.0073207049190401,0.0071603153694074,0.0062810651746692,-0.04085300000000064
2013-04-30,0.0184667287344542,0.0,0.0018,0.376,-0.0003914870733314,0.0,-2.0,0,-0.0139553918835653,0.0024818174185819,-0.0139685539254984,-0.04085300000000064
2013-05-02,-0.0105725956055611,0.0,0.0078,0.3664516129032258,-0.0008721234821038,-0.09,-2.0,0,-0.064124501145737,0.0093640038103207,0.028601570849438,-0.04085300000000064
2013-05-03,0.0029961217250846,0.0,-0.0001999999999999,0.3629032258064516,-0.0004807140615987,0.0,-4.0,0,-0.0559903983634175,0.0104795639481703,0.0129445775933411,-0.04085300000000064
2013-05-06,-0.0010458177263625,0.0,0.0049999999999998,0.352258064516129,-0.0014435302580118,0.0,-3.0,0,-0.0148964363643143,0.0019059611284839,0.0121155465647045,-0.04085300000000064
2013-05-07,0.0151294233610812,0.0,-0.0032999999999998,0.3487096774193548,-0.0004816401864573,0.0,-1.0,0,0.0133387680177436,0.0052166391598378,-0.0101020353568113,-0.04085300000000064
2013-05-08,-0.0083869156851168,0.0,-0.008,0.3451612903225806,-0.0004818722755146,0.0,3.0,0,-0.0133387680177436,0.0041305388666965,-0.0005749275678377,-0.04085300000000064
2013-05-09,-0.0064178264919956,0.0,0.0020999999999999,0.3416129032258064,-0.0004821045883556,0.0,-3.0,0,0.0364522923674183,-0.0036939180287733,0.0012451980377417,-0.04085300000000064
2013-05-10,-0.0061507484333311,0.0,0.0179999999999997,0.3380645161290322,-0.0004823371252999,0.0,0.0,0,-0.0419968368546678,0.0043123437715848,-0.0053747854264969,-0.04085300000000064
2013-05-13,-0.0120487784238019,0.0,-0.0080999999999997,0.3274193548387096,-0.0014484088435064,0.0,4.0,0,-0.0031821794002347,4.288844886953105e-05,-0.0105452914483437,-0.04085300000000064
2013-05-14,0.0040141189399243,0.0,-0.0087000000000001,0.3238709677419354,-0.0004832695206449,0.0,-3.0,0,0.0173780251154602,0.0100910669691502,-0.0021419657947451,-0.04085300000000064
2013-05-15,0.0049086346199018,0.0,0.0169999999999999,0.3203225806451613,-0.0004835031829983,0.0,6.0,0,0.0031274427743554,0.0051011034902108,0.0104713176828488,-0.04085300000000064
2013-05-16,-0.0029714995112204,0.0,0.0020999999999999,0.3167741935483871,-0.0004837370714181,0.0,9.0,0,0.0200933556211917,-0.0050223319854107,0.0011567645847483,-0.04085300000000064
2013-05-17,0.0071131948049352,0.0,0.0100000000000002,0.3132258064516129,-0.0004839711862274,0.0,-2.0,0,-0.0485988966961502,0.0102474119865625,-0.0007710276924721,-0.04085300000000064
2013-05-20,0.0096875334813528,0.0,-0.0020999999999999,0.3025806451612903,-0.0014533205163758,0.0,1.0,0,0.0447660643482756,-0.0007078684047072,0.0,-0.04085300000000064
2013-05-21,0.0100745721085164,0.0,0.0068999999999999,0.2990322580645161,-0.0004849099159542,0.0,5.0,0,0.026526710615399,0.0017209046830023,0.0018302026679637,-0.04085300000000064
2013-05-22,0.0029105385517151,0.0,-0.0015,0.2954838709677419,-0.0004851451676604,0.0,-3.0,0,0.033103413703018,-0.0083080742657785,-0.0126872572430888,-0.04085300000000064
2013-05-23,-0.0014009702678894,0.0,0.0150000000000001,0.2919354838709677,-0.000485380647742,0.0,11.0,0,0.0179280531791366,-0.002928115104606,-0.0015606327006824,-0.04085300000000064
2013-05-24,0.0009932953386826,0.0,-0.0041999999999999,0.2883870967741935,-0.0004856163565278,0.01,2.0,0,-0.0057020771194753,-0.0005515174989888,0.001950429196981,-0.04085300000000064
2013-05-27,-0.0001773018213544,0.0,0.0032,0.2777419354838709,-0.0014582656143655,-0.01,0.0,0,-0.0057020771194753,-0.0005515174989888,0.001950429196981,-0.04085300000000064
2013-05-28,-0.0064038926692457,0.0,0.0088999999999996,0.2741935483870967,-0.0004865614854097,0.0,6.0,0,0.0344255830270553,0.0063209621091601,0.0153723135973574,-0.04085300000000064
2013-05-29,-0.02531963831116,0.0,0.0278,0.2706451612903225,-0.0004867983427399,0.0,6.0,1,0.0238837956612161,-0.0070729362431658,-0.0174203865304084,-0.04085300000000064
2013-05-31,-0.020880905876325,0.0018439999999999,0.0424999999999999,0.2635483870967742,-0.0009743081806661,0.0,3.0,1,0.1149496018021796,-0.014410576921857,-0.0177712548913394,-0.03900900000000074
2013-06-03,0.0081526742858972,0.0,0.0036,0.2446666666666666,0.002244900473963,-0.12,1.0,0,-0.0012276582549783,0.0059184398597416,0.0164982570909102,-0.03900900000000074
2013-06-04,0.0013708529221148,0.0,-0.0072999999999998,0.237,0.0013634107019591,0.0,-1.0,0,-0.0006144533852458,-0.0055260480056055,0.0114955024439842,-0.03900900000000074
2013-06-05,-0.022825073215472,0.0,-0.0047000000000001,0.2293333333333333,0.0013615543439069,0.0,4.0,0,0.0728779315630784,-0.0138755545439222,-0.0019390829173175,-0.03900900000000074
2013-06-06,0.0016274936410933,0.0,0.0015,0.2216666666666666,0.0013597030340495,0.0,8.0,0,-0.0509926381896603,0.0084544541442306,0.0055165849133082,-0.03900900000000074
2013-06-07,-0.0242299230134985,0.0,0.0121999999999999,0.214,0.0013578567518184,0.0,-5.0,0,-0.0938679720539697,0.0127499145269456,0.009127189812117,-0.03900900000000074
2013-06-10,-0.0058677404697551,0.0,0.0133999999999998,0.191,0.004062542532246,0.0,9.0,0,0.0196212467335439,-0.000346873603637,-0.0058510610205513,-0.03900900000000074
2013-06-11,-0.0306096884263009,0.0,0.0015,0.1833333333333333,0.0013505214917941,0.0,14.0,0,0.100361001509065,-0.010205264184821,-0.009569430550279,-0.03900900000000074
2013-06-12,-0.0119050228202475,0.0,-0.0100999999999999,0.1756666666666666,0.001348700043124,0.0,-10.0,0,0.0853012910129681,-0.0084047769080509,0.0051344146423762,-0.03900900000000074
2013-06-13,0.0247813797949643,0.0,0.0026999999999999,0.168,0.0013468835010126,-0.01,-14.0,0,-0.124732914137886,0.0146760690973593,0.0073168916407316,-0.03900900000000074
2013-06-14,-0.0217157921414372,0.0,-0.008,0.1603333333333333,0.0013450718456624,0.0,4.0,0,0.0441072555652863,-0.0059024010624579,0.0003836282328792,-0.03900900000000074
2013-06-17,-0.004937980588874,0.0,0.0171000000000001,0.1373333333333333,0.0040243941777386,0.01,0.0,0,0.0441072555652863,-0.0059024010624579,0.0003836282328792,-0.03900900000000074
2013-06-18,0.0076303716603192,0.0,0.0167999999999999,0.1296666666666666,0.0013378736995974,0.0,8.0,0,0.0441072555652863,-0.0059024010624579,0.0003836282328792,-0.03900900000000074
2013-06-19,-0.0322959928245403,0.0,0.0038,0.122,0.0013360861847644,0.0,9.0,0,0.0018044383420473,-0.0139483013284819,0.0009428312549406,-0.03900900000000074
2013-06-20,0.0066800793631411,0.0,0.0779,0.1143333333333333,0.0013343034401067,0.0,16.0,1,0.2081275523671112,-0.0253284243922982,-0.0381282189501286,-0.03900900000000074
2013-06-21,-0.0243110535021475,0.0,0.0125000000000001,0.1066666666666666,0.0013325254465552,0.0,4.0,0,-0.0807750491983786,0.0026662190535255,-0.0122132694339772,-0.03900900000000074
2013-06-24,-0.0234581444959225,0.0,-0.0133,0.0836666666666666,0.0039869556055212,0.0,10.0,0,0.0620553322531967,-0.0122193689596269,0.0024743912356403,-0.03900900000000074
2013-06-25,0.0199881732657267,0.0,-0.0329999999999999,0.076,0.0013254606055745,0.0,-11.0,1,-0.0850694771003211,0.0094524565593023,0.0009880296353278,-0.03900900000000074
2013-06-26,0.005932085646279,0.0,-0.0210000000000003,0.0683333333333333,0.0013237060850492,0.0,-4.0,0,-0.0706572000088472,0.00954478966619,0.003942460403614,-0.03900900000000074
2013-06-27,0.0092213227673596,0.0,-0.0128999999999996,0.0606666666666666,0.0013219562033235,0.0,-4.0,0,-0.0205465682511723,0.0061806913002966,0.011345935617434,-0.03900900000000074
2013-06-28,-0.003197781110531,0.0,0.0309999999999996,0.0529999999999999,0.0013202109420245,0.0,-7.0,1,0.0,-0.0042987889804679,-0.006439636088214,-0.03900900000000074
2013-07-01,-0.004794753976526,0.0,0.0141,0.03,0.0039502071890016,0.03,-5.0,0,-0.0294935461252783,0.0053891996093898,0.0081887406585496,-0.03900900000000074
2013-07-02,-0.0432908098822313,0.0,0.0115000000000002,0.036774193548387,8.497623184666736e-05,0.0,4.0,0,0.0042669794636992,-0.0005450566900508,0.0096619109117368,-0.03900900000000074
2013-07-03,-0.0040986841910157,0.0,0.0221999999999997,0.0435483870967741,8.496901150145675e-05,0.0,3.0,0,-0.0147061327799245,0.0008237078945754,0.016781497160854,-0.03900900000000074
2013-07-04,0.0158361145283976,0.0,-0.0038999999999997,0.0503225806451612,8.4961792380156e-05,0.0,0.0,0,-0.0147061327799245,0.0008237078945754,0.016781497160854,-0.03900900000000074
2013-07-05,-0.0121576030566625,0.0,0.0049999999999998,0.0570967741935483,8.495457448809418e-05,0.0,-3.0,0,-0.0843214195801776,0.0101500457032259,0.0183628829733576,-0.03900900000000074
2013-07-08,-0.0029683472164112,0.0,-0.0061999999999997,0.0774193548387096,0.0002548204283687,0.0,5.0,0,-0.0074149723000338,0.005237805213836,-0.0026958037564393,-0.03900900000000074
2013-07-10,0.0089886756774522,0.0,0.0113999999999996,0.0909677419354838,0.000169844218588,0.0,-3.0,0,-0.0098040239953607,0.000181575964628,0.0064719584134879,-0.03900900000000074
2013-07-11,0.0248196956876061,0.0018349999999999,-0.0024999999999999,0.0977419354838709,8.491129287158117e-05,0.0,1.0,0,-0.0141745681075765,0.0134632127653538,-0.0072142262523409,-0.03717400000000084
2013-07-12,-0.0237209876575938,0.0,-0.0001999999999999,0.104516129032258,8.490408355577017e-05,-0.01,-5.0,0,-0.0122084154712886,0.0030817302206288,0.0099750914588664,-0.03717400000000084
2013-07-15,0.0261415961334776,0.0,-0.0121999999999999,0.1248387096774193,0.000254669007015,0.0,-10.0,0,-0.0036192721757275,0.0013739351515561,0.0025699765144621,-0.03717400000000084
2013-07-16,0.0027775421668305,0.0,-0.0194999999999998,0.1316129032258064,8.487525853162481e-05,0.0,-3.0,0,0.0446724481087126,-0.0037156554177069,0.0028377078955364,-0.03717400000000084
2013-07-17,0.0114134210245318,0.0,0.0019,0.1383870967741935,8.486805533358677e-05,0.0,-10.0,0,-0.0453978909401306,0.0027702066483981,-0.0003657059387689,-0.03717400000000084
2013-07-18,0.0052596267004609,0.0,-0.0075000000000002,0.1451612903225806,8.486085335768223e-05,0.0,-8.0,0,-0.0453978909401306,0.0027702066483981,-0.0003657059387689,-0.03717400000000084
2013-07-19,-0.0054072951218362,0.0,0.0067000000000003,0.1519354838709677,8.485365260568756e-05,0.0,4.0,0,-0.0453978909401306,0.0027702066483981,-0.0003657059387689,-0.03717400000000084
2013-07-22,0.0244661796289982,0.0,0.0021999999999997,0.172258064516129,0.0002545177655104,-0.01,0.0,0,-0.0201376116887112,0.0020309625424268,0.0007400040167775,-0.03717400000000084
2013-07-23,0.0050516566347837,0.0,-0.0118999999999998,0.1790322580645161,8.482486180838578e-05,0.0,1.0,0,0.029661484189234,-0.0018536538683364,0.0024933904356792,-0.03717400000000084
2013-07-24,-0.0091775856631581,0.0,0.0080999999999997,0.1858064516129032,8.48176671599532e-05,0.0,3.0,0,0.0402531475655466,-0.0038185027297184,-0.0114095734637949,-0.03717400000000084
2013-07-25,0.0142242317801954,0.0,0.0148999999999999,0.1925806451612903,8.481047373365413e-05,0.0,6.0,0,-0.0160615333122796,0.0025532099851888,0.0042822545049515,-0.03717400000000084
2013-07-26,0.0072089581053162,0.0,-0.0008999999999996,0.1993548387096774,8.480328152771222e-05,0.0,13.0,0,-0.0194634400117344,0.0008279514379092,-0.0044688963454259,-0.03717400000000084
2013-07-29,-0.0042581729892443,0.0,0.0120999999999997,0.2196774193548387,0.0002543667035403,0.0,3.0,0,0.0513326064385097,-0.0037430341753677,0.002609253047474,-0.03717400000000084
2013-07-30,-0.0132961641333562,0.0,0.0125000000000001,0.2264516129032258,8.477452489508153e-05,0.0,3.0,0,0.0,0.000373747085334,-0.0050382014073231,-0.03717400000000084
2013-07-31,-0.0067771654906874,0.0,0.0168999999999996,0.2332258064516129,8.476733878381992e-05,0.0,-1.0,0,0.0044709065235009,-0.0001364185159984,0.0073621625470742,-0.03717400000000084
2013-08-01,0.0186295503324451,0.0,0.0011000000000001,0.24,8.476015389291547e-05,0.01,-2.0,0,-0.038655835221938,0.0124625882304165,0.0169402318868871,-0.03717400000000084
2013-08-02,-0.0136661451806983,0.0,0.0019,0.2435483870967741,-0.0004287299160736,0.0,3.0,0,-0.0770847021682337,0.001639114087947,-0.0054007543335009,-0.03717400000000084
2013-08-05,-0.0007842328335065,0.0,0.0077000000000002,0.2541935483870968,-0.0012872937087653,0.0,-3.0,0,-0.0117549121332951,-0.0014809308775636,-0.0022972673278869,-0.03717400000000084
2013-08-06,-0.0211570828473348,0.0,-0.0055,0.257741935483871,-0.0004294664164881,0.0,-1.0,0,0.0716919365614563,-0.005739472830554,-0.0047952567878335,-0.03717400000000084
2013-08-07,0.0005270425656167,0.0,0.0072999999999998,0.2612903225806451,-0.0004296509371393,0.0,5.0,0,0.0202340971042897,-0.0038131256619417,-0.0068639343258604,-0.03717400000000084
2013-08-08,0.0307569691222919,0.0,-0.0146000000000001,0.2648387096774193,-0.0004298356164174,0.0,-3.0,0,-0.019448299399222,0.0038779210740465,-0.0070988727639416,-0.03717400000000084
2013-08-09,0.0191496074773347,0.0,-0.0133999999999998,0.2683870967741935,-0.0004300204545284,0.0,2.0,0,0.0520393093050481,-0.0035763480414268,0.0143325013199395,-0.03717400000000084
2013-08-12,0.0084653209823351,0.0,-0.0025999999999997,0.2790322580645161,-0.0012911719836363,0.0,-6.0,0,-0.045774537249317,-0.0011535858605248,0.0069064226965707,-0.03717400000000084
2013-08-13,0.0059861427516239,0.0,0.0312999999999998,0.2825806451612903,-0.0004307613993894,0.0,-8.0,1,-0.0398141743817785,0.0027722100072683,0.0077700328808649,-0.03717400000000084
2013-08-14,0.0058129960628008,0.0,0.0082999999999997,0.2861290322580645,-0.0004309470347401,0.0,4.0,0,0.0576095792892986,-0.0051900632278581,0.0034542099540575,-0.03717400000000084
2013-08-15,0.0002357471230123,0.0,0.0316,0.2896774193548387,-0.0004311328301582,0.0,2.0,1,0.1218646458244493,-0.0143845649479618,0.0082238380632246,-0.03717400000000084
2013-08-16,0.012318720500291,0.0,0.0131000000000001,0.2932258064516129,-0.00043131878585,0.0,4.0,0,-0.0247435072705188,-0.003310067623478,0.0005398376856243,-0.03717400000000084
2013-08-19,0.0006788669002784,0.0,0.0415,0.3038709677419354,-0.0012950736975554,0.0,8.0,1,-0.0247435072705188,-0.003310067623478,0.0005398376856243,-0.03717400000000084
2013-08-20,-0.0209057289936822,0.0,-0.0037000000000002,0.3074193548387096,-0.0004320642155128,0.0,1.0,0,-0.0247435072705188,-0.003310067623478,0.0005398376856243,-0.03717400000000084
2013-08-21,-0.0020215640307821,0.0,0.0226000000000001,0.3109677419354839,-0.0004322509756953,0.0,5.0,0,0.0667995284945896,-0.0057963694673468,-0.0030915097244714,-0.03717400000000084
2013-08-22,0.0195088846923443,0.0,0.0287999999999999,0.314516129032258,-0.0004324378974001,0.0,-8.0,1,-0.0769108123580813,0.0085824417434139,0.0008192979172072,-0.03717400000000084
2013-08-23,0.0154257607744394,0.0,-0.0588999999999999,0.3180645161290322,-0.0004326249808404,0.0,4.0,1,-0.0542931306177446,0.0039392419102131,0.0103196297096932,-0.03717400000000084
2013-08-26,-0.0148228062792359,0.0,-0.0163000000000002,0.3287096774193548,-0.0012989990636533,0.0,0.0,0,0.0697555927840566,-0.0040478392300585,-0.0027956689771132,-0.03717400000000084
2013-08-27,-0.0263409009916664,0.0,0.0293000000000001,0.332258064516129,-0.0004333749361453,0.0,7.0,1,0.1122083062861608,-0.0160015392291833,0.032256536764814,-0.03717400000000084
2013-08-28,-0.0045018533598817,0.0,-0.0482999999999997,0.3358064516129032,-0.0004335628314144,0.0,-1.0,1,-0.0168374804402297,0.0027438773089689,0.0194836659751504,-0.03717400000000084
2013-08-29,0.0011023260192857,0.001827,0.0062999999999999,0.3393548387096774,-0.0004337508896785,0.0,3.0,0,0.0192197929588217,0.0019614766490956,-0.0125125412222083,-0.035347000000000836
2013-08-30,0.0017212052683195,0.0,0.0146999999999999,0.3429032258064516,-0.0004339391111596,0.0,0.0,0,0.0118275042132017,-0.0031793671926351,-0.0100363149613118,-0.035347000000000836
2013-09-02,0.0358826041455646,0.0,-0.0081999999999999,0.3573333333333333,0.0012113018543811,0.0899999999999999,0.0,0,0.0118275042132017,-0.0031793671926351,-0.0100363149613118,-0.035347000000000836
2013-09-03,-0.0040401752214354,0.0,0.0253999999999998,0.3646666666666666,0.0020754290295244,0.0,-3.0,1,-0.0237964594922594,0.0041555752269595,0.0145415784657094,-0.035347000000000836
2013-09-04,0.0017417898386664,0.0,-0.0358999999999998,0.372,0.0020711305435305,0.0,2.0,1,-0.0449444973456365,0.0080841879285603,-0.0066785159096453,-0.035347000000000836
2013-09-05,0.0122229295879758,0.0,-0.0224000000000001,0.3793333333333333,0.0020668498261997,0.0,-7.0,0,-0.0069510330231502,0.0012091315394673,0.0030412194036217,-0.035347000000000836
2013-09-06,0.0263349212032579,0.0,-0.0335,0.3866666666666666,0.0020625867675843,0.0,-6.0,1,0.0050600943883335,5.442965978223178e-05,0.0074336982668574,-0.035347000000000836
2013-09-09,0.0093147959169286,0.0,-0.0110999999999998,0.4086666666666666,0.0061623569079127,0.0,-7.0,0,-0.013977372635519,0.0099432821389701,-0.0208848652923055,-0.035347000000000836
2013-09-10,-0.0050447760619771,0.0,-0.0089000000000001,0.416,0.0020457089527834,0.0,5.0,0,-0.0729766925508265,0.0073189404848024,-0.0219593764707364,-0.035347000000000836
2013-09-11,-0.0076058721456231,0.0,0.0168000000000003,0.4233333333333333,0.0020415325698746,0.0,-5.0,0,-0.0500986629470946,0.0030476346138184,0.0022446698538239,-0.035347000000000836
2013-09-12,-0.00492155526182,0.0,-0.0178000000000002,0.4306666666666666,0.0020373732046774,0.0,1.0,0,0.033443193014949,-0.0033861418278017,0.0100834947735482,-0.035347000000000836
2013-09-13,0.0091686371245032,0.0,0.0016000000000002,0.4379999999999999,0.0020332307533923,0.0,-2.0,0,-0.009138911782696,0.0027110016531034,0.001330921881559,-0.035347000000000836
2013-09-16,0.0004460137594843,0.0,-0.0136000000000002,0.4599999999999999,0.0060750051521516,0.0,-7.0,0,-0.009138911782696,0.0027110016531034,0.001330921881559,-0.035347000000000836
2013-09-17,0.0083077087770995,0.0,-0.0032,0.4673333333333332,0.0020168280406007,0.0,-5.0,0,-0.009138911782696,0.0027110016531034,0.001330921881559,-0.035347000000000836
2013-09-18,0.0260439911548004,0.0,-0.0127999999999999,0.4746666666666666,0.0020127686310136,0.0,-6.0,0,-0.009138911782696,0.0027110016531034,0.001330921881559,-0.035347000000000836
2013-09-19,-0.0109568872045393,0.0,-0.0453000000000001,0.482,0.002008725529917,0.0,-3.0,1,-0.0321523250886593,-0.0018446541484815,-0.0167764358858986,-0.035347000000000836
2013-09-20,-0.0180581065877518,0.0,0.0017,0.4893333333333333,0.0020046986392276,0.01,5.0,0,-0.0030441395090345,-0.0072430539628474,0.0042205684945984,-0.035347000000000836
2013-09-23,0.0090515004619806,0.0,-0.0019999999999997,0.5113333333333333,0.0059900952228684,0.0,0.0,0,0.0868208480983665,-0.004730758941951,-0.0097525617476474,-0.035347000000000836
2013-09-24,-0.003136667618083,0.0,-0.0001999999999999,0.5186666666666666,0.0019887512462624,0.0,8.0,0,-0.0162032775803861,-0.0026005214977318,0.0044280120393619,-0.035347000000000836
2013-09-25,-0.0031281076550548,0.0,0.0192999999999998,0.526,0.001984803963607,0.0,0.0,0,-0.0049839686253434,-0.0027432251543777,-0.0029498518456642,-0.035347000000000836
2013-09-26,-0.008848304739681,0.0,0.0060999999999999,0.5333333333333333,0.0019808723190894,-0.01,7.0,0,0.003562539541285,0.0034793658479979,0.0081828194798437,-0.035347000000000836
2013-09-27,-0.0008184372027315,0.0,0.0285999999999999,0.5406666666666666,0.0019769562199574,0.01,3.0,1,0.0949221293995046,-0.0040821216634435,-0.0053250386646215,-0.035347000000000836
2013-09-30,-0.0264163102219381,0.0,-0.0270999999999999,0.5626666666666666,0.0059075261430834,0.0,5.0,1,0.0711466727158627,-0.0060474799811909,-0.0023962638824428,-0.035347000000000836
2013-10-01,0.0159408968972609,0.0,-0.0177,0.57,0.0019614454478329,0.07,-2.0,0,-0.06598537585786,0.0079667246834067,-0.0039757834707147,-0.035347000000000836
2013-10-02,-0.001486653328504,0.0,-0.0034999999999998,0.5690322580645161,-0.0003665735258309,0.0,0.0,0,0.06598537585786,-0.0006668918703408,0.0115139665765466,-0.035347000000000836
2013-10-03,-0.0115542529836858,0.0,-0.0019,0.5680645161290322,-0.0003667079512563,0.0,0.0,0,0.0624655723067142,-0.0090199725005529,-0.0017416241560785,-0.035347000000000836
2013-10-04,0.0068161153971502,0.0,-0.0018000000000002,0.5670967741935483,-0.0003668424753122,0.0,-4.0,0,-0.0540672392607364,0.0070284667042838,0.0042112951225926,-0.035347000000000836
2013-10-07,-0.0082078244686609,0.0,0.0036,0.5641935483870968,-0.0011013355581503,0.0,-2.0,0,0.1479873379310367,-0.0085427475368195,0.0020078606847422,-0.035347000000000836
2013-10-08,-0.0020051759337214,0.0,-0.0070999999999998,0.5632258064516129,-0.0003673815599629,0.0,-3.0,0,0.0468010088026607,-0.0124087499310834,0.0043668496274693,-0.035347000000000836
2013-10-09,0.0045012473482852,0.0,0.0038,0.562258064516129,-0.0003675165787768,0.0,-3.0,0,-0.0370598124230642,0.0005737417306057,-0.0100357205519327,-0.035347000000000836
2013-10-10,0.0085082705692212,0.001818,-0.0203999999999999,0.5612903225806452,-0.0003676516968713,0.0,-3.0,0,-0.173382088994809,0.0215956228828364,0.0248134209055646,-0.033529000000000836
2013-10-11,0.002882796611475,0.0,-0.0028999999999999,0.5603225806451613,-0.0003677869143583,0.0,-6.0,0,-0.0472136927167776,0.0062665956173272,-0.0046620513720467,-0.033529000000000836
2013-10-14,0.0190276051138962,0.0,-0.0003999999999999,0.5574193548387096,-0.0011041730435188,0.0,0.0,0,0.022020356771392,0.0040664411452885,-0.0021590316420159,-0.033529000000000836
2013-10-15,0.0148419611019967,0.0,9.999999999976694e-05,0.5564516129032258,-0.0003683287803859,0.0,-6.0,0,0.1494280264829083,-0.0070887896137587,-0.0097738500324758,-0.033529000000000836
2013-10-16,0.0178817606059151,0.0,-0.0188999999999999,0.5554838709677419,-0.0003684644964661,0.0,4.0,0,-0.2378546500353119,0.0137328043071323,0.0081514945262238,-0.033529000000000836
2013-10-17,-0.0110482481205824,0.0,-0.0018000000000002,0.5545161290322581,-0.000368600312596,0.0,3.0,0,-0.0873204656811831,0.006721314413737,0.0009917560155054,-0.033529000000000836
2013-10-18,0.0003612194808813,0.0,0.0005000000000001,0.5535483870967742,-0.0003687362288857,0.0,-8.0,0,-0.0873204656811831,0.006721314413737,0.0009917560155054,-0.033529000000000836
2013-10-21,0.0125433433182298,0.0,0.0121999999999999,0.5506451612903226,-0.0011070251876752,0.0,5.0,0,-0.0873204656811831,0.006721314413737,0.0009917560155054,-0.033529000000000836
2013-10-22,0.0068066765370495,0.0,0.0022000000000002,0.5496774193548387,-0.0003692808978765,0.0,2.0,0,0.012835214164794,0.0057211162396272,0.0030053465554559,-0.033529000000000836
2013-10-23,-0.0182310679436952,0.0,0.0065999999999997,0.5487096774193548,-0.0003694173166355,0.0,0.0,0,0.0067290087614879,-0.0047357532400367,-0.0199299256388335,-0.033529000000000836
2013-10-24,-0.0102070376812211,0.0,0.0177,0.547741935483871,-0.000369553836224,0.0,2.0,0,-0.0165293220859142,0.0032528385443555,-0.0075423346004599,-0.033529000000000836
2013-10-25,-0.0132624775988663,0.0,-0.0154999999999998,0.5467741935483871,-0.0003696904567505,0.0,4.0,0,-0.0083682235640767,0.0043852143927746,-0.0005609345613357,-0.033529000000000836
2013-10-28,0.0168277383103596,0.0,-0.0001999999999999,0.5438709677419356,-0.0011098921045054,0.0,0.0,0,0.0166670723548059,0.0013288165192369,0.0247541991734827,-0.033529000000000836
2013-10-29,-0.0097435358294184,0.0,-0.0041999999999999,0.5429032258064517,-0.0003702379505057,0.0,0.0,0,0.007485021981479,0.0055686612140941,-0.0054889760591112,-0.033529000000000836
2013-10-30,-0.0067334127388658,0.0,0.0083999999999999,0.5419354838709678,-0.0003703750774164,0.0,-3.0,0,0.0177388077695456,-0.0048878496945693,0.007767192733282,-0.033529000000000836
2013-10-31,0.0015309560396463,0.0,0.0137999999999998,0.5409677419354839,-0.0003705123059436,0.0,4.0,0,0.0072993304281119,-0.0038467705679383,-0.0093279532018742,-0.033529000000000836
2013-11-01,-0.00448882705167,0.0,0.0442,0.54,-0.0003706496361957,0.07,4.0,1,-0.0347797001718836,0.0028992144122096,-0.0272891688351844,-0.033529000000000836
2013-11-04,0.0078193113939217,0.0,-0.0041999999999999,0.5780000000000001,-0.0006513272109103,0.0,-1.0,0,-0.0267089075547821,0.0035641993780981,0.0030168749594017,-0.033529000000000836
2013-11-05,-0.011175983839518,0.0,0.0321000000000002,0.5906666666666667,-0.0002172033771241,0.0,1.0,1,0.0259556664543332,-0.0028095308483402,-0.0085082901601079,-0.033529000000000836
2013-11-06,-0.008338278255751,0.0,0.0038,0.6033333333333334,-0.0002172505646811,0.0,2.0,0,-0.0462688824855783,0.0042564687122875,-0.0008548603589944,-0.033529000000000836
2013-11-07,-0.0121366659444177,0.0,0.004,0.616,-0.0002172977727461,0.0,7.0,0,0.093370994611028,-0.0132704359995947,-0.0170583801471623,-0.033529000000000836
2013-11-08,-0.0093723897800561,0.0,0.0344999999999999,0.6286666666666667,-0.0002173450013298,0.0,4.0,1,-0.0753807131693678,0.0133382087922641,0.0159175251380892,-0.033529000000000836
2013-11-11,0.0071515375409099,0.0,-0.0028000000000001,0.6666666666666667,-0.0006523185809097,0.0,0.0,0,-0.0291015341995105,0.0007226700649729,0.0121030103841475,-0.033529000000000836
2013-11-12,-0.0157049230853605,0.0,0.0219999999999997,0.6793333333333333,-0.0002175341211465,0.0,5.0,0,0.0228806800910417,-0.0023732054456199,-0.0055605814059336,-0.033529000000000836
2013-11-13,0.0081896760868662,0.0,-0.0127999999999999,0.6920000000000001,-0.0002175814525369,0.0,-1.0,0,-0.0236790254533151,0.0080627527204993,0.0123047171805747,-0.033529000000000836
2013-11-14,0.0231270124706082,0.0,0.0055,0.7046666666666667,-0.0002176288045276,0.0,-6.0,0,-0.0120532250816378,0.0048255968204506,0.0131690500470369,-0.033529000000000836
2013-11-18,0.0158690771562817,0.0,-0.0461,0.7553333333333334,-0.0008709891505276,0.0,-3.0,1,-0.0120532250816378,0.0048255968204506,0.0131690500470369,-0.033529000000000836
2013-11-19,-0.0237387707743401,0.0,-0.0165999999999999,0.768,-0.0002178658739779,0.0,4.0,0,-0.0120532250816378,0.0048255968204506,0.0131690500470369,-0.033529000000000836
2013-11-21,-0.0065266356667486,0.0,0.0405000000000002,0.7933333333333333,-0.0004358741962988,0.0,0.0,1,-0.0568072738257011,0.0080957054207559,0.01852078499603,-0.033529000000000836
2013-11-22,0.0021424042927993,0.0,-0.0154,0.806,-0.0002180083637259,0.0099999999999998,1.0,0,-0.0321054554862173,0.0049491905000291,0.0087731870024831,-0.033529000000000836
2013-11-25,-0.0102223323883574,0.0,-0.0041999999999999,0.8440000000000001,-0.0006543104022007,-0.0099999999999998,5.0,0,0.0423216634311323,-0.0012641407872397,-0.0004503765090368,-0.033529000000000836
2013-11-26,-0.0157556459963306,0.0,0.0168999999999996,0.8566666666666667,-0.0002181986402423,0.0,1.0,0,0.0015625360574167,0.0001497932355038,-0.0010816906415028,-0.033529000000000836
2013-11-27,0.00801491106664,0.0,0.0018000000000002,0.8693333333333333,-0.0002182462612783,0.0,4.0,0,0.0131835273434908,0.0024819986774607,0.0038705689009074,-0.033529000000000836
2013-11-28,-0.0002699888163899,0.001811,0.0150000000000001,0.882,-0.0002182939031065,0.0,0.0,0,0.0131835273434908,0.0024819986774607,0.0038705689009074,-0.031718000000000836
2013-11-29,0.0121731798734039,0.0,0.0040999999999997,0.8946666666666667,-0.0002183415657395,0.0,0.0,0,0.0539861429027299,-0.0007859984571164,-0.0146608518911687,-0.031718000000000836
2013-12-02,-0.0238522013822475,0.0,0.02,0.9080645161290324,-0.0014024855778842,0.0399999999999999,8.0,0,0.0379565610210183,-0.0027227235347164,0.0159178047690032,-0.031718000000000836
2013-12-03,-0.0176392942893741,0.0,0.0108999999999999,0.8961290322580645,-0.0009665927746667,0.0,4.0,0,0.022238626793582,-0.0031979559918936,0.0104433117649476,-0.031718000000000836
2013-12-04,-0.0026450569789204,0.0,0.0182000000000002,0.8841935483870969,-0.0009675279802952,0.01,-2.0,0,0.010256474083103,-0.0013043434697867,-0.0065925004301188,-0.031718000000000836
2013-12-05,0.0113264051923138,0.0,0.0006999999999997,0.8722580645161291,-0.0009684649973511,0.0,-2.0,0,0.025521876711,-0.00434901581308,-0.008076808638552,-0.031718000000000836
2013-12-06,0.0030668840143732,-3.700000000000231e-05,-0.0221999999999997,0.8603225806451613,-0.0009694038311032,0.0,-9.0,0,-0.0894256684815972,0.0111751948768758,0.0056606219903836,-0.03175500000000084
2013-12-09,0.0043287143168004,3.700000000000231e-05,-0.0300000000000002,0.8245161290322581,-0.0029138627422327,0.0,0.0,1,-0.0219950357860461,0.0018154512479509,-0.020091184584126,-0.031718000000000836
2013-12-10,-0.0033673361366695,0.0,-0.0122999999999997,0.8125806451612904,-0.0009731774391514,0.0,1.0,0,0.0306593417128109,-0.003184724895657,-9.143974394033143e-05,-0.031718000000000836
2013-12-11,-0.0183062869362728,0.0,0.016,0.8006451612903226,-0.000974125436123,0.0,-4.0,0,0.1030573781172128,-0.0113813976746069,0.0029213066538939,-0.031718000000000836
2013-12-12,0.0010779519957875,0.0,0.0076,0.7887096774193549,-0.0009750752818327,0.0,-8.0,0,0.0077519694018311,-0.0037776883791563,-0.0094335892369806,-0.031718000000000836
2013-12-13,-0.0014175478799529,0.0,0.0015999999999998,0.7767741935483872,-0.0009760269816929,0.0,-1.0,0,0.0140577564679509,-0.0001014152865058,0.0014712983077972,-0.031718000000000836
2013-12-16,0.0045648981404351,0.0,-0.0099,0.7409677419354839,-0.0029338097673825,0.0,-2.0,0,0.0169869105037972,0.0063001521293962,0.014956953401393,-0.031718000000000836
2013-12-17,-0.003785996352521,0.0,-0.0034,0.7290322580645161,-0.0009798524316426,0.0,6.0,0,0.0111662698119239,-0.0031058059363714,-0.0005432593149495,-0.031718000000000836
2013-12-18,0.0093986961518375,0.0,0.0053,0.7170967741935484,-0.0009808134841975,-0.01,-3.0,0,0.0111662698119239,-0.0031058059363714,-0.0005432593149495,-0.031718000000000836
2013-12-19,0.0050502168846495,0.0,0.0253999999999998,0.7051612903225807,-0.0009817764238295,0.0,-5.0,1,0.0111662698119239,-0.0031058059363714,-0.0005432593149495,-0.031718000000000836
2013-12-20,0.0071957567486009,0.0,0.0289000000000001,0.6932258064516129,-0.000982741256104,0.0,2.0,1,-0.0257709080913225,0.0048071554406907,0.0133298897440741,-0.031718000000000836
2013-12-23,0.0033157175742246,0.0,-0.0110999999999998,0.6574193548387097,-0.0029540317722762,0.0,-3.0,0,-0.0559221354658069,0.005304028886206,-0.0018806174881767,-0.031718000000000836
2013-12-26,-0.0026321705244569,0.0,-0.0199000000000002,0.6216129032258064,-0.0029627839365424,0.0,-7.0,0,-0.0120920152729145,0.004734304621132,0.000714684944748,-0.031718000000000836
2013-12-27,0.0008976661285,0.0,0.0031000000000003,0.6096774193548387,-0.0009895485479365,0.0,4.0,0,0.0104882054322769,-0.0003366410106074,0.0017844129018812,-0.031718000000000836
2013-12-30,0.0046704504303036,0.0,-0.0112,0.5738709677419356,-0.0029745344824831,0.0,2.0,0,0.0846007970365713,-0.0001792699620146,-0.0086844292022712,-0.031718000000000836
2014-01-02,-0.022897866334766,0.0,0.0548999999999999,0.5545161290322581,-0.0018291321093943,0.15,2.0,1,0.0364977381723645,-0.0089014130166291,-0.0276347006766509,-0.031718000000000836
2014-01-03,0.0126331598626734,0.0,-0.0234,0.5590322580645162,0.0001587925350126,-0.04,-1.0,1,-0.0335865307937928,-0.0003330205201606,-0.0082918386037086,-0.031718000000000836
2014-01-06,-0.0001373154825365,0.0,0.0047999999999999,0.5725806451612904,0.0004762263706563,0.0,7.0,0,-0.0153792877369683,-0.0025149272537594,-0.0014979501973134,-0.031718000000000836
2014-01-07,-0.0107294627199205,0.0,-0.0154999999999998,0.5770967741935484,0.0001586917387577,-0.01,9.0,0,-0.0476100571425235,0.006063345375391,0.0057921977322834,-0.031718000000000836
2014-01-08,0.0029106914131382,0.0,0.0144999999999999,0.5816129032258065,0.0001586665596864,0.0,3.0,0,-0.0038774915435928,-0.000212231503451,-0.0018647739505609,-0.031718000000000836
2014-01-09,-0.0251266985274138,0.0,0.0181,0.5861290322580646,0.0001586413886034,0.0,-3.0,0,0.0015528308699426,0.0003482485435141,-0.0071181543688244,-0.031718000000000836
2014-01-10,0.0075542179919168,0.0,-0.0141,0.5906451612903226,0.0001586162255033,0.0,4.0,0,-0.0599460296742652,0.0023040304904553,0.0080509760167778,-0.031718000000000836
2014-01-13,-0.005427613376753,0.0,-0.0327999999999999,0.6041935483870968,0.000475697777718,0.0,2.0,1,0.089753310029052,-0.012655966458794,-0.0046729056993923,-0.031718000000000836
2014-01-14,0.0055684598643761,0.0,0.0125999999999999,0.6087096774193549,0.0001585156528864,0.01,-3.0,0,-0.0782872229667174,0.010759876119934,-0.0033780703173853,-0.031718000000000836
2014-01-15,0.0080555100563923,0.0,-0.0146999999999999,0.613225806451613,0.0001584905296549,0.01,-5.0,0,0.0,0.0051528891346822,0.0069314428452757,-0.031718000000000836
2014-01-16,-0.0081963565440155,0.0018019999999999,0.0213,0.6177419354838709,0.0001584654143886,-0.02,3.0,0,0.0201538466228396,-0.0013480284864258,-0.0003734564203989,-0.029916000000000935
2014-01-17,-0.0103967440673269,0.0,-0.0081999999999999,0.6222580645161291,0.0001584403070804,0.0,2.0,0,-0.0072086940170318,-0.003902780320015,-0.0002801660550838,-0.029916000000000935
2014-01-20,-0.0096844152541883,0.0,-0.0266000000000001,0.6358064516129032,0.0004751703569141,0.01,0.0,1,-0.0072086940170318,-0.003902780320015,-0.0002801660550838,-0.029916000000000935
2014-01-21,-0.0034138850636935,0.0,0.0272999999999998,0.6403225806451612,0.0001583399573537,-0.01,0.0,1,-0.0072086940170318,-0.003902780320015,-0.0002801660550838,-0.029916000000000935
2014-01-22,0.0154946784675775,0.0,-0.0006999999999997,0.6448387096774193,0.0001583148897807,0.01,4.0,0,-0.0072086940170318,-0.003902780320015,-0.0002801660550838,-0.029916000000000935
2014-01-23,-0.020057832271993,0.0,0.016,0.6493548387096774,0.0001582898301446,0.0,9.0,0,0.069927035838505,-0.0089293247645709,-0.0063933024521041,-0.029916000000000935
2014-01-24,-0.0111126127960403,0.0,0.0367999999999999,0.6538709677419354,0.0001582647784381,0.0,3.0,1,0.2756270650561546,-0.0210964214273408,0.0027846989464283,-0.029916000000000935
2014-01-27,-0.0018012739454782,0.0,-0.0085000000000001,0.6674193548387096,0.0004746441043508,0.0,0.0,0,-0.0405004352362344,-0.0048882218533393,-0.0110920167253777,-0.029916000000000935
2014-01-28,0.0029306503988113,0.0,0.0121000000000002,0.6719354838709677,0.0001581646508643,0.0,0.0,0,-0.0976090236992842,0.006121875622432,0.0067258656180856,-0.029916000000000935
2014-01-29,-0.0059540208178674,0.0,0.0232000000000001,0.6764516129032258,0.0001581396387653,0.0,9.0,1,0.0935825762748478,-0.0102617039084959,0.0040880369823735,-0.029916000000000935
2014-01-30,-0.0066033298664756,0.0,-0.0173,0.6809677419354838,0.0001581146345728,0.0,0.0,0,-0.0034641757331346,0.0112040443722182,0.0009267700037045,-0.029916000000000935
2014-01-31,0.0083260917531244,0.0,0.0038999999999997,0.6854838709677419,0.0001580896382868,0.0,-1.0,0,0.0627656343102097,-0.0064862902142503,-0.0144625374422001,-0.029916000000000935
2014-02-03,-0.0317981304376822,0.0,-0.0173,0.7064285714285714,0.0035547766357222,-0.0899999999999999,6.0,0,0.1523643741553338,-0.0230966047044865,-0.0033892011938939,-0.029916000000000935
2014-02-04,0.0175277277029213,0.0,0.0087000000000001,0.7146428571428571,0.0016940391479867,0.0,-10.0,0,-0.1150465709209663,0.0076120436830814,-0.0024549359568015,-0.029916000000000935
2014-02-05,-0.0072659207551701,0.0,-0.0070999999999998,0.7228571428571429,0.0016911742319507,0.0,-8.0,0,0.0430173913874123,-0.0020302824086565,0.0044333537067106,-0.029916000000000935
2014-02-06,0.0236122964300484,0.0,-0.0064999999999999,0.7310714285714285,0.0016883189896983,0.0,-6.0,0,-0.1465771576064407,0.0123630544533757,0.0088081756753382,-0.029916000000000935
2014-02-07,0.0070137639836271,0.0,-0.0224000000000001,0.7392857142857142,0.0016854733723228,-0.01,-2.0,0,-0.119453006525936,0.0132141935042969,0.0219606281522244,-0.029916000000000935
2014-02-10,-0.007579511151647,0.0,0.0119000000000002,0.7639285714285714,0.0050394419346293,0.01,4.0,0,-0.0019639765909535,0.001568004803254,-0.0086160244702559,-0.029916000000000935
2014-02-11,0.015638640924612,0.0,0.0139999999999997,0.7721428571428571,0.0016741861847311,0.0,-1.0,0,-0.0503969581849486,0.0110013759442549,0.0004602002043355,-0.029916000000000935
2014-02-12,-0.0050889642304454,0.0,0.0009999999999998,0.7803571428571429,0.001671387969429,0.0,0.0,0,-0.014578532066208,-0.0002692986477208,0.0010116394823695,-0.029916000000000935
2014-02-13,-0.0084140869205739,0.0,0.0152000000000001,0.7885714285714286,0.0016685990923335,0.0,2.0,0,-0.0112518658552861,0.0057932119787766,-0.0005516509648476,-0.029916000000000935
2014-02-14,0.0080821986808921,0.0,-0.0314,0.7967857142857143,0.0016658195067726,0.0,-1.0,1,-0.041146233390904,0.0047976893855483,0.0,-0.029916000000000935
2014-02-17,-0.0130513353250147,0.0,-0.0053999999999998,0.8214285714285714,0.0049808732288045,0.0,0.0,0,-0.041146233390904,0.0047976893855483,0.0,-0.029916000000000935
2014-02-18,-0.0207278912726938,0.0,0.0112999999999998,0.8296428571428571,0.0016547931573551,-0.01,3.0,0,-0.041146233390904,0.0047976893855483,0.0,-0.029916000000000935
2014-02-19,0.0117546766307032,0.0,0.0003000000000001,0.8378571428571429,0.0016520593402393,0.01,-8.0,0,-0.041146233390904,0.0047976893855483,0.0,-0.029916000000000935
2014-02-20,0.002922492550212,0.0,-0.0186999999999999,0.8460714285714286,0.0016493345410886,0.0,-2.0,0,-0.0468887497817333,0.006013341826934,-0.0015400480070191,-0.029916000000000935
2014-02-21,0.0019224884181241,0.0,-0.0174000000000003,0.8542857142857143,0.0016466187153483,0.0,-3.0,0,-0.0074652301685572,-0.001920566673181,-0.0040881689872006,-0.029916000000000935
2014-02-24,0.0002743397398319,0.0,-0.0233999999999996,0.8789285714285715,0.0049236502636915,-0.01,-7.0,1,-0.0311336640420656,0.0061674555523314,0.0071658968998974,-0.029916000000000935
2014-02-25,-0.0143878200541518,0.0,-0.0024000000000001,0.8871428571428572,0.0016358442657971,0.0,5.0,0,-0.0401487236158639,-0.0013485906767746,-0.0102657930451083,-0.029916000000000935
2014-02-26,-0.0025076367424397,0.0,0.0087000000000001,0.8953571428571429,0.0016331726490896,0.0,5.0,0,0.0485463124719052,2.169974212462957e-05,9.126153402346418e-05,-0.029916000000000935
2014-02-27,0.0214007275749352,0.000898,-0.0018000000000002,0.9035714285714286,0.0016305097445812,0.01,-2.0,0,-0.0218395729082417,0.0049358814084165,-0.0051263163300782,-0.029018000000000935
2014-02-28,-0.0108342048760832,0.0,-0.0101999999999997,0.9117857142857144,0.0016278555097208,-0.02,-2.0,0,-0.0028530662653855,0.002778824281338,0.0010090411438851,-0.029018000000000935
2014-03-05,-0.0107811426078185,0.0,-0.0094000000000002,0.887741935483871,0.0023081782716047,-0.0999999999999999,-16.0,0,-0.0150056429551997,-5.335274966455346e-05,-0.0141898711773506,-0.029018000000000935
2014-03-06,0.0107599082548812,0.0,-0.0145999999999997,0.8796774193548388,0.0001706692350662,-0.01,-3.0,0,0.0227767633100122,0.001716933496857,0.0031501586036505,-0.029018000000000935
2014-03-07,-0.018192644206719,0.0,0.0287999999999999,0.8716129032258065,0.0001706401120475,0.01,4.0,1,-0.0070622032606778,0.0005379445771157,0.0082911716994198,-0.029018000000000935
2014-03-10,-0.015494388015508,0.0,0.0028000000000001,0.8474193548387097,0.0005117456973859,0.0,2.0,0,0.0063582096423348,-0.0004633536412194,-0.0084761716355397,-0.029018000000000935
2014-03-11,0.0036171954687862,0.0,0.0050999999999996,0.8393548387096774,0.0001705237193014,0.0,5.0,0,0.0413852424823776,-0.0050950969752158,0.0043392138445409,-0.029018000000000935
2014-03-12,0.0035823542024431,0.0,0.0188000000000001,0.8312903225806452,0.0001704946459195,0.0,1.0,0,-0.0225496345602072,0.00030512432321,-0.0048945603503637,-0.029018000000000935
2014-03-13,-0.0091560887611379,0.0,-0.0163000000000002,0.8232258064516129,0.0001704655824514,0.0,7.0,0,0.1141674472566513,-0.0117700916958836,-0.0058493019011605,-0.029018000000000935
2014-03-14,-0.010574150068848,0.0,0.0152000000000001,0.8151612903225807,0.0001704365288883,-0.01,0.0,0,0.0940763985631942,-0.0028257664174451,0.0109280612462737,-0.029018000000000935
2014-03-17,0.0033746313274214,0.0,-0.012,0.7909677419354839,0.0005111353642863,0.01,-5.0,0,-0.1304896478484509,0.0095677176950389,-0.0002763463627051,-0.029018000000000935
2014-03-18,0.0226156809826303,0.0,0.0003999999999999,0.7829032258064517,0.0001703204136074,0.0,-6.0,0,-0.0743047161456743,0.0071936822454731,-0.0162544793135791,-0.029018000000000935
2014-03-19,0.0089951748164587,0.0,-0.0183999999999997,0.7748387096774194,0.0001702914095034,0.0,-2.0,0,0.0404913222594699,-0.0061505250967345,-0.0088413145912191,-0.029018000000000935
2014-03-20,0.0151529352533685,0.0,0.0081999999999999,0.7667741935483872,0.0001702624152777,0.01,4.0,0,-0.0404913222594698,0.0060223340875217,0.005652379505635,-0.029018000000000935
2014-03-21,0.0021762334411015,0.0,-0.0175,0.7587096774193549,0.0001702334309232,0.0,-2.0,0,0.0325231601791367,-0.0029369801166087,0.0044055114742275,-0.029018000000000935
2014-03-24,0.0128338624800523,0.0,0.0003000000000001,0.7345161290322582,0.0005105264852769,0.0,3.0,0,0.0059820817894022,-0.0048765809593632,-0.0010293419011184,-0.029018000000000935
2014-03-25,0.0038888302468826,0.0,-0.0124000000000004,0.7264516129032259,0.0001701175921162,0.0,-7.0,0,-0.0735473686344076,0.0043942708488222,0.0016838199397431,-0.029018000000000935
2014-03-26,-0.0044515705987517,0.0,-0.0004999999999997,0.7183870967741937,0.000170088657045,0.0,-7.0,0,0.0628877177343349,-0.007024936954876,0.0003738054071632,-0.029018000000000935
2014-03-27,0.0344455391169411,0.0,-0.0289000000000001,0.7103225806451614,0.0001700597318112,0.03,1.0,1,-0.0209821854976033,-0.001901891343977,0.0074467722838786,-0.029018000000000935
2014-03-28,0.0024342415078031,0.0,-0.0226999999999999,0.702258064516129,0.0001700308164167,0.01,3.0,0,-0.0144680470715333,0.0046294892434096,0.0022232326162827,-0.029018000000000935
2014-03-31,0.0129165426324604,0.0,0.0026999999999999,0.6780645161290323,0.0005099190551707,-0.04,1.0,0,-0.0374734360987215,0.0078928713847966,-0.0028726105651295,-0.029018000000000935
2014-04-01,-0.002880272140695,0.0,-0.0009999999999998,0.67,0.0001699152530996,0.02,-6.0,0,-0.0578367039967494,0.0070146880442134,-0.020058778642912,-0.029018000000000935
2014-04-02,0.0280686459826071,0.0,0.0091000000000001,0.663,0.0001072560609074,0.0,1.0,0,-0.0007636677482945,0.0028492638318384,-0.0078894170595294,-0.029018000000000935
2014-04-03,-0.0056833213135885,0.000895,0.0099999999999997,0.656,0.0001072445582774,0.0,0.0,0,0.0211647909756841,-0.0011270852130106,0.0128948463003754,-0.028123000000000935
2014-04-04,-0.0063616177078564,0.0,-0.0390999999999999,0.649,0.0001072330581148,0.0,-2.0,1,0.0431827175124959,-0.0126165429253139,0.0053553910816786,-0.028123000000000935
2014-04-07,0.0207878694622891,0.0,-0.0093999999999998,0.628,0.0003216301980337,0.0,1.0,0,0.1091498661788463,-0.0108083123321497,-0.0084690590136144,-0.028123000000000935
2014-04-08,-0.0101365240081072,0.0,-0.0352000000000001,0.621,0.000107187082122,0.02,-1.0,1,-0.0446560964924763,0.0037435379801772,0.0173314422293804,-0.028123000000000935
2014-04-09,-0.0086370097480941,0.0,0.0137,0.614,0.000107175594282,-0.02,1.0,0,-0.0745730734958479,0.0108590393419655,0.0028750790571639,-0.028123000000000935
2014-04-10,-0.0011337869695271,0.0,-0.0123999999999999,0.607,0.0001071641089041,0.0,-2.0,0,0.1395732058974995,-0.0211059677373872,-0.0048273790976442,-0.028123000000000935
2014-04-11,0.0143700163885416,0.0,0.0072,0.6000000000000001,0.0001071526259899,0.0,2.0,0,0.0692865328395166,-0.0095320597398973,-0.0012104592274934,-0.028123000000000935
2014-04-14,-0.0052385996878587,0.0,0.0036999999999998,0.5790000000000001,0.0003213890050748,0.0,1.0,0,-0.0555362999189706,0.0081837081507406,0.0160816575891922,-0.028123000000000935
2014-04-15,-0.0223821200240728,0.0,0.0160999999999997,0.5720000000000001,0.0001071067189251,0.0,1.0,0,-0.031528522541815,0.0067345795177034,-0.0030301830702012,-0.028123000000000935
2014-04-16,0.0146970330259126,0.0,0.0085000000000001,0.5650000000000001,0.0001070952483033,0.0,-3.0,0,-0.0960791699080247,0.0104338679487661,0.000551670398617,-0.028123000000000935
2014-04-17,0.0176361854291489,0.0,0.0140000000000002,0.558,0.00010708378014,0.0,-9.0,0,-0.059567400214857,0.0013629237070939,0.0066871107196482,-0.028123000000000935
2014-04-22,-0.0025939354916584,0.0,-0.0033000000000003,0.523,0.0005352469641657,-0.01,3.0,0,-0.0045386175162532,0.0040837889961278,-0.0062038363837039,-0.028123000000000935
2014-04-23,-0.0078612049793527,0.0,-0.0022999999999999,0.516,0.0001070150227011,0.01,4.0,0,0.0060469479242697,-0.002215766862522,-0.0014652996002788,-0.028123000000000935
2014-04-24,0.0047781726897309,0.0,-0.0196999999999998,0.509,0.0001070035717098,0.0,1.0,0,0.0037607593609005,0.0017154882753308,0.01111933810746,-0.028123000000000935
2014-04-25,-0.0080995637336531,0.0,0.0095999999999998,0.502,0.0001069921231717,0.0,2.0,0,0.0540672740260857,-0.0081293447435016,-0.0068209985483556,-0.028123000000000935
2014-04-28,-0.0002918770634536,0.0,0.0045000000000001,0.481,0.0003209077027719,0.0,-3.0,0,-0.0064217238439177,0.0032308111625023,-0.0134131460086861,-0.028123000000000935
2014-04-29,0.0088159217790142,0.0,-0.0171000000000001,0.474,0.000106946353501,0.01,-5.0,0,-0.0187866960266735,0.0047494605046335,0.0079226631468237,-0.028123000000000935
2014-04-30,-0.0041173401808656,0.0,0.0161000000000002,0.4669999999999999,0.000106934917202,0.0,-3.0,0,-0.02212481044172,0.0029875498027012,-0.0083852474669567,-0.028123000000000935
2014-05-02,0.0258890622902843,0.0,-0.0139,0.4580645161290322,-0.0012314453108146,-0.1,-4.0,0,-0.0259953593930365,-0.0013493550298709,0.0076727365785491,-0.028123000000000935
2014-05-05,0.0087573145311523,0.0,0.0064999999999999,0.452258064516129,-0.0040258874488028,0.01,0.0,0,0.0290096768156076,0.0018694675823397,-0.0080440092290377,-0.028123000000000935
2014-05-06,0.0062298524656423,0.0,0.0036,0.4503225806451613,-0.0013455722830606,-0.01,-3.0,0,0.0376567361297235,-0.009029031461991,-0.0061458771144431,-0.028123000000000935
2014-05-07,0.0050633958670118,0.0,-0.004,0.4483870967741936,-0.001347385287632,0.0,0.0,0,-0.0294139274955506,0.0056007548710332,0.0099447793955637,-0.028123000000000935
2014-05-08,-0.0117424005653816,0.0,-0.0175,0.4464516129032258,-0.0013492031844286,0.0,-2.0,0,0.0022363547696094,-0.0013745692327864,-0.0008326441583239,-0.028123000000000935
2014-05-09,-0.0060457178944552,0.0,0.0084999999999997,0.444516129032258,-0.0013510259932765,0.0,3.0,0,-0.0387145289990247,0.0015183231948788,-0.0013893534922979,-0.028123000000000935
2014-05-12,0.0177881184598369,0.0,-0.0027999999999996,0.4387096774193548,-0.0040640642531464,0.0,0.0,0,-0.0548845919900521,0.0096262561723155,0.0048081855472968,-0.028123000000000935
2014-05-13,-0.0027047070953045,0.0,-0.0062999999999999,0.4367741935483871,-0.0013583667495495,0.0,0.0,0,-0.0082101798790134,0.000421668788283,0.0076269075967367,-0.028123000000000935
2014-05-14,0.0093427562887828,0.0,0.0027999999999996,0.4348387096774194,-0.0013602144198721,0.0,2.0,0,0.0032921808779591,-0.004712089565017,0.0086588936059004,-0.028123000000000935
2014-05-15,-0.0102892778928129,0.0,0.0037000000000002,0.4329032258064516,-0.0013620671235017,0.0,7.0,0,0.0789676082797465,-0.0094059041839347,0.0022662385121132,-0.028123000000000935
2014-05-16,0.0022256853167288,0.0,-0.0056000000000002,0.4309677419354839,-0.0013639248810282,0.0,-2.0,0,-0.057024467968413,0.0037399628190006,-0.0001811488948687,-0.028123000000000935
2014-05-19,-0.0116092947309791,0.0,0.0001000000000002,0.4251612903225806,-0.0041029720385292,-0.01,-2.0,0,-0.0016089709316244,0.0038374141897041,-0.0095546058133729,-0.028123000000000935
2014-05-20,-0.0186726828264642,0.0,0.0044999999999997,0.4232258064516129,-0.0013714068659815,0.01,6.0,0,0.0425596112194054,-0.0065196046085433,0.0029215732206808,-0.028123000000000935
2014-05-21,-0.00311756126613,0.0,-0.0044999999999997,0.4212903225806452,-0.001373290205894,0.0,-4.0,0,-0.0844893233121048,0.0080833405477469,0.0078097072281115,-0.028123000000000935
2014-05-22,0.0114848561181784,0.0,0.0019999999999997,0.4193548387096774,-0.0013751787256648,0.01,3.0,0,0.0100251372342157,0.0023594441947138,-0.0017201800290457,-0.028123000000000935
2014-05-23,-0.0034145264224303,0.0,0.0056000000000002,0.4174193548387097,-0.0013770724466972,-0.01,-1.0,0,-0.0573051247187473,0.0042393929178847,0.0016296998077981,-0.028123000000000935
2014-05-26,0.0057977767135035,0.0,0.0021999999999997,0.4116129032258064,-0.0041426320023383,0.0,0.0,0,-0.0573051247187473,0.0042393929178847,0.0016296998077981,-0.028123000000000935
2014-05-27,-0.0144621184027666,0.0,0.0144999999999999,0.4096774193548387,-0.0013846997755404,0.0,2.0,0,0.0131178595483362,0.0059699502115288,-0.0047153177521529,-0.028123000000000935
2014-05-28,0.0089303345090261,0.0,0.0051000000000001,0.407741935483871,-0.001386619828013,0.0,-4.0,0,0.0146617609088764,-0.0011146927500584,-0.0019105595586641,-0.028123000000000935
2014-05-29,-0.0076469446517073,0.0,-0.0154,0.4058064516129032,-0.0013885452126451,0.0,-6.0,0,-0.0094624886990312,0.0053527586573611,0.0014560350465546,-0.028123000000000935
2014-05-30,-0.0193283815303839,0.0,0.0139,0.4038709677419355,-0.0013904759516822,0.0,2.0,0,-0.0148021928909203,0.0018419804431013,-0.0051052854630415,-0.028123000000000935
2014-06-02,0.0071369839624271,0.0,0.0249999999999999,0.387,-0.0009420015458356,-0.12,0.0,1,0.0156661436182331,0.0007275613640587,-0.0053152784272522,-0.028123000000000935
2014-06-03,0.0082209691279473,0.0,0.0014000000000002,0.374,0.0018413672151087,-0.02,-1.0,0,0.0247347334239617,-0.0003792884695348,-9.191027950738824e-05,-0.028123000000000935
2014-06-04,-0.0038319018630108,0.0,0.0147999999999997,0.361,0.0018379828128605,0.0,3.0,0,0.0175369872105577,0.0018898766063629,-0.0038670351714509,-0.028123000000000935
2014-06-05,-0.0053002290591823,0.0,-0.0106999999999999,0.348,0.001834610828741,0.0,-3.0,0,-0.0336731826628007,0.0065040821196629,0.0035913237666187,-0.028123000000000935
2014-06-06,0.0299961355246161,0.0,-0.0249999999999999,0.335,0.0018312511945293,0.0,-9.0,1,-0.0848344895475763,0.0046170835480189,-0.0016559369369307,-0.028123000000000935
2014-06-09,0.0213039471794651,0.0,-0.0108999999999999,0.296,0.0054737182644934,0.0,-1.0,0,0.0383959497130278,0.0009383308564868,0.0126259432353751,-0.028123000000000935
2014-06-10,0.0060802744334971,0.0,-0.004,0.283,0.0018179348096687,0.0,4.0,0,-0.0144537161044385,-0.0002460138818795,-0.0042822828181189,-0.028123000000000935
2014-06-11,0.0090788730000479,0.0,0.0011000000000001,0.27,0.0018146359189561,0.0,11.0,0,0.0540193834084825,-0.0035433111516659,0.0039185389160371,-0.028123000000000935
2014-06-13,-0.0053680901182353,0.0,0.004,0.244,0.0036194229045225,0.04,-8.0,0,-0.0307219071117914,0.0031296591990707,0.0034448386185475,-0.028123000000000935
2014-06-16,-0.0032347406149177,0.0,-0.0034,0.205,0.0054046893517387,-0.04,4.0,0,0.0378618976805855,0.0008363553307868,-0.0016767637279191,-0.028123000000000935
2014-06-17,-0.0060589554677363,0.0,0.0173,0.192,0.0017950912908464,0.0,-1.0,0,-0.0477629589246925,0.0021702124448891,0.0020293449360609,-0.028123000000000935
2014-06-18,0.0164930726924588,0.0,0.0047999999999999,0.179,0.0017918747112961,0.0,-1.0,0,-0.1280973058256476,0.0076892431607294,0.0071143876662733,-0.028123000000000935
2014-06-20,-0.01028768826081,0.0,-0.0154,0.153,0.0035741456495141,0.0,3.0,0,0.0214261101071562,0.001728563495676,-0.0021751433756303,-0.028123000000000935
2014-06-23,-0.0078642180992911,0.0,-0.0184999999999999,0.1139999999999999,0.0053373798037537,0.0,-1.0,0,0.011910279245735,-0.0001324728528989,-0.0060280164281781,-0.028123000000000935
2014-06-24,0.0013088645166146,0.0,0.0021999999999997,0.1009999999999999,0.0017728147349025,0.0,-1.0,0,0.0996063379997912,-0.0064561064986174,0.0029748585695003,-0.028123000000000935
2014-06-25,-0.0158767389300944,0.0,-0.0164999999999997,0.0879999999999999,0.0017696774238693,0.04,-4.0,0,-0.0455390618733561,0.0048855574227171,-0.0040269605877944,-0.028123000000000935
2014-06-26,0.0014962782876164,0.0,0.0036999999999998,0.075,0.0017665511972833,-0.04,0.0,0,0.0034453058535823,-0.0011795794276391,-0.0069539553914604,-0.028123000000000935
2014-06-27,-0.0065439983023409,0.0,-0.0114,0.062,0.0017634359965033,0.0,2.0,0,-0.0323313333321929,0.0019090452380837,0.0007947019661222,-0.028123000000000935
2014-06-30,0.0002069127681956,0.0,0.0050000000000003,0.0229999999999999,0.0052717261719408,0.0,3.0,0,0.0271588717905851,-0.0003723259970013,-0.0083311873010071,-0.028123000000000935
2014-07-01,5.6423325418109016e-05,0.0,0.0028999999999999,0.01,0.0017510842930246,0.03,-2.0,0,-0.0369760511355172,0.0066555728968225,-0.0006231889304626,-0.028123000000000935
2014-07-02,-0.0026742012170295,0.0,0.008,0.0177419354838709,-0.0002051019176967,0.0,1.0,0,-0.0300432184800462,0.0006585960751231,-0.0093948085757214,-0.028123000000000935
2014-07-03,0.0158276147032854,0.0,0.0146999999999999,0.0254838709677419,-0.0002051439931207,0.0,-1.0,0,-0.0473125147314298,0.0054645502276723,-0.0021598088496319,-0.028123000000000935
2014-07-04,0.0033354983208226,0.0,-0.0131999999999998,0.0332258064516129,-0.0002051860858163,0.0,0.0,0,-0.0473125147314298,0.0054645502276723,-0.0021598088496319,-0.028123000000000935
2014-07-07,-0.0046914055467688,0.0,0.0051999999999998,0.0564516129032258,-0.0006158109864298,0.0,0.0,0,0.0933703378239961,-0.0039312390543236,-0.0068704134249835,-0.028123000000000935
2014-07-08,-0.0031088011485724,0.0,-0.0051000000000001,0.0641935483870967,-0.0002053546294664,0.01,2.0,0,0.0557844861705297,-0.0070737621816806,-0.0118624935212637,-0.028123000000000935
2014-07-10,0.0177038293542803,0.0,0.0087000000000001,0.0796774193548387,-0.0004108358138203,-0.01,6.0,0,0.077596712908498,-0.0041396283244737,0.003595296752559,-0.028123000000000935
2014-07-11,0.0035290174585842,0.0,-0.0009000000000001,0.0874193548387096,-0.0002054812190248,0.0,1.0,0,-0.0413516739850797,0.0014698419980472,-0.0186695107182035,-0.028123000000000935
2014-07-14,0.0173350943677803,0.0,-0.0051999999999998,0.1106451612903225,-0.000616697113795,0.0,-2.0,0,-0.021758200031587,0.0048318607269969,0.002995692975303,-0.028123000000000935
2014-07-15,0.0041175159768407,0.0,0.0019,0.1183870967741935,-0.0002056502480805,0.0,1.0,0,0.0117747655526741,-0.0019339645679456,-0.009014208585731,-0.028123000000000935
2014-07-16,-0.0046019903764626,0.0,-0.0001999999999999,0.1261290322580645,-0.0002056925488052,0.0,0.0,0,-0.0836724789136613,0.0041922850094485,-0.0016047407310581,-0.028123000000000935
2014-07-17,-0.0014188857842718,0.0,0.0209999999999999,0.1338709677419355,-0.0002057348669328,0.0,5.0,0,0.2790081966834145,-0.011904605927478,0.0010386725981673,-0.028123000000000935
2014-07-18,0.0244128909597964,0.0,-0.0040999999999997,0.1416129032258064,-0.0002057772024794,0.01,-10.0,0,-0.1870092433886584,0.0102126088996711,0.01200763768411,-0.028123000000000935
2014-07-21,0.0108333593282807,0.0,-0.0123999999999999,0.1648387096774193,-0.0006175857950356,0.0,-1.0,0,0.0603319225724789,-0.0023229464239046,0.0040945752828485,-0.028123000000000935
2014-07-22,0.0060371928007114,0.0,-0.0109000000000003,0.1725806451612903,-0.0002059467190385,-0.01,-1.0,0,-0.0455168902809221,0.0050036111673001,-0.0032556511770382,-0.028123000000000935
2014-07-23,-0.0097571894420145,0.0,0.0073000000000003,0.1803225806451613,-0.0002059891418273,0.0,-4.0,0,-0.0606245633805092,0.0017529007770128,0.006500737475747,-0.028123000000000935
2014-07-24,0.0096709535523071,0.0,0.0001999999999999,0.1880645161290322,-0.0002060315820973,0.0,0.0,0,0.0273989473391759,0.0004880368125506,-0.0089261317092923,-0.028123000000000935
2014-07-25,-0.0027115967529685,0.0,0.0088999999999996,0.1958064516129032,-0.0002060740398555,0.0,6.0,0,0.0693306063162236,-0.004860946046109,0.0122530048766563,-0.028123000000000935
2014-07-28,-0.0021641844713506,0.0,0.0009000000000001,0.2190322580645161,-0.0006184770412129,0.0,1.0,0,-0.0102970542105491,0.0002881133935528,-0.0075940325896727,-0.028123000000000935
2014-07-29,-0.0100510361456276,0.0,-0.0024000000000001,0.2267741935483871,-0.0002062440460317,0.0,5.0,0,0.0557419294916716,-0.004538068413714,0.0013934836686676,-0.028123000000000935
2014-07-30,-0.0042281877425054,0.0,0.0169000000000001,0.234516129032258,-0.000206286591414,0.0199999999999999,-9.0,0,0.0037580045264439,6.091091941020138e-05,-0.0112963817638916,-0.028123000000000935
2014-07-31,-0.0186151754880228,0.0,0.0226999999999999,0.242258064516129,-0.0002063291543521,-0.0099999999999999,6.0,0,0.2402507503704949,-0.0202019321552301,-0.004611173615244,-0.028123000000000935
2014-08-01,0.0013245983392362,0.0,-0.0066999999999999,0.25,-0.0002063717348566,-0.01,13.0,0,0.0047086561567203,-0.0028632162312983,-0.0111923803717033,-0.028123000000000935
2014-08-04,0.0126735847894963,0.0,-0.0030000000000001,0.2809677419354838,0.0015383921897669,0.0,-1.0,0,-0.1189581718118126,0.0071633144496466,0.0054221994839263,-0.028123000000000935
2014-08-05,-0.0073392873184339,0.0,0.0179,0.2912903225806451,0.0005122719233536,0.0,7.0,0,0.1095185831224219,-0.0097326791973366,-0.0076183878184591,-0.028123000000000935
2014-08-06,0.0050581797273512,0.0,0.0034,0.3016129032258065,0.0005120096351891,0.0,-1.0,0,-0.0300865036553744,1.5638426360123552e-05,-0.0001912454379897,-0.028123000000000935
2014-08-07,-0.0053073122137377,0.0,0.0011999999999998,0.3119354838709677,0.000511747615473,0.0,4.0,0,0.0175601849301687,-0.005572115446733,0.0080941841564338,-0.028123000000000935
2014-08-08,-0.0110057391703737,0.0,0.0184000000000001,0.322258064516129,0.0005114858637966,0.0,-1.0,0,-0.0549011975773132,0.011465422557972,-0.0039913176636515,-0.028123000000000935
2014-08-11,0.0185411690167782,0.0,-0.0207000000000001,0.3532258064516129,0.0015328897555537,0.01,-2.0,0,-0.1027570500696017,0.0027556250258418,-0.0032426956677392,-0.028123000000000935
2014-08-12,-0.0030250785971972,0.0,-0.0008999999999996,0.3635483870967742,0.0005104415292684,-0.01,-3.0,0,-0.0070521751372636,-0.0016379823741559,-0.0159849690250883,-0.028123000000000935
2014-08-13,-0.0153721459818854,0.0,-0.0078,0.3738709677419354,0.0005101811116343,0.0,-1.0,0,-0.0910729229992516,0.0066847671025108,0.0121564658071093,-0.028123000000000935
2014-08-14,0.0035739659633584,0.0,0.0011000000000001,0.3841935483870967,0.0005099209595886,0.0,-6.0,0,-0.0379191991481669,0.0043363982736976,-0.0220087087234768,-0.028123000000000935
2014-08-15,0.0210041071578377,3.599999999999437e-05,-0.0013,0.3945161290322581,0.0005096610727175,0.0,1.0,0,0.057113646966506,-6.137480757126603e-05,-0.0005884015492141,-0.02808700000000094
2014-08-18,0.0104257656868913,-3.599999999999437e-05,-0.0095,0.4254838709677419,0.0015274265426565,0.0,-4.0,0,-0.0651977962800565,0.0084954832196601,-0.0034389469607077,-0.028123000000000935
2014-08-19,0.0153093240877879,0.0,-0.0007999999999999,0.4358064516129032,0.0005086241689369,0.01,-3.0,0,-0.0089686420877584,0.0049881901791977,-0.0003937873284641,-0.028123000000000935
2014-08-20,0.0073129273205516,3.599999999999437e-05,-0.0037000000000002,0.4461290322580645,0.0005083656019007,0.0,-2.0,0,-0.0358521356913934,0.0024747482825436,0.0070644056906465,-0.02808700000000094
2014-08-21,0.0019343350393761,0.0,0.0032,0.4564516129032258,0.0005081072976231,0.0,-2.0,0,-0.0016991936222382,0.0029455472802706,0.0034161224075717,-0.02808700000000094
2014-08-22,-0.0099660958269058,-3.599999999999437e-05,0.0196,0.466774193548387,0.0005078492557046,0.0,1.0,0,-0.0249690075113142,-0.0019945749188226,-0.0033183354764151,-0.028123000000000935
2014-08-25,0.0224823676043044,0.0,0.0030000000000001,0.4977419354838709,0.0015220021332069,-0.01,0.0,0,0.0198538710796776,0.0047763538636038,0.0035132329105851,-0.028123000000000935
2014-08-26,0.0014386566100093,0.0,-0.0060000000000002,0.5080645161290323,0.000506819703645,0.0,-3.0,0,-0.0060008491308644,0.0010505288952435,-0.0014623597513495,-0.028123000000000935
2014-08-27,0.0187134928043875,0.0,-0.0156999999999998,0.5183870967741935,0.000506562967546,0.0,-4.0,0,0.0128151791847393,4.998604328455613e-05,0.0021440532469803,-0.028123000000000935
2014-08-28,-0.0108874238212326,0.0,-0.0092000000000003,0.5287096774193548,0.0005063064914221,0.0,-1.0,0,0.0226615202098232,-0.0016913305449461,-0.002534382249848,-0.028123000000000935
2014-08-29,0.0164012263521691,0.0,-0.0102999999999999,0.5390322580645162,0.000506050274879,0.0,1.0,0,0.0033140014824179,0.0033149143290199,0.0070995032113575,-0.028123000000000935
2014-09-01,-0.0024013929811061,0.0,-0.0031999999999996,0.57,0.0015166161152571,0.0999999999999999,0.0,0,0.0033140014824179,0.0033149143290199,0.0070995032113575,-0.028123000000000935
2014-09-02,0.0122728850137399,0.0,0.0156999999999998,0.565,0.0011932193680941,0.0,-2.0,0,0.0131472597430347,-0.0005442142177026,-0.0280075902278502,-0.028123000000000935
2014-09-03,-0.0009536664345262,0.0,-0.0201999999999999,0.5599999999999999,0.0011917972923107,0.02,-2.0,0,0.0089394872618864,-0.0007794447528015,0.0239290664133503,-0.028123000000000935
2014-09-04,-0.0169121018405054,0.0,0.0036999999999998,0.5549999999999999,0.0011903786021498,-0.02,2.0,0,0.0224009916276986,-0.0015355992047121,-0.009188674807393,-0.028123000000000935
2014-09-05,-0.0019591547330541,0.0,0.0060000000000002,0.5499999999999999,0.0011889632855286,0.0,-3.0,0,-0.04448773863262,0.0050232477049584,-0.0099680285375117,-0.028123000000000935
2014-09-08,-0.0248273425836345,0.0,0.0074999999999998,0.5349999999999999,0.0035584315123404,0.0,0.0,0,0.0460687274155727,-0.0030778458543158,-0.0061685874334486,-0.028123000000000935
2014-09-09,-0.0087725070299171,0.0,0.0322,0.5299999999999999,0.0011833355149413,0.0,10.0,1,0.0642422807811097,-0.0065665215326854,-0.0104334140957932,-0.028123000000000935
2014-09-10,-0.0081626121663234,0.0,0.0154,0.5249999999999999,0.0011819368868852,0.0,-2.0,0,-0.0470139558830118,0.0036394436003678,-0.0113591761000899,-0.028123000000000935
2014-09-11,0.0023683679636405,0.0,-0.0087000000000001,0.52,0.0011805415611032,0.0,1.0,0,-0.0062305437346394,0.0008815167647232,0.0004079228586766,-0.028123000000000935
2014-09-12,-0.0244492289394084,0.0,0.0371000000000001,0.5149999999999999,0.001179149525921,0.0,5.0,1,0.0390704781067108,-0.0059804054920065,-0.0099391279654732,-0.028123000000000935
2014-09-15,0.0177760018980528,0.0,0.0150000000000001,0.4999999999999999,0.0035291290985526,0.0,5.0,0,0.0590765600267716,-0.0007104037481093,-0.0047481414494033,-0.028123000000000935
2014-09-16,0.0199213859335998,0.0,-0.0049999999999998,0.495,0.0011736140594358,-0.01,-1.0,0,-0.1036308473503406,0.0074565073245564,-0.0002069978544981,-0.028123000000000935
2014-09-17,-0.0001184202736901,0.0,0.0032999999999998,0.49,0.0011722383039227,0.01,-9.0,0,-0.0063041915920552,0.0012948050790884,0.023927562655154,-0.028123000000000935
2014-09-18,-0.0124956938200408,0.0,0.0283999999999999,0.485,0.0011708657700619,0.0,1.0,1,-0.0502536772281403,0.0048792571273398,-0.0129152584299415,-0.028123000000000935
2014-09-19,-0.0100721390732161,0.0,-0.0011999999999998,0.48,0.0011694964465469,0.0,2.0,0,0.0066280214249704,-0.0004773835104033,0.0070376388615535,-0.028123000000000935
2014-09-22,-0.0169452692152187,0.0,0.0213999999999998,0.4649999999999999,0.0035003053335991,0.0,7.0,0,0.1226340794343783,-0.0080456025302185,-0.0145375017693674,-0.028123000000000935
2014-09-23,-0.0048871382303108,0.0,0.0156,0.4599999999999999,0.0011640510317487,0.0,1.0,0,0.086707023342512,-0.0057932500796262,-0.0012382908069856,-0.028123000000000935
2014-09-24,0.0049927329929086,0.0,0.0043999999999999,0.4549999999999999,0.0011626975922656,0.0,-2.0,0,-0.117866749151292,0.0078019767586544,0.001031976113083,-0.028123000000000935
2014-09-25,-0.0152858827227273,0.0,0.0015,0.4499999999999999,0.0011613472964064,0.0,10.0,0,0.1643258742284999,-0.0163009132651705,0.0005156282923688,-0.028123000000000935
2014-09-26,0.0220907776198711,0.0,0.0224999999999999,0.4449999999999999,0.0011600001332379,0.0,2.0,0,-0.0518318661318421,0.0085392611240015,0.0,-0.028123000000000935
2014-09-29,-0.0462720131768996,0.0,0.0211999999999998,0.4299999999999999,0.0034719485845347,0.0,13.0,0,0.0733380207551857,-0.0025500508569158,0.0020597015663247,-0.028123000000000935
2014-09-30,-0.00936176267464,0.0,-0.0011999999999998,0.4249999999999999,0.0011546425904036,0.0,-4.0,0,0.0204404721966482,-0.002789816544312,-0.0263735392703538,-0.028123000000000935
2014-10-01,-0.0235208180734218,0.0,0.0112999999999998,0.42,0.0011533109283394,0.07,7.0,0,0.0242289039293726,-0.0133371061126374,-0.0054016389549227,-0.028123000000000935
2014-10-02,0.012427658373836,0.0,0.0161999999999999,0.4229032258064516,-0.0006674886199249,0.0,-6.0,0,-0.0334682441674828,5.143328250229687e-06,-0.007890066370712,-0.028123000000000935
2014-10-03,0.0188976463759154,0.0,0.0146999999999999,0.4258064516129032,-0.0006679344585904,0.0,-1.0,0,-0.1049480369242025,0.0111036355239025,-0.0119529839195656,-0.028123000000000935
2014-10-06,0.0461499101506053,0.0,-0.0833999999999997,0.434516129032258,-0.0020064843735561,0.0,-2.0,1,0.0606650389003117,-0.0015663860013981,0.0051864336775941,-0.028123000000000935
2014-10-07,0.005586996864082,0.0,-0.0060000000000002,0.4374193548387096,-0.0006697237850339,0.0,3.0,0,0.1066533825496126,-0.0152416186191286,-0.0073553636052699,-0.028123000000000935
2014-10-08,-0.0066029900847652,0.0,0.0034,0.4403225806451613,-0.0006701726155888,0.0,-1.0,0,-0.1295526746132622,0.0173109474980591,-0.007956915548061,-0.028123000000000935
2014-10-09,0.0036737091507159,0.0,-0.0158,0.4432258064516129,-0.0006706220481405,0.0,-7.0,0,0.2163702022155137,-0.0208778484543149,-0.0146615005668592,-0.028123000000000935
2014-10-10,-0.0347521203188119,0.0,0.0188999999999999,0.4461290322580645,-0.0006710720838913,0.0,4.0,0,0.1241592298191541,-0.0115170800262109,0.0017751700081449,-0.028123000000000935
2014-10-13,0.0467114730992577,0.0,-0.0179999999999997,0.4548387096774193,-0.0020159225164686,0.0,0.0,0,0.1484849282968003,-0.0166050332025225,-0.0147406321324876,-0.028123000000000935
2014-10-14,0.0010002415209822,0.0,0.0067999999999996,0.457741935483871,-0.0006728782832858,0.0,9.0,0,-0.0780492304646376,0.0015776196808667,-0.0442778985876782,-0.028123000000000935
2014-10-15,-0.0329420938887654,0.0,0.0325000000000001,0.4606451612903225,-0.0006733313533491,0.0,-1.0,1,0.1032960560850889,-0.0081333007260773,-0.0149274438509878,-0.028123000000000935
2014-10-16,-0.0332721100617074,0.0,0.0453999999999998,0.4635483870967742,-0.000673785033955,0.0,1.0,1,-0.0027739147222563,0.0001449672004417,0.0082021552421784,-0.028123000000000935
2014-10-17,0.0259235399949417,0.0,-0.0292999999999996,0.4664516129032258,-0.0006742393263383,0.0,-6.0,1,-0.1362562306345335,0.0128018133771461,0.0008283497774339,-0.028123000000000935
2014-10-20,-0.025831459811453,0.0,0.0076999999999998,0.4751612903225806,-0.0020254498697074,0.01,2.0,0,-0.1690404352274108,0.0091011161212813,0.0101213126937979,-0.028123000000000935
2014-10-21,-0.0350623820760667,0.0,0.0242999999999997,0.4780645161290322,-0.0006760626384796,-0.01,3.0,1,-0.1439710999246361,0.0193853708277509,0.0095560648150341,-0.028123000000000935
2014-10-22,-0.0004005989962294,0.0,-0.0015999999999998,0.4809677419354838,-0.0006765200084011,0.0,-1.0,0,0.1055471171284204,-0.0073261006616121,-0.0176685358413167,-0.028123000000000935
2014-10-23,-0.0329342049741718,0.0,0.0222999999999999,0.4838709677419355,-0.0006769779975765,0.0,0.0,0,-0.0779464227623072,0.0122283057215994,0.0247185575246893,-0.028123000000000935
2014-10-24,0.023926171047421,0.0,-0.0198999999999998,0.4867741935483871,-0.0006774366072725,0.0,0.0,0,-0.0257367182968998,0.0070286901757161,-0.0080944542480798,-0.028123000000000935
2014-10-27,-0.0280559179681532,0.0,0.0535999999999998,0.4954838709677419,-0.0020350677041154,0.0,2.0,1,-0.0043545755592538,-0.0015026968788378,-0.0034891338486525,-0.028123000000000935
2014-10-28,0.0355172793187925,0.0,-0.0472000000000001,0.4983870967741935,-0.000679277276518,0.0,-6.0,1,-0.1085521147584289,0.0118683645669103,0.0023274413803511,-0.028123000000000935
2014-10-29,-0.0247838646038918,0.0,-0.0522999999999997,0.5012903225806452,-0.000679739007797,0.01,-3.0,1,0.0514669620181554,-0.0013863159906425,0.0125904517071442,-0.028123000000000935
2014-10-30,0.0249176221398936,0.0008939999999999,-0.0226999999999999,0.5041935483870967,-0.0006802013672189,0.01,-3.0,0,-0.0424734658527846,0.0062107972478731,-0.0101524277612029,-0.027229000000001037
2014-10-31,0.0428612993593251,0.0,0.0322999999999997,0.5070967741935484,-0.0006806643560608,-0.01,0.0,1,-0.0343291658414057,0.0116631142331485,-0.0044160124848272,-0.027229000000001037
2014-11-03,-0.0125627941649888,0.0,0.0397000000000002,0.528,-0.0003666904984314,0.0599999999999999,4.0,1,0.0486883243159075,-0.0001189289163994,-0.0126584183790869,-0.027229000000001037
2014-11-04,0.0080679098393048,0.0,0.0355999999999996,0.537,0.0001571816697651,0.0,7.0,1,0.0108036703556126,-0.002833853252665,-0.0233900770933976,-0.027229000000001037
2014-11-05,-0.0126942360803727,0.0,-0.0026999999999999,0.546,0.0001571569675711,0.0,-2.0,0,-0.0495628106664104,0.0056843110608044,0.0015684054135101,-0.027229000000001037
2014-11-06,-0.0199564623618258,0.0,0.0157000000000002,0.555,0.0001571322731379,0.0,1.0,0,-0.0359234027697964,0.0037684036443282,-0.0010855358308098,-0.027229000000001037
2014-11-07,0.0110713392350589,0.0,0.0395999999999996,0.5640000000000001,0.0001571075864674,0.0,9.0,1,-0.0410658815236687,0.0003495251267808,0.0063759467643385,-0.027229000000001037
2014-11-10,-0.0094009073817815,0.0,-0.0330999999999996,0.591,0.0004711747169032,0.01,-3.0,1,-0.0349007744386427,0.0031153270195588,-0.0126714189133546,-0.027229000000001037
2014-11-11,-0.0047719175333877,0.0,0.0253999999999998,0.6,0.0001570089172986,0.01,0.0,1,0.0195395039048906,0.0006964516302874,-0.0081702569162763,-0.027229000000001037
2014-11-12,0.0095777997871486,0.0,-0.0093999999999998,0.609,0.0001569842693687,-0.01,0.0,0,0.0077101676793628,-0.0007013625789179,-0.0159213600989349,-0.027229000000001037
2014-11-13,-0.021617822531283,0.0,0.0174999999999996,0.618,0.0001569596291748,0.0,1.0,0,0.0574570171000097,0.0005297044284002,-0.0310827190159688,-0.027229000000001037
2014-11-14,-0.0014283235071257,0.0,0.0411000000000001,0.627,0.0001569349967152,0.0,13.0,1,-0.035428025105489,0.0002402413485468,-0.0023127378902081,-0.027229000000001037
2014-11-17,-0.0099972685227509,0.0,-0.0100999999999999,0.654,0.0004706572726789,0.0,1.0,0,0.0498271083835577,0.0007350887776586,0.0199942953672362,-0.027229000000001037
2014-11-18,0.015583121981967,0.0,-0.0068000000000001,0.663,0.0001568365441464,0.0,0.0,0,-0.0093358033260057,0.0051208493536883,-0.0106477916164605,-0.027229000000001037
2014-11-19,0.0254316081239984,0.0,-0.0117999999999995,0.672,0.0001568119503012,0.0,-9.0,0,0.0071891310758221,-0.0015022868756188,-0.0047263643875469,-0.027229000000001037
2014-11-21,0.0489836426954788,0.0,-0.0458000000000002,0.6900000000000001,0.0003135501499134,0.0,-18.0,1,-0.0513708347161098,0.0052232126037382,0.0129001571465473,-0.027229000000001037
2014-11-24,-0.0121446272970011,0.0,-0.0108999999999999,0.7170000000000001,0.0004701409637206,0.0,4.0,0,-0.0219444337514808,0.0028599298137392,-0.0084979304355895,-0.027229000000001037
2014-11-25,0.0027755767224029,0.0,-0.0045000000000001,0.726,0.0001566645490598,0.0,4.0,0,-0.0297569110541125,-0.0011506914684172,-0.0170879223510523,-0.027229000000001037
2014-11-26,-0.0083680984248459,0.0,-0.0133999999999998,0.7350000000000001,0.0001566400091235,-0.01,-7.0,0,-0.0148029271651223,0.0028020524716035,-0.0074321436959642,-0.027229000000001037
2014-11-27,-0.006865869858327,0.0,-0.0038,0.744,0.0001566154768752,0.01,0.0,0,-0.0148029271651223,0.0028020524716035,-0.0074321436959642,-0.027229000000001037
2014-11-28,-0.0010421905226358,0.0,0.0535999999999998,0.753,0.0001565909523062,0.0,0.0,1,0.0992941186415269,-0.0025456646370122,-0.1028627227592143,-0.027229000000001037
2014-12-01,-0.0446679827436877,0.0,0.0022999999999999,0.78,0.0004696257862981,0.07,6.0,0,0.0604039490224521,-0.0068527893448344,0.0335023181756271,-0.027229000000001037
2014-12-02,-0.0127831711451893,0.0,0.004,0.7948387096774194,-0.0016996472578103,0.0,-6.0,0,-0.0970772364620043,0.0063641667588481,-0.0279582086890108,-0.027229000000001037
2014-12-03,0.0136245035593436,0.0,-0.0056999999999995,0.8096774193548387,-0.001702540977611,0.0,-5.0,0,-0.0276151967193329,0.0037576738340269,-0.0088282326273188,-0.027229000000001037
2014-12-04,-0.0172153807764878,0.0017819999999999,0.0189999999999996,0.8245161290322581,-0.001705444567575,0.0,5.0,0,-0.0096463678077893,-0.0011625717317858,-0.0040125990238202,-0.025447000000001135
2014-12-05,0.0109265342195925,0.0,0.0091000000000001,0.8393548387096774,-0.0017083580782877,0.01,5.0,0,-0.0403845369228597,0.001663831598921,-0.0082186274530797,-0.025447000000001135
2014-12-08,-0.0336018157328439,0.0,0.0034999999999998,0.8838709677419355,-0.005142655272678,-0.01,12.0,0,0.1782482052159189,-0.0072830221497153,-0.0425910476668756,-0.025447000000001135
2014-12-09,-0.0016124701155693,0.0,0.0093,0.8987096774193548,-0.0017201123524976,0.0,11.0,0,0.0771695540911284,-0.0002378518258341,0.0097722179223518,-0.025447000000001135
2014-12-10,-0.0129336780516826,0.0,-0.0084999999999997,0.9135483870967742,-0.0017230762379494,0.0,14.0,0,0.1882755784684966,-0.0164861211830486,-0.039675612553396,-0.025447000000001135
2014-12-11,0.0062972373595773,0.0,0.0339999999999998,0.9283870967741936,-0.0017260503550406,0.0,-7.0,1,0.0803332136708786,0.0045254339716207,-0.0087554900561459,-0.025447000000001135
2014-12-12,-0.0379964573450042,0.0,0.0287000000000001,0.9432258064516128,-0.0017290347568383,0.0,28.0,1,0.048600429029875,-0.0163464657916584,-0.0291584721606013,-0.025447000000001135
2014-12-15,-0.0206909013664855,0.0,0.0158999999999998,0.987741935483871,-0.005205114332222,0.0,11.0,0,-0.0318099035811483,-0.0063627862717219,-0.0128550643702826,-0.025447000000001135
2014-12-16,-0.0002339753485731,0.0,0.0686,1.0025806451612904,-0.0017410762855067,0.0,6.0,1,0.1434598875276477,-0.0085252598653808,-0.0198484971767065,-0.025447000000001135
2014-12-17,0.0356486631168966,0.0,-0.0156999999999998,1.0174193548387096,-0.0017441129199191,-0.01,-34.0,0,-0.1926418774960113,0.0201480732432956,-0.0010028644224691,-0.025447000000001135
2014-12-18,-0.004485142792916,0.0,-0.0569999999999999,1.032258064516129,-0.0017471601653102,0.0,-1.0,1,-0.1453589108541015,0.023731374885709,-0.0089023646752922,-0.025447000000001135
2014-12-19,0.0235372109598159,0.0,-0.0190000000000001,1.0470967741935484,-0.0017502180773956,0.0,-17.0,0,-0.0192197929588218,0.004559637967419,0.034980783070163,-0.025447000000001135
2014-12-22,0.0094215506684864,0.0,0.0040999999999997,1.0916129032258064,-0.0052691092155754,0.0,-3.0,0,-0.0781746196380482,0.0038032224799271,-0.0209078393882907,-0.025447000000001135
2014-12-23,0.0152263586569905,0.0,0.0248000000000003,1.1064516129032258,-0.001762557520708,0.0,-13.0,1,-0.0299523093958605,0.0017448386297044,0.025945593755405,-0.025447000000001135
2014-12-26,-0.014747632060569,0.0,0.0036999999999998,1.1509677419354838,-0.0053063892282843,0.0,6.0,0,0.0090059572994726,0.0033041099821209,-0.0132009753845455,-0.025447000000001135
2014-12-29,0.0089141836473327,0.0,-0.0028999999999999,1.195483870967742,-0.0053346972752184,0.0,1.0,0,0.037893600808213,0.0008614034280894,-0.0267637157528434,-0.025447000000001135
2014-12-30,-0.0116699965584441,0.0,-0.0221,1.2103225806451614,-0.0017845754445779,-0.01,4.0,0,0.0555339349738283,-0.0049005930345042,0.0003454907154001,-0.025447000000001135
2015-01-02,-0.030351805609154,0.0,0.0366999999999997,1.239354838709677,-0.0041011934839563,0.05,3.0,1,-0.0762737656293902,-0.0003400214731352,-0.0160004057392985,-0.025447000000001135
2015-01-05,-0.0207236482715131,0.0,0.0178000000000002,1.2374193548387096,-0.0015690196517255,0.0,17.0,0,0.1130877028456948,-0.0184472135325872,-0.0604584271933263,-0.025447000000001135
2015-01-06,0.0101343022758211,0.0,-0.0083999999999999,1.2367741935483871,-0.0005235540995602,0.0,6.0,0,0.0584962425880202,-0.0089332546907001,-0.0385807785775088,-0.025447000000001135
2015-01-07,0.030003071304419,0.0,-0.0216000000000002,1.2361290322580645,-0.0005238283520494,0.0,-3.0,0,-0.0895974297911161,0.0115627358448763,0.0009780548800754,-0.025447000000001135
2015-01-08,0.0096574398052418,0.0,0.0112,1.2354838709677418,-0.0005241028920082,0.0,-6.0,0,-0.126821648919881,0.0177301681271556,-0.0037215289307891,-0.025447000000001135
2015-01-09,-0.0223327058913707,0.0,-0.0335999999999998,1.2348387096774194,-0.0005243777198948,0.0,3.0,1,0.0312524865760476,-0.0084393221470787,-0.0168203921464325,-0.025447000000001135
2015-01-12,-0.014436216887578,0.0,-0.0007999999999999,1.2329032258064516,-0.0015747850130551,0.0,12.0,0,0.1104756792596721,-0.0081266168434704,-0.0549656548281422,-0.025447000000001135
2015-01-13,-0.0020378040363748,0.0,-0.0090000000000003,1.232258064516129,-0.0005254799197693,0.0,-1.0,0,0.0478178289121864,-0.0025818854358163,-0.0178690172198992,-0.025447000000001135
2015-01-14,-0.0082769471774231,0.0,-0.0262999999999999,1.2316129032258063,-0.0005257561940972,0.0099999999999998,-3.0,1,0.0437748337181069,-0.0058300289679756,0.044087712885997,-0.025447000000001135
2015-01-15,0.0079438497849952,0.0,-0.0099999999999997,1.230967741935484,-0.000526032759085,-0.0099999999999998,5.0,0,0.04149215502115,-0.0092909030045675,-0.0211714111841384,-0.025447000000001135
2015-01-16,0.0204246457906727,0.0,0.0070999999999998,1.2303225806451612,-0.000526309615191,0.0,0.0,0,-0.066475720565352,0.0133348931862672,0.0004194727082425,-0.025447000000001135
2015-01-19,-0.0260205845561767,0.0,0.0049999999999998,1.2283870967741934,-0.0015805929002858,0.0,0.0,0,-0.066475720565352,0.0133348931862672,0.0004194727082425,-0.025447000000001135
2015-01-20,0.0024886299245387,0.0,0.0003999999999999,1.227741935483871,-0.0005274199600009,0.0,-4.0,0,-0.0519216206057764,0.0015487524334003,0.0062709873315708,-0.025447000000001135
2015-01-21,0.0277460873530301,0.0,-0.0278999999999998,1.2270967741935483,-0.0005276982786135,0.0099999999999998,-2.0,1,-0.053704128048387,0.0047204650221893,0.0214396399205777,-0.025447000000001135
2015-01-22,0.0044391814819633,0.0017739999999999,-0.0213999999999998,1.2264516129032257,-0.0005279768911155,-0.0099999999999998,-2.0,0,-0.139231622561337,0.0151543130706303,-0.0104562372556909,-0.023673000000001235
2015-01-23,-0.0136026044109769,0.0,0.0101999999999997,1.2258064516129032,-0.0005282557979775,0.0,-3.0,0,0.0157293160099562,-0.0055066562793019,0.005549299082012,-0.023673000000001235
2015-01-26,-0.0040677186501447,0.0,0.0110000000000001,1.2238709677419355,-0.0015864437856709,0.0,3.0,0,-0.0708810833296053,0.0025651679986232,-0.0129965947601847,-0.023673000000001235
2015-01-27,0.0002881607133389,0.0,-0.0156999999999998,1.2232258064516128,-0.0005293743783418,0.0,-2.0,0,0.1039419148745453,-0.0134782878158575,0.0294620051349813,-0.023673000000001235
2015-01-28,-0.0186117579751972,0.0,-0.0012000000000003,1.2225806451612904,-0.0005296547640085,0.0,13.0,0,0.171422332338867,-0.013587502811022,-0.0230457279251946,-0.023673000000001235
2015-01-29,0.001403773657298,0.0,0.0163000000000002,1.2219354838709675,-0.000529935446849,0.0,-3.0,0,-0.0857668356849639,0.0094895170582635,0.0135247928791485,-0.023673000000001235
2015-01-30,-0.0180421076556509,0.0,0.0663,1.221290322580645,-0.0005302164273359,0.0,30.0,1,0.1113658563910427,-0.0130770990063184,0.0756333802586838,-0.023673000000001235
2015-02-02,0.0157153796400475,0.0,0.0270999999999999,1.2235714285714283,0.0026373165839039,-0.07,0.0,1,-0.0762745330738748,0.0128791700002155,0.0326741205167786,-0.023673000000001235
2015-02-03,0.0271817179743987,0.0,0.0165000000000001,1.227142857142857,0.0036849643719616,0.0,-13.0,0,-0.1143791797706764,0.014336238577453,0.0561127099061739,-0.023673000000001235
2015-02-04,0.0068590306053213,0.0,0.0088999999999996,1.2307142857142856,0.0036714352486235,-0.03,-4.0,0,0.0560999583642745,-0.0041647065724529,-0.0669474528161185,-0.023673000000001235
2015-02-05,-0.0013599230796312,0.0,0.0238,1.2342857142857142,0.0036580051047128,0.01,-7.0,1,-0.0841883782518455,0.0102388107109092,0.0435361781737411,-0.023673000000001235
2015-02-06,-0.0090180767448,0.0,0.0255,1.2378571428571428,0.0036446728579786,0.02,-3.0,1,0.0257776732089377,-0.0034240276118785,0.0215099585182804,-0.023673000000001235
2015-02-09,0.0120398704189028,0.0,0.0232000000000001,1.2485714285714289,0.0108549881597959,0.0,-1.0,1,0.0703413952781706,-0.0042562393104817,0.0092992045763817,-0.023673000000001235
2015-02-10,-0.0178362731559325,0.0,0.0201999999999999,1.2521428571428572,0.003592301742211,0.0,4.0,0,-0.0738177239526216,0.0106189795540623,-0.0332870296659787,-0.023673000000001235
2015-02-11,-0.0055814098381947,0.0,0.0501,1.2557142857142858,0.0035794432880713,0.0,12.0,1,-0.0157944475898196,-2.903401015824717e-05,-0.0318687596807505,-0.023673000000001235
2015-02-12,0.0264505616988746,0.0,0.0048999999999996,1.2592857142857143,0.0035666765580213,0.0,1.0,0,-0.100393770496021,0.009598295065916,0.0427958852265731,-0.023673000000001235
2015-02-13,0.0220236716567772,0.0,-0.0232999999999998,1.262857142857143,0.0035540005740983,0.0,-8.0,1,-0.0432968442651694,0.0040664592277794,0.005941998550203,-0.023673000000001235
2015-02-18,0.0126380268378323,0.0,0.0038,1.2807142857142857,0.0175829724935692,0.0,-1.0,0,-0.022400961106292,-0.0003143586232287,-0.0325073323206422,-0.023673000000001235
2015-02-19,0.0002729736597366,0.0,0.0114999999999998,1.2842857142857145,0.0034797972882643,0.0,-7.0,0,-0.0104099735523817,-0.0010626217157189,-0.0053006534658978,-0.023673000000001235
2015-02-20,-0.0010923420116313,0.0,0.0156,1.2878571428571428,0.0034677302777108,0.0,9.0,0,-0.0669394668421102,0.0061078427210558,0.0001661070535268,-0.023673000000001235
2015-02-23,0.0008388689417877,0.0,0.0110000000000001,1.2985714285714287,0.0103316184856279,0.0,8.0,0,0.018018520984404,-0.0003033852119856,-0.0221634267605096,-0.023673000000001235
2015-02-24,0.0114973880543143,0.0,-0.0161999999999999,1.3021428571428573,0.0034202876900941,0.0,0.0,0,-0.0616124629393401,0.0027549724688311,-0.0040830556157245,-0.023673000000001235
2015-02-25,-0.0012152193230061,0.0,-0.0003000000000001,1.3057142857142858,0.0034086291863211,0.0,8.0,0,0.0108973525656322,-0.0007660169636026,0.0493907213571647,-0.023673000000001235
2015-02-26,-0.0009655119894222,0.0,0.0081999999999999,1.3092857142857144,0.0033970498917401,0.0,7.0,0,0.0050450337510371,-0.0014771186302538,-0.0259712464843217,-0.023673000000001235
2015-02-27,-0.0034448091040175,0.0,0.0054000000000002,1.312857142857143,0.0033855490018463,0.0,-7.0,0,-0.041840943039847,-0.0029606830486323,0.041268231679236,-0.023673000000001235
2015-03-02,-0.0109548481617895,0.0,-0.0127000000000001,1.3003225806451613,0.0055760600878507,-0.13,-12.0,0,-0.0227454983527247,0.006106238181133,-0.0497973965358515,-0.023673000000001235
2015-03-03,0.0055314091681744,0.0,0.0396,1.280645161290323,-0.0011621940345545,0.0,-7.0,1,0.0609854154178699,-0.0045488726038175,0.0245533158260793,-0.023673000000001235
2015-03-04,-0.0164292497810656,0.0,0.0752999999999999,1.260967741935484,-0.0011635463012762,-0.01,4.0,1,0.0263454109418492,-0.0043981612301545,-0.0077322293914414,-0.023673000000001235
2015-03-05,-0.0020429826708507,0.001766,0.0127000000000001,1.241290322580645,-0.001164901718516,0.01,0.0,0,-0.0134419840522004,0.001195365251036,-0.0011567330965113,-0.021907000000001235
2015-03-06,-0.0076535561847936,0.0,0.0434999999999998,1.2216129032258063,-0.0011662602972943,0.01,1.0,1,0.0793850194232402,-0.014275356362467,-0.0124783252221011,-0.021907000000001235
2015-03-09,-0.0161355631596364,0.0,0.0651999999999999,1.1625806451612903,-0.0035069641463749,0.0,19.0,1,-0.0092531650691425,0.0039366623579759,-0.020294976633228,-0.021907000000001235
2015-03-10,-0.018220747430929,0.0,0.0281000000000002,1.1429032258064518,-0.0011717264500692,0.0,1.0,1,0.1027675194376603,-0.0171068209371414,-0.0372475954517692,-0.021907000000001235
2015-03-11,0.0126134657210901,0.0,-0.0137,1.123225806451613,-0.0011731010036992,0.0,5.0,0,0.0107271766325629,-0.0019195206764847,0.0201885470392123,-0.021907000000001235
2015-03-12,-0.0005317734770358,0.0,0.0009000000000001,1.1035483870967742,-0.0011744787861029,0.0,-9.0,0,-0.089871573222055,0.012522702206037,-0.008026549347169,-0.021907000000001235
2015-03-13,-0.0058270918708434,0.0,0.1092999999999997,1.0838709677419356,-0.0011758598086615,-0.01,20.0,1,0.0369233491568711,-0.0060932370901968,-0.043138745273332,-0.021907000000001235
2015-03-16,0.0051722130000264,0.0,-0.0007000000000001,1.0248387096774194,-0.0035358981349027,0.01,0.0,0,-0.024677009706211,0.0134429090238559,-0.0227555758834677,-0.021907000000001235
2015-03-17,0.0289933859039202,0.0,0.0426000000000001,1.0051612903225806,-0.0011814165301657,0.0,17.0,1,0.0031979682852878,-0.003325697707782,-0.0001871118492055,-0.021907000000001235
2015-03-18,0.0243797127460876,0.0,-0.0165000000000001,0.985483870967742,-0.0011828139262526,0.0,-1.0,0,-0.1141974884355419,0.0120851015016287,0.0453708606280105,-0.021907000000001235
2015-03-19,-0.0111632697139043,0.0,0.0124000000000004,0.9658064516129032,-0.0011842146319729,0.0,-9.0,0,0.0071326570531604,-0.0048844891269501,-0.0268277742565184,-0.021907000000001235
2015-03-20,0.0196856368146072,0.0,-0.0219,0.9461290322580646,-0.0011856186591039,0.0,-7.0,0,-0.0775581774975538,0.0089723821932596,0.0162190232271375,-0.021907000000001235
2015-03-23,-0.0011359808682502,0.0,-0.0623,0.8870967741935484,-0.0035653135318973,0.0,-11.0,1,0.0295140139759999,-0.0017472566067133,0.0107875639013684,-0.021907000000001235
2015-03-24,-0.0077746151370874,0.0,-0.0490000000000003,0.8674193548387097,-0.0011912682190811,0.0,-5.0,1,0.0155386064040267,-0.0061583457015909,-0.0145908662110769,-0.021907000000001235
2015-03-25,0.0068109082606611,0.0,0.0166000000000003,0.847741935483871,-0.0011926890317894,0.01,-4.0,0,0.1254222251004329,-0.014665926527239,0.024555386109811,-0.021907000000001235
2015-03-26,-0.0249529727567381,0.0,0.0438999999999998,0.8280645161290323,-0.0011941132377177,-0.02,-5.0,1,0.0230484346853655,-0.0023803307374738,0.0468660004211252,-0.021907000000001235
2015-03-27,-0.0096350385305932,0.0,0.0344000000000002,0.8083870967741935,-0.0011955408490447,0.01,5.0,1,-0.0473039597168935,0.0023657607295033,-0.0481061404543255,-0.021907000000001235
2015-03-30,0.0226578206128085,0.0,0.0341999999999997,0.7493548387096775,-0.0035952224527875,0.0,-6.0,1,-0.0378679097176824,0.0121623826471494,-0.0021295293064943,-0.021907000000001235
2015-03-31,-0.0018165309263977,0.0,-0.0520999999999998,0.7296774193548387,-0.0012012855937246,0.0,4.0,1,0.0523609347759021,-0.0088346862175307,-0.0211857167701161,-0.021907000000001235
2015-04-01,0.0226544403203945,0.0,-0.0524,0.71,-0.0012027304166224,0.02,-5.0,1,-0.0118422638829849,-0.0039732542018475,0.0354728909687464,-0.021907000000001235
2015-04-02,0.0151930467590588,0.0,-0.0064000000000001,0.711,-0.0003183259252441,0.0,-8.0,0,-0.0295521562075208,0.0035234523037141,-0.0383803952051624,-0.021907000000001235
2015-04-06,0.0114917978126065,0.0,-0.0565999999999999,0.715,-0.0012743179836576,0.0,-7.0,1,0.0047602738776822,0.0065870726471656,0.0560861255904463,-0.021907000000001235
2015-04-07,-0.0001488842985644,0.0,0.0304999999999999,0.716,-0.0003188333899171,0.01,-1.0,1,0.0027100262199033,-0.0020640327085871,0.0167210782691331,-0.021907000000001235
2015-04-08,-0.0012664123119137,0.0,-0.0396999999999998,0.717,-0.0003189350770718,-0.01,-14.0,1,-0.0556471933916725,0.0026789415573472,-0.0619473962421028,-0.021907000000001235
2015-04-09,0.002642747015658,0.0,-0.0367999999999999,0.718,-0.0003190368291079,0.0,-4.0,1,-0.0657791124828437,0.0044475758736258,0.0181953016090514,-0.021907000000001235
2015-04-10,0.0076099499793809,0.0,0.0329999999999999,0.719,-0.0003191386460912,0.0,4.0,1,-0.0397403463710444,0.0051893768994562,0.0227202931681911,-0.021907000000001235
2015-04-13,0.0004794659578823,0.0,0.0215,0.722,-0.0009580274905598,0.0,4.0,0,0.1026541300231562,-0.0045918068209611,0.0010362932479443,-0.021907000000001235
2015-04-14,-0.0047679859691029,0.0,-0.0131000000000001,0.723,-0.0003195465647269,0.0,-2.0,0,-0.0195587189137682,0.0016284322585138,0.0085940714127333,-0.021907000000001235
2015-04-15,0.0172087147679746,0.0,-0.0199000000000002,0.724,-0.0003196487073733,0.0,4.0,0,-0.0626383461713735,0.0051349890449955,0.031834256851145,-0.021907000000001235
2015-04-16,-0.004471095930274,0.0,-0.0431999999999996,0.725,-0.0003197509153398,0.0,7.0,1,-0.0188684659128001,-0.0007787467579851,0.0013254115632442,-0.021907000000001235
2015-04-17,-0.0132379106850404,0.0,0.0294999999999996,0.726,-0.0003198531886923,0.0,10.0,1,0.0974723372507059,-0.0113757041890532,0.0492630759809942,-0.021907000000001235
2015-04-20,-0.0036020685833264,0.0,-0.0070999999999998,0.729,-0.0009601738609514,0.02,-14.0,0,-0.0434051319148378,0.0091927485865367,0.0,-0.021907000000001235
2015-04-22,0.0157968923688383,0.0,-0.0286999999999997,0.731,-0.0006406284755726,0.01,-18.0,1,-0.0416084642295331,0.0050745828533862,0.0104158894412425,-0.021907000000001235
2015-04-23,0.0193656212438551,0.0,-0.0102000000000002,0.732,-0.000320468205361,-0.03,-2.0,0,-0.0182617619411985,0.0023549408425523,0.0332370924218064,-0.021907000000001235
2015-04-24,0.0161921616777895,0.0,-0.0339,0.733,-0.0003205709381557,0.0,4.0,1,-0.0153414057874594,0.0022502668247534,0.006608804723261,-0.021907000000001235
2015-04-27,-0.0188895199037695,3.500000000000031e-05,-0.0508999999999999,0.736,-0.0009623298704219,0.0,3.0,1,0.065351854319272,-0.0041499132407346,-0.0069172045255102,-0.021872000000001234
2015-04-28,0.0049754474108762,3.600000000000131e-05,-0.0293000000000001,0.737,-0.000320982528839,0.0,-2.0,1,-0.0556351878723554,0.0027654044373465,-0.0029350826603248,-0.021836000000001233
2015-04-29,-0.0087640140928471,0.0,0.0432000000000001,0.738,-0.0003210855917075,0.0,1.0,1,0.0760055984223598,-0.0037473481275732,0.0183940959769476,-0.021836000000001233
2015-04-30,0.016207752107844,0.0016869999999999,0.0560999999999998,0.739,-0.0003211887207772,0.0,13.0,1,0.0830828213831103,-0.0101805530332482,0.0141761154885689,-0.020149000000001333
2015-05-04,0.0198099502647242,0.0,0.0818000000000003,0.7448387096774194,-0.0004776551172884,-0.13,-3.0,1,0.011741862581536,0.002936433147763,-0.0001505099172056,-0.020149000000001333
2015-05-05,0.0120965722984358,0.0,-0.0127999999999999,0.7464516129032258,-5.2126500740712345e-05,0.0299999999999999,-8.0,0,0.1076147818640899,-0.0119080033585301,0.0159740613364541,-0.020149000000001333
2015-05-06,-0.0164825059217452,0.0,-0.0206000000000003,0.7480645161290322,-5.21292180533095e-05,0.0,-7.0,0,0.0570418838841795,-0.0044656811409319,0.0036957690437256,-0.020149000000001333
2015-05-07,-0.0031923131018274,0.0,0.0001000000000002,0.7496774193548387,-5.213193565190011e-05,0.0,4.0,0,-0.0013209714117521,0.0037667104694754,-0.0334589123741532,-0.020149000000001333
2015-05-08,0.0039975506904141,0.0,-0.0455,0.7512903225806452,-5.2134653531155095e-05,0.0,-7.0,1,-0.1625578432515809,0.0133681479873611,-0.0022913250004898,-0.020149000000001333
2015-05-11,0.0008395571829247,0.0,0.0209000000000001,0.7561290322580645,-0.0001564202707111,-0.0099999999999999,1.0,0,0.0741635680637628,-0.005102556456082,-0.0073675807755271,-0.020149000000001333
2015-05-12,-0.0071059787207978,0.0,0.0213999999999998,0.757741935483871,-5.214552788679328e-05,0.0,8.0,0,0.0007217088147076,-0.0029539964393672,0.029599138657115,-0.020149000000001333
2015-05-13,-0.0074228894078203,0.0,-0.0285999999999999,0.7593548387096775,-5.214824718535738e-05,0.0,-4.0,1,-0.0072411198519435,-0.0003050012906516,-0.0007481567258944,-0.020149000000001333
2015-05-14,0.0050429642657654,0.0,-0.0070999999999998,0.7609677419354839,-5.215096676636222e-05,0.0,3.0,0,-0.0770192169606419,0.01072160426176,-0.0032983722672131,-0.020149000000001333
2015-05-15,0.0103946294378562,0.0,-0.0138000000000002,0.7625806451612903,-5.215368663336051e-05,0.0,3.0,0,-0.0286643556779438,0.0007681188278664,-0.0003003400993164,-0.020149000000001333
2015-05-18,-0.018422246288793,0.0,0.0251000000000001,0.7674193548387097,-0.0001564773819229,0.0,-10.0,1,0.0278791001094083,0.0030433124725705,-0.0045167655835976,-0.020149000000001333
2015-05-19,-0.0126229261720496,0.0,0.0139,0.7690322580645161,-5.216456893109012e-05,0.0,-1.0,0,0.009382464417714,-0.000643581597842,-0.0345417733387162,-0.020149000000001333
2015-05-20,-0.0108334392862019,0.0,0.0062999999999999,0.7706451612903226,-5.216729021384481e-05,0.0,-4.0,0,0.0023318885337834,-0.000930949450794,0.0156532010036615,-0.020149000000001333
2015-05-21,0.0038359150050517,0.0,-0.0051999999999998,0.772258064516129,-5.217001178436931e-05,0.0,-1.0,0,-0.0616442003467227,0.0023351459087448,0.0229546012397069,-0.020149000000001333
2015-05-22,-0.0134262079492764,0.0,0.0358,0.7738709677419355,-5.217273363378183e-05,0.0,-1.0,1,0.0016502031758452,-0.0022363851494835,-0.0177398047088051,-0.020149000000001333
2015-05-25,0.0042574339902543,0.0,0.0558999999999998,0.7787096774193548,-0.0001565345348577,-0.01,0.0,1,0.0016502031758452,-0.0022363851494835,-0.0177398047088051,-0.020149000000001333
2015-05-26,-0.0180900913370383,0.0,0.0139,0.7803225806451614,-5.218362388426101e-05,0.01,13.0,0,0.1476521838367394,-0.0103352049075023,-0.0255649754414307,-0.020149000000001333
2015-05-27,0.01123628160523,0.0,0.0388999999999999,0.7819354838709678,-5.218634715653536e-05,0.0,4.0,1,-0.0578280333869863,0.00912091892911,-0.0263968230504727,-0.020149000000001333
2015-05-28,-0.0048053912749388,0.0,0.0007999999999999,0.7835483870967742,-5.2189070714803165e-05,0.0,2.0,0,0.0030097810931958,-0.001267563917487,0.0083440863514841,-0.020149000000001333
2015-05-29,-0.0227861754760105,0.0,0.004,0.7851612903225806,-5.219179455373535e-05,0.0,7.0,0,0.0390472972812165,-0.0063385151840976,0.0465199491362041,-0.020149000000001333
2015-06-01,0.0051233203727409,0.0,0.0001000000000002,0.79,-0.0001565917295565,-0.17,-2.0,0,0.009349231168656,0.0020573434991476,-0.0104263491624679,-0.020149000000001333
2015-06-02,0.0224682463782084,0.0,-0.0346000000000001,0.7843333333333333,0.0010859803497513,0.0099999999999999,-8.0,1,0.0191426975273507,-0.0010091051653478,0.0093580591368813,-0.020149000000001333
2015-06-03,-0.0132334265393883,0.0,-0.0259,0.7786666666666667,0.0010848022756793,0.0,-1.0,1,-0.0415830469384396,0.0021166294697559,-0.0261442482183304,-0.020149000000001333
2015-06-05,-0.0103291182763847,0.001751,0.0500000000000002,0.7673333333333333,0.0021660805336018,-0.0099999999999999,4.0,1,-0.0345815924130889,-0.0014372152327325,0.0204251969417807,-0.018398000000001333
2015-06-08,-0.0030817830654488,0.0,-0.0493999999999998,0.7503333333333334,0.0032403488058072,0.0,1.0,1,0.0732530726525488,-0.0064955603383055,-0.0098413928677538,-0.018398000000001333
2015-06-09,0.0001136083919952,0.0,-0.0199000000000002,0.7446666666666667,0.0010777871592182,0.0,2.0,0,-0.0551214583487213,0.0004182655190027,0.0343374440940796,-0.018398000000001333
2015-06-10,0.0198709346257306,0.0,-0.0148000000000001,0.739,0.0010766267845845,0.0,1.0,0,-0.0903467044749619,0.0119704917525144,0.0125595115667784,-0.018398000000001333
2015-06-11,-0.0034769709178998,0.0,0.0671000000000003,0.7333333333333334,0.0010754689058405,0.0,-3.0,1,-0.0283870135948024,0.0017371167565281,-0.0090207224177423,-0.018398000000001333
2015-06-12,-0.0063716500585204,0.0,-0.0407000000000001,0.7276666666666667,0.00107431351495,-0.02,-1.0,1,0.0698744051799262,-0.0070188746531027,-0.0192284057727027,-0.018398000000001333
2015-06-15,-0.0039441855688142,0.0,-0.0070999999999998,0.7106666666666667,0.0032160329580612,0.01,5.0,0,0.1104997239514441,-0.0046332896217713,-0.0199247313445412,-0.018398000000001333
2015-06-16,0.0105579415778063,0.0,0.0045999999999999,0.7050000000000001,0.0010697166702051,0.0,5.0,0,-0.0384153135459162,0.0056737305157538,0.0003193940860051,-0.018398000000001333
2015-06-17,-0.0084712196986611,0.0,-0.0093,0.6993333333333334,0.0010685735991042,0.0,1.0,0,-0.0211540071865138,0.0019776843950728,0.0196053372585359,-0.018398000000001333
2015-06-18,0.0184211818135349,0.0,-0.0516999999999998,0.6936666666666667,0.0010674329683073,0.0,-15.0,1,-0.0946897145105507,0.0098540000540088,0.0060876360810329,-0.018398000000001333
2015-06-19,-0.0090751447004731,0.0,0.0316,0.6880000000000001,0.001066294770009,0.0,9.0,1,0.0567371651508396,-0.0053176152379496,-0.0194852433383484,-0.018398000000001333
2015-06-22,0.0021372890594406,0.0,-0.0031000000000003,0.671,0.0031920793288069,0.01,0.0,0,-0.0914494678884077,0.0060763679815421,0.00506489992661,-0.018398000000001333
2015-06-23,-0.0017094656509737,0.0,0.0285000000000001,0.6653333333333333,0.0010617661468241,0.0,-4.0,1,-0.0507151029637606,0.0006356664251933,0.0173726385148919,-0.018398000000001333
2015-06-24,0.001319518845916,0.0,-0.0190000000000001,0.6596666666666666,0.0010606399950763,0.0,4.0,0,0.0907204728041406,-0.0073804657183052,-0.0150072424153452,-0.018398000000001333
2015-06-25,-0.0124652376986418,0.0,0.0163000000000002,0.654,0.0010595162296826,0.0,6.0,0,0.0550193746671588,-0.0029780041565964,-0.0045781263944309,-0.018398000000001333
2015-06-26,0.0156916450960213,0.0,0.0255999999999998,0.6483333333333333,0.0010583948430653,0.0,-2.0,1,0.000713537571256,-0.0003901557449223,0.0009488781200343,-0.018398000000001333
2015-06-29,-0.0187427822215031,0.0,0.0118999999999998,0.6313333333333333,0.0031684798842519,0.0,14.0,0,0.2960280198739356,-0.0210869695086115,-0.019957556050566,-0.018398000000001333
2015-06-30,0.0012630191603122,0.0,-0.0363999999999999,0.6256666666666667,0.0010539329339209,0.0,-6.0,1,-0.0334443705510282,0.0026549623524674,0.0251605923847675,-0.018398000000001333
2015-07-01,-0.0061036291491909,0.0,0.0165000000000001,0.62,0.0010528233286386,-0.01,-5.0,0,-0.1248705930924212,0.006912096434637,-0.0251605923847674,-0.018398000000001333
2015-07-02,0.0065744965898737,0.0,-0.0017999999999998,0.6070967741935483,-0.0003900224366564,0.0,-4.0,0,0.0425855551298895,-0.0003080701895465,0.0009671402148153,-0.018398000000001333
2015-07-03,-0.0111149073270446,0.0,0.0097999999999998,0.5941935483870968,-0.0003901746135124,-0.01,0.0,0,0.0425855551298895,-0.0003080701895465,0.0009671402148153,-0.018398000000001333
2015-07-06,-0.007070003080237,0.0,0.016,0.5554838709677419,-0.0011714380903384,0.0,9.0,0,0.0130178942459121,-0.0038692326988974,-0.0933144070509181,-0.018398000000001333
2015-07-07,0.0037323117599257,0.0,0.0377999999999998,0.5425806451612903,-0.0003907845103015,0.01,5.0,1,-0.0556034493758016,0.0060625605938687,0.0054678248981023,-0.018398000000001333
2015-07-08,-0.0107947190382517,0.0,0.0473000000000003,0.5296774193548387,-0.0003909372825372,0.0,3.0,1,0.2003881364699924,-0.0167929649121415,0.003511869578806,-0.018398000000001333
2015-07-10,0.0155024039131497,0.0,-0.0384999999999999,0.5038709677419355,-0.0007823333599059,0.0,-15.0,1,-0.1710681093743687,0.0122629863850077,0.0020453208379362,-0.018398000000001333
2015-07-13,0.0099896772474394,0.0,-0.0302999999999999,0.4651612903225806,-0.0011746488235804,0.0,-1.0,1,-0.1912741909767228,0.0110052685073551,-0.0150972344768394,-0.018398000000001333
2015-07-14,0.0022565307907118,0.0,-0.0363999999999999,0.452258064516129,-0.0003918564302782,0.0,1.0,1,-0.0388754301384587,0.0044432732365001,0.0113442238500946,-0.018398000000001333
2015-07-15,-0.0063500651475418,0.0,0.0301999999999997,0.4393548387096774,-0.000392010041935,-0.01,9.0,1,-0.0105264390278866,-0.0007352563007372,-0.0252695881783952,-0.018398000000001333
2015-07-16,0.0031706515068581,0.0,-0.0156999999999998,0.4264516129032258,-0.0003921637740731,0.01,0.0,0,-0.0884554143117857,0.0079827334444757,0.0080307536050984,-0.018398000000001333
2015-07-17,-0.013812688775074,0.0,0.0456999999999996,0.4135483870967742,-0.0003923176268383,0.0,5.0,1,-0.013300266798206,0.0011055716244507,0.0001739048311192,-0.018398000000001333
2015-07-20,-0.0142774355772132,0.0,0.0317000000000002,0.3748387096774194,-0.0011778772054586,0.0,7.0,1,0.0247946745742929,0.0007709366240016,-0.0152407069619185,-0.018398000000001333
2015-07-21,-0.0024448466686326,0.0,-0.0336000000000002,0.3619354838709677,-0.000392934246971,-0.01,2.0,1,-0.0024519613955023,-0.004270796242723,0.006860777747448,-0.018398000000001333
2015-07-22,-0.0108996098106963,0.0,0.0281000000000002,0.3490322580645161,-0.0003930887049854,0.0,8.0,1,-0.0082170043963852,-0.0023905650201902,-0.016082344173241,-0.018398000000001333
2015-07-23,-0.0220216796065315,0.0,0.0756000000000001,0.3361290322580645,-0.000393243284483,0.0,16.0,1,0.0420094446814729,-0.0056922102113794,-0.0154401738559301,-0.018398000000001333
2015-07-24,-0.0113273903560529,0.0,0.0403999999999999,0.3232258064516129,-0.000393397985599,0.0,9.0,1,0.0834448542558151,-0.0107610206966611,-0.0118301776373169,-0.018398000000001333
2015-07-27,-0.0104101693328519,0.0,0.0302999999999999,0.284516129032258,-0.0011811233818885,0.0,7.0,1,0.1269596685725421,-0.0057917550650641,-0.0212793246998493,-0.018398000000001333
2015-07-28,0.017613178785842,0.0,0.0257999999999998,0.2716129032258064,-0.0003940180091728,0.0,-10.0,1,-0.1490356348351562,0.0123100738018893,-0.0031844549325847,-0.018398000000001333
2015-07-29,0.0128798840023289,0.0,-0.0396,0.2587096774193548,-0.0003941733205614,-0.0099999999999999,-10.0,1,-0.0725066595652669,0.0072921429273836,0.0014998471282922,-0.018398000000001333
2015-07-30,-0.0069501587912235,0.001743,0.0233000000000003,0.2458064516129032,-0.0003943287544387,0.0099999999999999,-1.0,1,-0.0300469119177609,2.836690402236809e-05,-0.0013122073908839,-0.016655000000001332
2015-07-31,0.0192141835360128,0.0,0.0287999999999999,0.2329032258064516,-0.0003944843109469,0.0,-24.0,1,-0.0008247611916459,-0.0022741038010517,-0.0208499267081639,-0.016655000000001332
2015-08-03,-0.0143958606238481,0.0,0.0484999999999997,0.2406451612903226,-0.0005468221806399,0.05,8.0,1,0.0356602232501764,-0.0027606939449045,-0.0528973922666255,-0.016655000000001332
2015-08-04,-0.00159687047387,0.0,0.0249999999999999,0.2509677419354839,-7.609978086620117e-05,0.0,-1.0,1,0.0344321630125118,-0.0022522391669328,0.0094463813811729,-0.016655000000001332
2015-08-05,0.0045642612497474,0.0,0.0176000000000002,0.2612903225806451,-7.610557248405314e-05,0.0,-5.0,0,-0.0384210146868069,0.0031098381854906,-0.0080338154234979,-0.016655000000001332
2015-08-06,-0.005503613166045,0.0,0.0495999999999998,0.2716129032258064,-7.61113649829781e-05,0.0,24.0,1,0.0959640032093822,-0.0077831959225621,-0.0014125659576749,-0.016655000000001332
2015-08-07,-0.0290928133726655,0.0,-0.0165999999999999,0.2819354838709678,-7.611715836297606e-05,0.0,2.0,0,-0.0279841606407957,-0.0028790228563377,-0.0185473540069019,-0.016655000000001332
2015-08-10,0.0158483864463629,0.0,-0.0272000000000001,0.3129032258064516,-0.0002283862441974,0.01,-8.0,1,-0.0906162730738085,0.012726835632025,0.0363602814541479,-0.016655000000001332
2015-08-11,-0.0057099469334982,0.0,0.0016000000000002,0.3232258064516129,-7.6140340709685e-05,0.0,7.0,0,0.1142335840871347,-0.0096030646801822,-0.0247025220742738,-0.016655000000001332
2015-08-12,-0.0140367582742921,0.0,-0.0099,0.3335483870967742,-7.614613850215335e-05,0.0,-19.0,0,-0.0073207049190399,0.0009496036382146,0.00971273401404,-0.016655000000001332
2015-08-13,-0.0078425265547537,0.0,0.0247999999999999,0.3438709677419355,-7.61519371792474e-05,0.0,-1.0,1,-0.0088561381847162,-0.0012760258683812,-0.0088997072435017,-0.016655000000001332
2015-08-14,-0.0105112046308555,0.0,-0.0312999999999998,0.3541935483870968,-7.615773673741444e-05,0.0,-4.0,1,-0.0501624805718685,0.0039043322743591,-0.0038677389977908,-0.016655000000001332
2015-08-17,-0.0061441206744206,0.0,-0.0015,0.3851612903225807,-0.0002285080164021,0.0,-2.0,0,0.014700499257905,0.0051978917094029,0.0,-0.016655000000001332
2015-08-18,0.0049436024118882,0.0,0.0064999999999999,0.3954838709677419,-7.618094381101059e-05,0.0,0.0,0,0.0574570171000097,-0.0026289829356331,-0.0044970927315763,-0.016655000000001332
2015-08-19,-0.0183546024090563,0.0,0.0038,0.4058064516129033,-7.618674778875345e-05,0.0,13.0,0,0.100635814014488,-0.0082891364095971,-0.0343891656008657,-0.016655000000001332
2015-08-20,0.0013084935959657,0.0,-0.0098000000000002,0.4161290322580645,-7.619255265112201e-05,-0.01,9.0,0,0.2272008510825907,-0.0213259604541461,-0.0115164617371177,-0.016655000000001332
2015-08-21,-0.0201156519097605,0.0,0.0144999999999999,0.4264516129032258,-7.619835839811628e-05,0.01,13.0,0,0.3814950355374925,-0.0323692425218781,-0.025196812411304,-0.016655000000001332
2015-08-24,-0.0307388508059869,0.0,0.0598,0.4574193548387097,-0.0002286299185314,0.0,18.0,1,0.3739350623246345,-0.0402114443465192,-0.0628681296842576,-0.016655000000001332
2015-08-25,0.0047029260519835,0.0,-0.0148999999999999,0.467741935483871,-7.622159023945585e-05,0.0,-17.0,0,-0.1231360995417313,-0.0136142497426558,0.0121072601550293,-0.016655000000001332
2015-08-26,0.0329672282509765,0.0,0.0981,0.4780645161290323,-7.622740041313136e-05,0.0,6.0,1,-0.1722668017474006,0.0382912994345316,-0.001621301943132,-0.016655000000001332
2015-08-27,0.0357786714456338,0.0,-0.0771000000000001,0.4883870967741935,-7.623321147320894e-05,0.0,-20.0,1,-0.1498722217646605,0.02400725448969,0.0975414738846453,-0.016655000000001332
2015-08-28,-0.0118269727571238,0.0,0.0235000000000003,0.4987096774193549,-7.623902341791222e-05,0.0,-4.0,1,-0.0019175900324734,0.0006085511568762,0.0510303898201871,-0.016655000000001332
2015-08-31,-0.0112605156569323,0.0,0.0676999999999998,0.5296774193548388,-0.0002287519507913,0.01,6.0,1,0.0874271974853229,-0.008427078663984,0.0787355111080576,-0.016655000000001332
2015-09-01,-0.0249516218091692,0.0,0.0257999999999998,0.54,-7.626228006429869e-05,0.0999999999999999,21.0,1,0.0993629443682948,-0.0300226498424279,-0.088573917155135,-0.016655000000001332
2015-09-02,0.0214711155563396,0.0,0.0588999999999999,0.5493333333333333,0.0013722291538922,0.0,6.0,1,-0.1852557757683329,0.0181276714232146,0.0187892518107075,-0.016655000000001332
2015-09-03,0.0192268525382104,0.0,0.0445999999999999,0.5586666666666666,0.0013703487211333,-0.01,-2.0,1,-0.0185691809531752,0.0011641156994188,0.0035580251932456,-0.016655000000001332
2015-09-04,-0.0184953708249082,0.0,0.0226000000000001,0.5680000000000001,0.0013684734350185,0.01,16.0,0,0.0820530692087437,-0.0154483087542762,-0.0213389228586077,-0.016655000000001332
2015-09-08,0.0056616063732128,0.0,0.0041999999999999,0.6053333333333334,0.0054552430757528,0.0,-9.0,0,-0.1101682051021333,0.0247736371970385,-0.0018158009955954,-0.016655000000001332
2015-09-09,-0.0022479376618385,0.0,-0.0158,0.6146666666666667,0.0013591734696429,0.0,-9.0,0,0.0520359882762768,-0.0139950357690847,-0.0399640942618406,-0.016655000000001332
2015-09-10,-0.0032846392279584,0.0,0.0828000000000002,0.624,0.0013573286243033,0.0,25.0,1,-0.0735508743526029,0.0052640754449356,0.0271603207478581,-0.016655000000001332
2015-09-11,-0.0022173196749371,0.0,0.0,0.6333333333333333,0.0013554887802982,0.0,2.0,0,-0.0492005905166813,0.0044770064449862,-0.0154594444301263,-0.016655000000001332
2015-09-14,0.0188086626634937,0.0,-0.0045000000000001,0.6613333333333333,0.0040554769862417,0.0,-1.0,0,0.0442643058259071,-0.0040980412230438,-0.0374607443074964,-0.016655000000001332
2015-09-15,0.0017327730811036,0.0,-0.0053999999999998,0.6706666666666666,0.0013481790130835,0.0,-12.0,0,-0.0731250681539682,0.0127496876314323,0.0055914583576592,-0.016655000000001332
2015-09-16,0.0247935383266231,0.0,-0.0230999999999999,0.6799999999999999,0.0013463638732886,0.0,-3.0,1,-0.054239791687456,0.0086677407153759,-0.000429010246898,-0.016655000000001332
2015-09-17,-4.119294777282789e-05,0.0,0.0552999999999999,0.6893333333333334,0.0013445536146043,0.01,2.0,1,-0.0098848059718576,-0.00256434444256,0.0516365336707503,-0.016655000000001332
2015-09-18,-0.0268658854985908,0.0,0.0099999999999997,0.6986666666666667,0.0013427482173646,0.0,21.0,0,0.0525224943077911,-0.0162962309543835,-0.033353698871782,-0.016655000000001332
2015-09-21,-0.0143629805202643,0.0,0.08,0.7266666666666667,0.0040174605903668,0.0,25.0,1,-0.1009815888930256,0.0045553920336726,0.0300883151109177,-0.016655000000001332
2015-09-22,-0.0070001901277105,0.0,0.0604000000000004,0.736,0.0013355748532788,0.0,21.0,1,0.1081372474688786,-0.0123949300193783,0.0032653837608642,-0.016655000000001332
2015-09-23,-0.0201960906216118,0.0,0.0615999999999994,0.7453333333333333,0.0013337934719928,0.0,11.0,1,-0.0139109883137796,-0.0020507442295939,-0.0274725902235234,-0.016655000000001332
2015-09-24,-0.0010592286275894,0.0,0.0907999999999997,0.7546666666666666,0.0013320168363684,0.01,-4.0,1,0.0587888644665508,-0.0033686518713064,0.0087573157030437,-0.016655000000001332
2015-09-25,-0.0102305520420422,0.0,-0.2469999999999994,0.764,0.0013302449274679,-0.01,3.0,1,0.0063708656932165,-0.0004659018012205,0.0088871168799791,-0.016655000000001332
2015-09-28,-0.0196879810611001,0.0,0.0619999999999998,0.792,0.0039801503142449,0.01,36.0,1,0.1568082622614906,-0.0260012111628091,-0.0262678922006905,-0.016655000000001332
2015-09-29,0.0039732595494097,0.0,0.1073000000000004,0.8013333333333332,0.0013232041838211,0.0,-4.0,1,-0.0293814469674058,0.0012320939129817,0.0186256172805445,-0.016655000000001332
2015-09-30,0.0207875992277326,0.0,-0.1443000000000003,0.8106666666666666,0.0013214556279503,0.0,-43.0,1,-0.0908475440432456,0.0188958986035651,0.0028985401630913,-0.016655000000001332
2015-10-01,0.0056212249109801,0.0,0.0064999999999999,0.82,0.0013197116872589,0.06,-21.0,0,-0.0829380854352297,0.0019719386783371,-0.0141580612387801,-0.016655000000001332
2015-10-02,0.0372555159565539,0.0,0.0216000000000002,0.8261290322580644,-0.0004284103650338,0.0,-15.0,0,-0.0740738011688769,0.0142137930164055,0.0091840019933867,-0.016655000000001332
2015-10-05,0.0119412605545932,0.0,-0.0869000000000004,0.844516129032258,-0.0012863334097819,0.0,-18.0,1,-0.0691975374779297,0.0181245935185021,0.0230036621107836,-0.016655000000001332
2015-10-06,0.0028741379020758,0.0,-0.0573999999999998,0.8506451612903225,-0.0004291457670255,0.0099999999999999,-2.0,1,-0.0071906470627506,-0.0035946893441432,0.0527946695108891,-0.016655000000001332
2015-10-07,0.0243987726237229,0.0,-0.0506999999999999,0.856774193548387,-0.0004293300121851,0.0,19.0,1,-0.0529224025230049,0.0080035198575527,-0.011428624884563,-0.016655000000001332
2015-10-08,0.0039379367566088,0.0,0.0457,0.8629032258064516,-0.0004295144156181,0.0,-16.0,1,-0.0547316680788572,0.0087797801445584,0.0329594384340513,-0.016655000000001332
2015-10-09,0.0046929843864855,0.0,-0.1131000000000002,0.8690322580645161,-0.0004296989775252,0.0,-6.0,1,-0.0197107919104669,0.0007248485605153,-0.0075685831169357,-0.016655000000001332
2015-10-13,-0.0408532420526519,0.0,0.0864000000000002,0.8935483870967742,-0.0017206447058626,0.0,25.0,1,0.0887106123420597,-0.006848823690127,-0.012512754933001,-0.016655000000001332
2015-10-14,-0.0138830586501441,0.0,0.0256999999999996,0.8996774193548387,-0.000430624171372,0.0,3.0,1,0.0201687846494096,-0.0047274309119391,-0.0018294577651934,-0.016655000000001332
2015-10-15,0.0096090053408595,0.0,-0.0162999999999997,0.9058064516129032,-0.0004308096884386,0.0,-3.0,0,-0.1163282732578699,0.014743551351355,-0.008992548615543,-0.016655000000001332
2015-10-16,0.0015890338841586,0.0,0.0093999999999998,0.9119354838709676,-0.00043099536542,0.0,11.0,0,-0.0643307981725577,0.004560061373697,0.0004105184385556,-0.016655000000001332
2015-10-19,0.004456984871366,0.0,0.0577,0.9303225806451612,-0.0012941017603989,0.03,19.0,1,-0.0046620563375471,0.000270508943873,-0.0024655638480822,-0.016655000000001332
2015-10-20,-0.0078287395740197,0.0,-0.0358999999999998,0.9364516129032258,-0.0004317396766317,-0.01,16.0,1,0.0501244177408916,-0.0014221010558937,0.0020550454095264,-0.016655000000001332
2015-10-21,-0.0010839187909681,0.0,0.0729999999999999,0.9425806451612904,-0.0004319261562919,0.0,-4.0,1,0.0585683998360635,-0.0058424489111342,-0.0178132430128147,-0.016655000000001332
2015-10-22,0.0157390535607664,0.0,-0.0026000000000001,0.9487096774193547,-0.0004321127971156,0.0,-13.0,0,-0.144714363748909,0.0164908470125941,0.0047952423002851,-0.016655000000001332
2015-10-23,-0.0036699597650624,0.0,-0.0371999999999999,0.9548387096774194,-0.0004322995993071,0.0,-14.0,1,0.0006918180099253,0.0109699539690427,-0.0018736374649532,-0.016655000000001332
2015-10-26,-0.0081851816602398,0.0,-0.0405999999999999,0.9732258064516128,-0.0012980212279121,0.0,-5.0,1,0.0558127980773523,-0.0019149330011001,-0.009421209655408,-0.016655000000001332
2015-10-27,-0.0035224753138738,0.0,0.0531999999999999,0.9793548387096774,-0.0004330484259629,0.0,4.0,1,0.0091146687070756,-0.0025573858650877,-0.015474596540555,-0.016655000000001332
2015-10-28,-0.0064403532343693,0.0,-0.0316999999999998,0.985483870967742,-0.00043323603815,0.0,-8.0,1,-0.0739584496371407,0.0117704884881434,0.0467432858075155,-0.016655000000001332
2015-10-29,-0.0241001606669826,0.0,0.0530999999999997,0.9916129032258064,-0.0004334238129697,0.0,-4.0,1,0.019350965747437,-0.0004498753806607,-0.0051098732319546,-0.016655000000001332
2015-10-30,0.0052679444645633,0.0,-0.0738999999999996,0.997741935483871,-0.0004336117506298,0.02,0.0,1,0.0309997901244083,-0.0048214816884254,0.0154537872455104,-0.016655000000001332
2015-11-03,0.046535870939385,0.0,-0.0463,1.0066666666666666,-0.000447569972735,0.03,-34.0,1,0.02718887235153,0.0027243529250675,0.0352397274825567,-0.016655000000001332
2015-11-04,-0.0071843590415845,0.0,-0.0439000000000002,1.005,0.0002100427968301,0.0,2.0,1,0.0645815224637116,-0.0035516669396471,-0.0395531588093948,-0.016655000000001332
2015-11-05,0.0070386789755634,0.0,0.0205999999999999,1.0033333333333334,0.0002099986881187,0.0,9.0,0,-0.0301069880771992,-0.0011327897564983,-0.0124277133947289,-0.016655000000001332
2015-11-06,-0.0237569878184018,0.0,0.0165999999999999,1.0016666666666667,0.0002099545979259,0.01,6.0,0,-0.0490227673522885,-0.0003476817800236,-0.0117402058471244,-0.016655000000001332
2015-11-09,-0.0155511435624688,0.0,-0.0130999999999996,0.9966666666666668,0.0006295994376834,0.0,10.0,0,0.142216559286488,-0.0098712906565025,-0.0048620653867239,-0.016655000000001332
2015-11-10,-0.0003464178266607,0.0,0.0052999999999996,0.995,0.0002097784221497,0.0,-7.0,0,-0.0773727783564228,0.0015094551534496,0.0052837491045324,-0.016655000000001332
2015-11-11,0.0190044757031362,0.0,-0.0653999999999999,0.9933333333333332,0.0002097344243932,0.0,0.0,1,0.0491326578186419,-0.0032333073215689,-0.034963287864889,-0.016655000000001332
2015-11-12,-0.0038531591382504,0.0,0.0668999999999999,0.9916666666666668,0.0002096904450876,0.01,2.0,1,0.1343872696473143,-0.0140891633366326,-0.0389500653337715,-0.016655000000001332
2015-11-13,-0.0078586286820243,0.0,0.0026999999999999,0.99,0.0002096464842225,-0.01,17.0,0,0.0890053461119987,-0.0112706404321554,-0.0102658766924992,-0.016655000000001332
2015-11-16,0.0070691353037002,0.0,0.0313000000000003,0.985,0.0006286758717095,0.01,-5.0,1,-0.1005029262532988,0.0147933027942343,-0.0006881243179405,-0.016655000000001332
2015-11-17,0.0085233525189583,0.0,-0.0283999999999999,0.9833333333333332,0.0002094708249344,0.0,-11.0,1,0.0367609124766315,-0.0013402770182465,-0.0002295384073266,-0.016655000000001332
2015-11-18,0.0039711091009806,0.0,-0.0131000000000001,0.9816666666666668,0.000209426956097,0.0,-4.0,0,-0.1116315978098385,0.0160332298771722,0.012997553875874,-0.016655000000001332
2015-11-19,0.0147112252904637,0.0,-0.0478999999999998,0.98,0.0002093831056306,0.0,-14.0,1,0.0082742427747553,-0.0011237403289792,0.0009058178985652,-0.016655000000001332
2015-11-23,0.0002284788511222,0.0,-0.0211000000000001,0.9733333333333332,0.0008370942848685,0.0,16.0,0,0.0096494552389283,-0.001235623841684,0.0037993560163974,-0.016655000000001332
2015-11-24,0.0027791045947456,0.0,-0.0150000000000001,0.9716666666666668,0.0002091641284565,0.0,-4.0,0,0.0196520059942798,0.0012212499449607,0.0283690732296251,-0.016655000000001332
2015-11-25,-0.0297864397801852,0.0,0.0607000000000002,0.97,0.0002091203879714,0.0199999999999999,18.0,1,-0.0475668540961112,-0.0001291406149671,0.0010835246185482,-0.016655000000001332
2015-11-26,0.0059353667910606,0.0,-0.0081999999999999,0.9683333333333332,0.0002090766657776,-0.0199999999999999,0.0,0,-0.0475668540961112,-0.0001291406149671,0.0010835246185482,-0.016655000000001332
2015-11-27,-0.0273724611556307,0.0,-0.0207000000000001,0.9666666666666668,0.0002090329618642,0.0,-2.0,0,-0.0046189258006021,0.0005934415594808,-0.0287836541621667,-0.016655000000001332
2015-11-30,-0.0165511015043211,0.0,0.1107,0.9616666666666668,0.0006268368447166,0.0,23.0,1,0.064662476925224,-0.0046518001396184,-0.0055884798756408,-0.016655000000001332
2015-12-01,-0.0016192180276526,0.0,0.0238999999999998,0.96,0.0002088583287633,0.0899999999999999,4.0,1,-0.0948762427521989,0.0106239389467392,-0.0038181289528274,-0.016655000000001332
2015-12-02,-0.0029345744809816,0.0,-0.02,0.97,-0.0021568473658426,0.0,4.0,0,0.0811432354034364,-0.0110565926394489,-0.0448711402399401,-0.016655000000001332
2015-12-03,0.0323767711012479,0.0,-0.0574999999999996,0.98,-0.002161509413538,0.0,-2.0,1,0.1295164728387775,-0.01447782644415,0.0312778524909728,-0.016655000000001332
2015-12-04,-0.0224958807505473,0.0,-0.0395000000000003,0.99,-0.0021661916590272,0.01,-3.0,1,-0.2011616489847395,0.0203178563638512,-0.0193465304267608,-0.016655000000001332
2015-12-07,-0.0030468980561959,0.0,-0.0099,1.02,-0.0065268724079654,-0.01,9.0,0,0.0672357394063111,-0.0070140439603977,-0.0542352052722216,-0.016655000000001332
2015-12-08,-0.0173983377320467,0.0,0.0445000000000002,1.03,-0.0021851252670064,0.0,9.0,1,0.1053605276991684,-0.0065110526255945,-0.0116065319003766,-0.016655000000001332
2015-12-09,0.0367790014951392,0.0,-0.0341,1.04,-0.0021899104976732,0.0,5.0,1,0.1081407476142383,-0.0077690863656927,-0.0037326835220602,-0.016655000000001332
2015-12-10,-0.0103991606330637,0.0,0.0104999999999999,1.05,-0.0021947167328129,0.01,15.0,0,-0.0138641734178557,0.0022488565785946,-0.0095191366942606,-0.016655000000001332
2015-12-11,-0.008097388402767,0.0,0.0863,1.06,-0.0021995441110185,0.0,28.0,1,0.2319976892882595,-0.0196138677558153,-0.0463641945580728,-0.016655000000001332
2015-12-14,-0.0114655183354379,0.0,0.0474999999999998,1.09,-0.0066278101377665,0.0,-17.0,1,-0.0704875694778975,0.004744288064068,-0.0002637346470575,-0.016655000000001332
2015-12-15,0.0027895888385387,0.0,-0.032,1.1,-0.0022190678696176,0.01,-19.0,1,-0.081546934939963,0.0105625801059143,0.0138800866945185,-0.016655000000001332
2015-12-16,0.0032039899249411,0.0,0.0654000000000003,1.11,-0.0022240030854376,0.0,34.0,1,-0.1595750731627317,0.0144106356507714,-0.0333188447834049,-0.016655000000001332
2015-12-17,0.0054277523950698,0.0,-0.0428000000000001,1.12,-0.0022289603020748,0.0,-1.0,1,0.0587125063326995,-0.0151547766358763,-0.0002688805092654,-0.016655000000001332
2015-12-18,-0.0302808763561284,0.0,0.0133,1.13,-0.0022339396669739,0.0,26.0,0,0.0888576211730293,-0.0179574950071069,-0.0081015628510584,-0.016655000000001332
2015-12-21,-0.0163243629198532,0.0,0.0768999999999997,1.16,-0.006731918912493,-0.01,21.0,1,-0.1016101724688598,0.0077483067271562,-0.0144752656481863,-0.016655000000001332
2015-12-22,0.0062305497506347,0.0,-0.0060999999999999,1.17,-0.002254081604665,0.01,-24.0,0,-0.1191208463168401,0.0087780955915688,-0.0066243098101864,-0.016655000000001332
2015-12-23,0.0124594399121686,0.0,-0.0137999999999998,1.18,-0.0022591739693105,0.0,-5.0,0,-0.0640567520969374,0.0123415965275538,0.0340307775057453,-0.016655000000001332
2015-12-28,-0.0057189232983247,0.0,-0.0445999999999999,1.23,-0.0113730679834276,0.0,4.0,1,0.0716999254391145,-0.002180936456306,-0.0340926988431697,-0.016655000000001332
2015-12-29,-0.0025166454976588,0.0,-0.0693999999999999,1.24,-0.0022902179878698,0.0,-14.0,1,-0.050328894880787,0.0105736641730229,0.03145003150928,-0.016655000000001332
2015-12-30,-0.0069882128903344,0.0,0.0555999999999996,1.25,-0.0022954751286032,0.0,10.0,1,0.0725520936402891,-0.0072433987837785,-0.0358287974480491,-0.016655000000001332
2016-01-04,-0.0282855647096678,0.0,0.1339000000000005,1.2341935483870967,-0.0030644367858183,-0.01,16.0,1,0.1281628936648618,-0.0154220417978059,-0.0016106730621358,-0.016655000000001332
2016-01-05,0.0065752365558378,0.0,-0.0273000000000003,1.222258064516129,0.0005135990736437,0.0,-35.0,1,-0.0679582392133963,0.0020102041393599,-0.0217282599876868,-0.016655000000001332
2016-01-06,-0.0153461772609713,0.0,0.0189000000000003,1.2103225806451614,0.0005133354250386,0.0,8.0,0,0.0626300305355698,-0.013202163002626,-0.0620155848544625,-0.016655000000001332
2016-01-07,-0.0261449630327454,0.0,0.0171999999999998,1.1983870967741936,0.0005130720469761,0.0,1.0,0,0.1936702072374492,-0.0239858165193447,-0.0141220218503831,-0.016655000000001332
2016-01-08,-0.0020416453400269,0.0,-0.0224999999999999,1.186451612903226,0.0005128089390371,0.0,6.0,0,0.0777314405905666,-0.0108975374458479,-0.0059435766412195,-0.016655000000001332
2016-01-11,-0.0164349172266931,0.0,-0.0097000000000004,1.1506451612903226,0.0015368508645146,-0.01,-6.0,0,-0.1057308573286737,0.0008529082958226,-0.0614632758720135,-0.016655000000001332
2016-01-12,-0.0109736327210701,0.0,0.0145999999999997,1.1387096774193548,0.0005117592002452,0.01,0.0,0,-0.0782952633109022,0.0077725141177748,-0.0221126980922107,-0.016655000000001332
2016-01-13,-0.0145303226860971,0.0,-0.0435999999999996,1.126774193548387,0.0005114974367206,-0.02,15.0,1,0.1154562476716288,-0.025282375077909,-0.0179831932632321,-0.016655000000001332
2016-01-14,0.01417595510196,0.0,0.0360000000000004,1.1148387096774193,0.0005112359408414,-0.01,-9.0,1,-0.0516689475981104,0.0165580609343839,0.0234768271388663,-0.016655000000001332
2016-01-15,-0.0238518269092296,0.0,0.0178999999999991,1.1029032258064515,0.0005109747121974,0.02,21.0,0,0.12060899376128,-0.0218357726981623,-0.0006447600954673,-0.016655000000001332
2016-01-18,-0.0165219558366445,0.0,-0.0037999999999991,1.0670967741935484,0.0015313594309525,0.0,0.0,0,0.12060899376128,-0.0218357726981623,-0.0006447600954673,-0.016655000000001332
2016-01-19,0.0031581466889196,0.0,-0.0060999999999999,1.0551612903225809,0.0005099324618029,0.0,0.0,0,-0.0365596105618408,0.0005316801874288,-0.0753241996820765,-0.016655000000001332
2016-01-20,-0.0108848925480362,0.0,0.0557999999999996,1.043225806451613,0.0005096725632132,0.01,11.0,1,0.0574356548478728,-0.0117627660258983,-0.0310759850204908,-0.016655000000001332
2016-01-21,0.0019107778961924,0.0,0.0697000000000001,1.0312903225806451,0.0005094129294125,0.0,-10.0,1,-0.0331644103336605,0.005181988635948,0.0479700178871712,-0.016655000000001332
2016-01-22,0.008290695426421,0.0,-0.0326000000000004,1.0193548387096774,0.000509153560003,0.01,-20.0,1,-0.1779101829547753,0.0200807268822134,0.0954655773697707,-0.016655000000001332
2016-01-26,-0.0141406868485045,0.0,-0.0264999999999995,0.9716129032258064,0.0020340258195137,0.0,-3.0,1,-0.0707690550923592,0.0140452378303679,0.0417395821809581,-0.016655000000001332
2016-01-27,0.0231713344235675,0.0,-0.0518999999999998,0.9596774193548387,0.0005078606646478,0.0,-8.0,1,0.0267501414866269,-0.0109229223005284,0.0400669704896314,-0.016655000000001332
2016-01-28,0.006596912478427,0.0,0.0389999999999997,0.947741935483871,0.0005076028731085,0.01,-4.0,1,-0.0303120296500461,0.0055133507175915,0.0235867313252207,-0.016655000000001332
2016-01-29,0.0449491121131604,0.0,-0.0410000000000003,0.9358064516129032,0.0005073453431485,0.0,13.0,1,-0.1042707788705169,0.0244586509945564,0.0247718415188878,-0.016655000000001332
2016-02-01,0.0040505884270061,0.0,-0.0441999999999995,0.9,0.0015204934595161,-0.04,1.0,1,-0.0109508918671257,-0.0004433348455418,-0.001440387733925,-0.016655000000001332
2016-02-02,-0.0498802330602181,0.0,-0.0067000000000003,0.8837931034482759,0.0026688690015586,-0.01,17.0,0,0.0954011778397899,-0.0189209687182314,-0.0584648723520407,-0.016655000000001332
2016-02-03,0.0254026577371266,0.0,-0.0360999999999998,0.8675862068965517,0.0026617650950004,0.0,-5.0,1,-0.0151274913204525,0.004979620021574,0.0685037431541555,-0.016655000000001332
2016-02-04,0.0306698498765864,0.0,-0.0905,0.8513793103448276,0.002654698905955,0.0,-2.0,1,0.0087377210346795,0.0015255682925234,-0.0166910876642983,-0.016655000000001332
2016-02-05,-0.0056501489149258,0.0,0.0322,0.8351724137931035,0.002647670134829,0.02,-2.0,1,0.0681377622852374,-0.0186541582763518,-0.0116754889776543,-0.016655000000001332
2016-02-10,-0.0053106869372374,0.0,0.0436999999999998,0.7541379310344828,0.013134208158279,-0.03,33.0,1,-0.0094643898342369,-0.0001889681307609,0.0170050029338487,-0.016655000000001332
2016-02-11,-0.0265778866342731,0.0,0.0230000000000001,0.7379310344827587,0.0026062669007984,0.02,15.0,1,0.0680033564304658,-0.0123774473292562,-0.0256171870844148,-0.016655000000001332
2016-02-12,0.0123854678312991,0.0,0.0249000000000001,0.7217241379310345,0.0025994919272047,0.0,-15.0,1,-0.1024428709904241,0.0193300152070459,0.1041622292280154,-0.016655000000001332
2016-02-15,0.0071338583667905,0.0,-0.0005999999999999,0.673103448275862,0.0077581758970151,0.0,0.0,0,-0.1024428709904241,0.0193300152070459,0.1041622292280154,-0.016655000000001332
2016-02-16,0.0211012135740205,0.0,0.0327999999999999,0.6568965517241379,0.0025727406382163,0.01,-5.0,1,-0.0521224414976315,0.0163817377416849,-0.0360124447388198,-0.016655000000001332
2016-02-17,0.016542112999458,0.0,0.0104999999999995,0.6406896551724137,0.0025661386254594,0.0,-14.0,0,-0.0775917330019627,0.0163461106256413,0.069614172989678,-0.016655000000001332
2016-02-18,-0.0036819158657994,0.0,-0.0226999999999995,0.6244827586206896,0.0025595704093728,0.0,4.0,0,-0.0304915587329086,-0.0046766321239347,-0.0063972659175118,-0.016655000000001332
2016-02-19,0.0015658691965008,0.0,0.0400999999999998,0.6082758620689654,0.0025530357311041,0.0,-10.0,1,-0.0526561612966954,-2.60332818018429e-05,-0.0377515631019239,-0.016655000000001332
2016-02-22,0.0399213170247101,0.0,-0.0873999999999997,0.559655172413793,0.0076202306742079,0.01,-8.0,1,-0.0576457013182768,0.014350731099076,0.0496409263762606,-0.016655000000001332
2016-02-23,-0.0166522808708897,0.0,0.0065999999999997,0.5434482758620689,0.0025272273107255,0.0,-2.0,0,0.0793280179905783,-0.0125325775707884,-0.0417953176047015,-0.016655000000001332
2016-02-24,-0.0103066888779643,0.0,0.0216000000000002,0.5272413793103448,0.0025208565298768,0.0,-13.0,0,-0.0124701968970809,0.0044299600346319,0.033691111585546,-0.016655000000001332
2016-02-25,-0.0046919929360509,0.0,-0.0500000000000002,0.5110344827586206,0.0025145177879419,0.0,7.0,1,-0.0808875940609813,0.0112843667304508,0.0252524482551628,-0.016655000000001332
2016-02-26,-0.0070675058498963,0.0,0.0178000000000002,0.4948275862068965,0.0025082108438443,0.0,-7.0,0,0.0359750435604294,-0.0018718653295646,-0.0053985766306607,-0.016655000000001332
2016-02-29,0.0284660219671657,0.0,0.0217999999999998,0.4462068965517241,0.0074871052795426,0.01,-4.0,0,0.0366740700647675,-0.0081541310915717,0.024484204644747,-0.016655000000001332
2016-03-01,0.0305606184288134,0.0,0.0116999999999998,0.43,0.0024832963080001,-0.14,-13.0,0,-0.149296221132529,0.0235883854016189,-0.000278107500417,-0.016655000000001332
2016-03-02,0.0173233563162007,0.0,-0.0796999999999998,0.4358064516129032,-0.0004562909910568,0.01,-4.0,1,-0.0350711766277171,0.0040859498611017,0.026617052984284,-0.016655000000001332
2016-03-03,0.0499636959187039,0.0,-0.0611999999999999,0.4416129032258064,-0.000456499287571,-0.01,-23.0,1,-0.0230847409482837,0.0034926343203169,0.0037837718021218,-0.016655000000001332
2016-03-04,0.0393079126360085,0.0,-0.1316000000000001,0.4474193548387096,-0.0004567077743491,0.0,-15.0,1,0.0095352236671633,0.0033004398659416,0.0435482850045778,-0.016655000000001332
2016-03-07,0.0032746569011177,0.0,0.0525999999999999,0.4648387096774193,-0.0013713761502369,0.0,5.0,1,0.0286485396047266,0.0008846228008639,0.0533057030979016,-0.016655000000001332
2016-03-08,-0.0029283788771472,0.0,0.0099,0.4706451612903226,-0.0004575436292935,0.0,8.0,0,0.0733254332604814,-0.0113037560560061,-0.0295710104681397,-0.016655000000001332
2016-03-09,-0.0089396812899984,0.0,-0.0775999999999998,0.4764516129032258,-0.0004577530712985,0.0,-20.0,1,-0.0178334864918079,0.0050396727828142,0.0351869339732804,-0.016655000000001332
2016-03-10,0.0184458994425735,0.0,-0.0337,0.482258064516129,-0.0004579627051359,0.0,-6.0,1,-0.0159388326374938,0.0001557927971226,-0.0251492660731481,-0.016655000000001332
2016-03-11,0.0013708297681418,0.0,-0.0428999999999999,0.4880645161290322,-0.0004581725310739,0.0,-7.0,1,-0.0897852616042403,0.0162625455888514,0.0084535599991752,-0.016655000000001332
2016-03-14,-0.0156744930455943,0.0,-0.0032,0.5054838709677419,-0.0013757784737649,0.0,10.0,0,0.0251359777806406,-0.0012617686166117,-0.0215223680356984,-0.016655000000001332
2016-03-15,-0.0361925811079384,0.0,0.0876999999999998,0.5112903225806451,-0.0004590137610751,0.0,22.0,1,-0.0047393408119563,-0.0018386309343179,-0.0201871451228685,-0.016655000000001332
2016-03-16,0.013341540246337,0.0,0.0963000000000002,0.5170967741935484,-0.0004592245514647,0.0,-2.0,1,-0.1163737210296814,0.0055847278817796,0.040222952981776,-0.016655000000001332
2016-03-17,0.0638866536713393,0.0,-0.1634000000000002,0.5229032258064517,-0.0004594355355482,0.0,-22.0,1,-0.0373811924401862,0.0065735830685963,0.0295611862005447,-0.016655000000001332
2016-03-18,-0.001946348263587,0.0,-0.0299,0.5287096774193548,-0.0004596467135868,0.0,-26.0,1,-0.0295171901481468,0.0043959672510261,-0.0082185656141944,-0.016655000000001332
2016-03-21,0.0070009208650585,0.0,0.0083000000000001,0.5461290322580645,-0.0013802091525629,-0.01,-17.0,0,-0.0165412252182722,0.0009850919042923,0.0082185656141944,-0.016655000000001332
2016-03-22,-0.0031708155199527,0.0,-0.0156,0.5519354838709677,-0.0004604933706584,0.0,-1.0,0,0.0271833700478447,-0.0008777728967722,0.0060002578800102,-0.016655000000001332
2016-03-23,-0.0262179863206064,0.0,0.0457999999999998,0.557741935483871,-0.0004607055225012,0.0,28.0,1,0.0529150925310999,-0.0064065095306671,-0.0320961093166981,-0.016655000000001332
2016-03-24,-0.0006643381524078,0.0,0.0417,0.5635483870967741,-0.0004609178699119,-0.01,8.0,1,-0.0134772803846266,-0.0003781417793768,-0.000741628857394,-0.016655000000001332
2016-03-28,0.0235047389825613,0.0,-0.0539999999999998,0.5867741935483871,-0.0018457988746334,0.0,-8.0,1,0.0333586640067565,0.0005451068880723,-0.0042125739628159,-0.016655000000001332
2016-03-29,0.0062161328865215,0.0,0.0278999999999998,0.5925806451612903,-0.0004619825499965,0.0,-3.0,1,-0.0978067389826671,0.0087780120542374,-0.0284618398568561,-0.016655000000001332
2016-03-30,0.0018358663021267,0.0,-0.0570999999999997,0.5983870967741935,-0.0004621960765209,-0.01,-12.0,1,-0.0189924827999063,0.0043408799935662,0.0030611997218524,-0.016655000000001332
2016-03-31,-0.0235737047615831,0.0,-0.0527000000000001,0.6041935483870968,-0.000462409800523,0.02,5.0,1,0.0283551811371911,-0.0020418423596207,0.0086229336324172,-0.016655000000001332
2016-04-01,0.010077905146824,0.0,0.0209999999999999,0.61,-0.0004626237222673,0.02,-5.0,0,-0.0628672352676926,0.0063109590665997,0.0015140395161113,-0.016655000000001332
2016-04-04,-0.0358799132304969,0.0,0.0072,0.627,-0.0008243705387585,0.0,9.0,0,0.0749799646332833,-0.0032134800458546,-0.0509483484016886,-0.016655000000001332
2016-04-05,0.0056013393379696,0.0,0.0710000000000001,0.6326666666666667,-0.0002749412680671,0.0,19.0,1,0.0880731491226949,-0.0101962984117945,0.0047644428663562,-0.016655000000001332
2016-04-06,-0.0197227185551795,0.0,0.0167999999999999,0.6383333333333333,-0.0002750168815577,0.0,-2.0,0,-0.0902000363428046,0.0104527979320131,0.0507122228374975,-0.016655000000001332
2016-04-07,0.0086327896933511,0.0,0.0171999999999998,0.644,-0.0002750925366505,0.0,19.0,0,0.1370737069105238,-0.0120480739700048,-0.010344480917194,-0.016655000000001332
2016-04-08,0.0360340991474892,0.0,-0.0535999999999998,0.6496666666666666,-0.0002751682333776,-0.01,-9.0,1,-0.0507723382828452,0.0027827026046165,0.0617130371003699,-0.016655000000001332
2016-04-11,-0.0025483300338287,0.0,-0.1101,0.6666666666666666,-0.0008259592973747,0.0,-24.0,1,0.056941412828254,-0.0027435458896039,0.0209988416493734,-0.016655000000001332
2016-04-12,0.0359646070026862,0.0,0.0121999999999999,0.6723333333333333,-0.0002754714373338,0.0,-19.0,0,-0.0907082272591327,0.0096157538813899,0.0425108978371269,-0.016655000000001332
2016-04-13,0.0218359254076947,0.0,0.0022999999999999,0.678,-0.000275547342758,0.0,-10.0,0,-0.0704369297222452,0.0099900697685578,-0.0114775273165648,-0.016655000000001332
2016-04-14,-0.0140016118277284,0.0,-0.0302999999999999,0.6836666666666666,-0.0002756232900242,0.0,-5.0,1,-0.0087083194541799,0.0001729124301324,-0.0077255587792028,-0.016655000000001332
2016-04-15,0.0154680807212681,0.0,0.0150000000000001,0.6893333333333334,-0.0002756992791663,0.0,5.0,0,-0.0073153494415307,-0.0009847695761459,-0.0170236844138446,-0.016655000000001332
2016-04-18,-0.0062946628000482,0.0,0.0627999999999997,0.7063333333333334,-0.0008275541916482,0.0,7.0,1,-0.0200228788981799,0.0065197256137979,-0.0044180662590436,-0.016655000000001332
2016-04-19,0.0153092930359193,0.0,-0.0365999999999999,0.712,-0.0002760036552036,-0.01,-4.0,1,-0.0082738801990552,0.0030797379028665,0.0257662965958773,-0.016655000000001332
2016-04-20,-0.0014719448163074,0.0,-0.0034999999999998,0.7176666666666667,-0.0002760798542524,0.01,-5.0,0,0.0030165907189823,0.0007612550492345,0.0394128824187601,-0.016655000000001332
2016-04-22,-0.0135727029372603,0.0,0.0325999999999999,0.729,-0.0005523884740306,0.0,21.0,1,-0.0537486399722336,4.785857954074228e-05,0.012940873030038,-0.016655000000001332
2016-04-25,-0.0199682114286066,0.0,-0.0356999999999998,0.746,-0.0008291552571932,0.0,-3.0,1,0.0630244906889014,-0.0018136896207629,-0.014064325299721,-0.016655000000001332
2016-04-26,0.0232703815944024,0.0,-0.0171000000000001,0.7516666666666667,-0.0002765379335709,0.0,-6.0,0,-0.0085592452444747,0.0018710001742369,0.0279335856395767,-0.016655000000001332
2016-04-27,0.0259402241182762,0.0,-0.0005999999999999,0.7573333333333334,-0.0002766144279515,0.0,-15.0,0,-0.0137037540827055,0.0016479941117468,0.0309968551574042,-0.016655000000001332
2016-04-28,-0.0030517534485259,0.0,-0.0302999999999999,0.763,-0.0002766909646663,-0.01,3.0,1,0.1001180239940273,-0.0092736360615616,0.0201433392283892,-0.016655000000001332
2016-04-29,-0.0074106582735655,0.0,-0.0484,0.7686666666666667,-0.0002767675437453,0.0,0.0,1,0.0310503302274054,-0.0050759492305571,-0.0002077141689334,-0.016655000000001332
2016-05-02,-0.0064946773005001,0.0,0.0482999999999997,0.7661290322580645,-0.0001735894436016,-0.1,-3.0,1,-0.0671746562306346,0.0077796066972441,-0.0006235601186535,-0.016655000000001332
2016-05-03,-0.0246086013328135,0.0,0.0559000000000002,0.7522580645161291,0.0003800310722432,-0.01,10.0,1,0.0607848947337683,-0.0087144993883958,-0.0284678896539648,-0.016655000000001332
2016-05-04,0.0055909240881621,0.0,-0.0153000000000003,0.7383870967741936,0.0003798867034898,0.01,3.0,0,0.0284378633321766,-0.0059545827054725,-0.0466320906683474,-0.016655000000001332
2016-05-05,-0.0169254884787228,0.0,-0.0100999999999999,0.724516129032258,0.0003797424443838,0.0,2.0,0,-0.0087609692818506,-0.0002390366927941,0.0087024849475166,-0.016655000000001332
2016-05-06,0.0009091876938089,0.0,0.0066000000000001,0.7106451612903226,0.0003795982947973,0.0,-7.0,0,-0.0777407013177306,0.0031696105535526,0.007966420119683,-0.016655000000001332
2016-05-09,-0.0141763483286503,0.0,0.0024999999999999,0.6690322580645162,0.0011379310802155,0.0,4.0,0,-0.0102425321796503,0.0007532133076099,-0.0391060585168195,-0.016655000000001332
2016-05-10,0.040001104632708,0.0,-0.0615000000000001,0.6551612903225806,0.000379022789172,0.0,-7.0,1,-0.0666913451569303,0.0124063652360373,0.0424067882576662,-0.016655000000001332
2016-05-11,-0.0058014997130992,0.0,-0.0126999999999997,0.6412903225806452,0.0003788791853249,0.0,-8.0,0,0.0748937075163065,-0.0096075228778687,0.0446809293066992,-0.016655000000001332
2016-05-12,0.0089996362338631,0.0,0.0231999999999996,0.6274193548387097,0.0003787356902531,0.0,-3.0,1,-0.0192445621985971,-0.0001694792679642,0.0100335991293573,-0.016655000000001332
2016-05-13,-0.0273614098591963,0.0,0.0164000000000004,0.6135483870967742,0.0003785923038339,0.0,6.0,0,0.042790916562923,-0.0085144341617524,-0.00521323233569,-0.016655000000001332
2016-05-16,-1.9303714999807653e-05,0.0,-0.0006000000000003,0.5719354838709678,0.0011349176776604,0.0,-7.0,0,-0.0242272720104156,0.0097489763896127,0.0235547946670345,-0.016655000000001332
2016-05-17,-0.0187842860700691,0.0,0.0001999999999999,0.5580645161290323,0.0003780198422163,0.0,-1.0,0,0.0588599222707536,-0.0094558635521628,0.0063104038127063,-0.016655000000001332
2016-05-18,-0.0054634705580003,0.0,0.0331000000000001,0.5441935483870968,0.0003778769972111,0.0,3.0,1,0.0241128510268909,0.0002051576864012,-0.0071275829164832,-0.016655000000001332
2016-05-19,-0.0085208321289158,0.0,0.0634999999999998,0.5303225806451612,0.0003777342601214,-0.01,17.0,1,0.0235450850378074,-0.0037135945227206,-0.0024554735035197,-0.016655000000001332
2016-05-20,-0.0082118711749057,0.0,-0.0583999999999997,0.5164516129032258,0.0003775916308246,0.0,-2.0,1,-0.071708487006478,0.0060014592228046,-0.0018455895773754,-0.016655000000001332
2016-05-23,-0.0079351874688029,0.0,0.0240999999999997,0.4748387096774193,0.0011319201927868,0.0,5.0,1,0.0399795277451188,-0.0020876365681016,-0.0076234581168472,-0.016655000000001332
2016-05-24,0.0003040283783235,0.0,-0.0168999999999996,0.4609677419354839,0.0003770221891254,0.0,-2.0,0,-0.0926588059013578,0.0135886375339901,0.0053630932731778,-0.016655000000001332
2016-05-25,0.0027927326201595,0.0,0.0312999999999998,0.4470967741935484,0.0003768800969634,0.0,-4.0,1,-0.0367273244548648,0.0069505296515834,0.0229801885066123,-0.016655000000001332
2016-05-27,-0.0087686030807407,0.0,0.0363999999999999,0.4193548387096774,0.0007533343455765,0.0,0.0,1,-0.0233532584652725,0.0042776949394394,-0.0054595314695559,-0.016655000000001332
2016-05-30,-0.0017752389501239,0.0,-0.0171000000000001,0.3777419354838709,0.0011289384998054,0.0,0.0,0,-0.0233532584652725,0.0042776949394394,-0.0054595314695559,-0.016655000000001332
2016-05-31,-0.0100990225705768,0.0,-0.0045999999999999,0.3638709677419355,0.0003760297880965,0.0,13.0,0,0.0783996868073422,-0.0010057686205899,0.0074740058685824,-0.016655000000001332
2016-06-01,0.0110992574029413,0.0,0.0175,0.35,0.0003758884428428,-0.1399999999999999,-3.0,0,0.0007044895745281,0.0011343986539261,0.0004024237121554,-0.016655000000001332
2016-06-02,0.0176748787282576,0.0,-0.0165000000000001,0.3556666666666666,-4.224827474530457e-06,0.0,-9.0,0,-0.0409686970704888,0.0028206961669861,0.0066166022054068,-0.016655000000001332
2016-06-03,0.0145665521104234,0.0,-0.0551999999999996,0.3613333333333333,-4.224845323363979e-06,0.01,-1.0,1,-0.0118082438584559,-0.0029160622366948,-0.0080257558537732,-0.016655000000001332
2016-06-06,-0.0037011056488971,0.0,-0.0311000000000003,0.3783333333333333,-1.2674643068422142e-05,0.0,-6.0,1,0.0132744834382307,0.0048853285193636,0.0181659823328646,-0.016655000000001332
2016-06-07,0.0011097900465255,0.0,-0.0352999999999998,0.384,-4.224916722250782e-06,0.0,-8.0,1,0.0288829156707216,0.0012886156291976,0.0174531228587037,-0.016655000000001332
2016-06-08,0.0223478458378885,0.0,-0.0846999999999997,0.3896666666666666,-4.2249345710843045e-06,0.0,-6.0,1,0.0021329359561023,0.0033041019719547,0.0205875424526443,-0.016655000000001332
2016-06-09,-0.0099468444465706,0.0,-0.0081000000000002,0.3953333333333333,-4.2249524234705405e-06,0.0,4.0,0,0.0390021866728806,-0.0017192355978938,-0.0107218634537897,-0.016655000000001332
2016-06-10,-0.0337410164860898,0.0,0.0443999999999999,0.4009999999999999,-4.224970272304063e-06,-0.01,8.0,1,0.1512190030101828,-0.0092175324101661,-0.0275166121563161,-0.016655000000001332
2016-06-13,0.0048242476212401,0.0,0.0272000000000001,0.418,-1.2675017920571465e-05,0.0,6.0,1,0.2081162771752897,-0.0081482987897094,-0.0037665312158231,-0.016655000000001332
2016-06-14,-0.0206092189905984,0.0,0.0306000000000001,0.4236666666666666,-4.225041674743579e-06,0.0,12.0,1,-0.022667926025283,-0.0018005050719719,-0.010381339819788,-0.016655000000001332
2016-06-15,0.0054734000915832,0.0,-0.0071000000000003,0.4293333333333333,-4.225059527129815e-06,0.0,-6.0,0,-0.0177170291593868,-0.0018424090638101,-0.0174093583975466,-0.016655000000001332
2016-06-16,0.0101092117651742,0.0,0.0136000000000002,0.435,-4.225077377739694e-06,0.0,4.0,0,-0.0389823362396189,0.0031280931110455,-0.0370259140048145,-0.016655000000001332
2016-06-17,0.0024659928006141,0.0,-0.0532000000000003,0.4406666666666666,-4.2250952283495735e-06,0.0,-7.0,1,0.0020628685742592,-0.0032632841446089,0.0411016675476001,-0.016655000000001332
2016-06-20,0.0159221492502119,0.0,-0.0536999999999996,0.4576666666666666,-1.2675392795813424e-05,0.0,-12.0,1,-0.0550694444075854,0.0057913827784231,0.0296556166360509,-0.016655000000001332
2016-06-21,0.0100626547189897,0.0,0.0061999999999997,0.4633333333333333,-4.2251666361181606e-06,0.0,-2.0,0,0.0059700965307458,0.0027083906042097,-0.0005925268043115,-0.016655000000001332
2016-06-22,-0.0135059581160916,0.0,-0.0013999999999998,0.469,-4.2251844885043965e-06,0.0,-2.0,0,0.1358960473078682,-0.0016529289965758,-0.0147265917907881,-0.016655000000001332
2016-06-23,0.0276080297426961,0.0,-0.0350000000000001,0.4746666666666667,-4.225202339114276e-06,0.0,-11.0,1,-0.2047729452732758,0.0132755670719551,0.0204392226915029,-0.016655000000001332
2016-06-24,-0.0286253745606952,0.0,0.0239000000000002,0.4803333333333333,-4.2252201932768685e-06,0.0,19.0,1,0.4010107666439484,-0.0365807928055826,-0.0503529641174242,-0.016655000000001332
2016-06-27,-0.0172926574646883,0.0,0.0161999999999999,0.4973333333333333,-1.2675767692371664e-05,0.0,9.0,0,-0.0770386767924294,-0.0182622465117027,-0.0261603283659779,-0.016655000000001332
2016-06-28,0.0153348495834571,0.0,-0.0666999999999999,0.503,-4.225291604598169e-06,0.0,-17.0,1,-0.2405904809124681,0.0176141216040879,0.0296658888319251,-0.016655000000001332
2016-06-29,0.0197018520126253,0.0,-0.0832000000000001,0.5086666666666667,-4.225309456984405e-06,0.0,-22.0,1,-0.1193843537031393,0.0168892429712539,0.0409372360203279,-0.016655000000001332
2016-06-30,0.0102410944901958,0.0,-0.0337,0.5143333333333333,-4.225327309370641e-06,0.0,-4.0,1,-0.0626172469580194,0.0134738631494661,-0.0185467535178339,-0.016655000000001332
2016-07-01,0.0136085369206906,0.0,0.02,0.52,-4.225345163533234e-06,-0.03,-3.0,0,-0.0565940242191719,0.001946706293032,0.0032154337726993,-0.016655000000001332
2016-07-04,0.0064121133418204,0.0,0.0182000000000002,0.5122580645161291,0.001506353941318,0.0,0.0,0,-0.0565940242191719,0.001946706293032,0.0032154337726993,-0.016655000000001332
2016-07-05,-0.0139259608476578,0.0,0.0423999999999997,0.5096774193548387,0.000501614157141,0.0,5.0,1,0.0533899080095976,-0.0068710289855987,-0.0384505664708333,-0.016655000000001332
2016-07-06,0.0011566935281006,0.0,0.0337999999999998,0.5070967741935484,0.000501362666526,0.0,3.0,1,-0.0406080604494241,0.0053386870582759,0.017362986155177,-0.016655000000001332
2016-07-07,0.0021748134480237,0.0,0.0146000000000001,0.5045161290322581,0.0005011114279582,0.0,0.0,0,-0.0134591404170367,-0.000871957886733,-0.0504308051075658,-0.016655000000001332
2016-07-08,0.0214166198477805,0.0,-0.0419999999999998,0.5019354838709678,0.0005008604410612,-0.0199999999999999,-10.0,1,-0.1117040195365115,0.0151381865659924,0.0077286085909816,-0.016655000000001332
2016-07-11,0.0152942729689158,0.0,0.0062999999999999,0.4941935483870968,0.0015010779128541,0.01,-5.0,0,0.0254314495240607,0.0034028193119982,-0.0109666367500778,-0.016655000000001332
2016-07-12,0.0054705540437272,0.0,-0.0281000000000002,0.4916129032258065,0.0004998590026392,0.0099999999999999,-9.0,1,0.0007382967353085,0.0069848423073457,0.0468836110835649,-0.016655000000001332
2016-07-13,0.0062836666600514,0.0,0.0146000000000001,0.4890322580645161,0.0004996092684432,0.0,3.0,0,-0.0383650078289579,0.0001347586749817,-0.0466674545220355,-0.016655000000001332
2016-07-14,0.0160433677541949,0.0,-0.0584999999999999,0.4864516129032258,0.000499359783662,0.0,-3.0,1,-0.0170151258852649,0.0052454228016969,0.0237114738673487,-0.016655000000001332
2016-07-15,0.0017468197024168,0.0,0.0344999999999999,0.4838709677419355,0.0004991105479206,0.0,0.0,1,-0.0117694273331913,-0.0009293790598711,0.0050537416389335,-0.016655000000001332
2016-07-18,0.0161699727070594,0.0,-0.0022000000000002,0.4761290322580645,0.0014958387141454,0.0,1.0,0,-0.0183199467748823,0.0023794618218687,-0.0137466800023025,-0.016655000000001332
2016-07-19,0.0037815245359738,0.0,0.0167000000000001,0.4735483870967742,0.0004981160879271,0.0,0.0,0,-0.0385135117017342,-0.0014362045004153,-0.0064088927008672,-0.016655000000001332
2016-07-20,-0.0021187196738878,0.0,-0.0289000000000001,0.4709677419354838,0.0004978680918146,-0.0099999999999999,-2.0,1,-0.0168495817134575,0.0042612083157639,0.0108707951548891,-0.016655000000001332
2016-07-21,0.0011128875277499,0.0,0.0073000000000003,0.4683870967741935,0.0004976203425197,0.0,7.0,0,0.0791926720138148,-0.0036190698565249,-0.0207782438764314,-0.016655000000001332
2016-07-22,0.0063532503414478,0.0,0.0268999999999999,0.4658064516129032,0.0004973728396713,0.0,1.0,1,-0.058174664987849,0.0045436267895102,-0.0111003890830629,-0.016655000000001332
2016-07-25,-0.0022656431206371,0.0,-0.0035000000000002,0.4580645161290322,0.001490635960895,0.0,3.0,0,0.0683270455254061,-0.0030160187399297,-0.0214585693750462,-0.016655000000001332
2016-07-26,-0.0015837266631137,0.0,-0.0028999999999999,0.4554838709677419,0.0004963852854142,0.0,2.0,0,0.0138891356684335,0.0003227321607194,0.0033485400398037,-0.016655000000001332
2016-07-27,0.0012320040982451,0.0,0.0030000000000001,0.4529032258064516,0.0004961390093072,0.0,1.0,0,-0.0170019757033828,-0.0011992609468086,-0.0316983231010209,-0.016655000000001332
2016-07-28,-0.0032769585349914,0.0,-0.008,0.4503225806451613,0.000495892977451,0.0,-4.0,0,-0.008610593776211,0.0016049204480924,-0.0178721349801944,-0.016655000000001332
2016-07-29,0.0112481993133339,0.0,-0.0350000000000001,0.447741935483871,0.000495647189485,0.0,-1.0,1,-0.0691613799244195,0.0016299801176578,-0.0056365033890169,-0.016655000000001332
2016-08-01,-0.0096788523860595,0.0,0.0272000000000001,0.44,0.0014854692741312,0.0199999999999999,-3.0,1,0.0469028545993997,-0.001270594147491,-0.0002355039829792,-0.016655000000001332
2016-08-02,-0.0105210060260088,0.0,-0.0171999999999998,0.4283870967741935,-0.000354805950522,-0.01,-5.0,0,0.0720963289745347,-0.0063819408126676,-0.0154306094514465,-0.016655000000001332
2016-08-03,0.0161608617947734,0.0,0.0242999999999997,0.4167741935483871,-0.0003549318824678,0.0,-4.0,1,-0.0388916904417968,0.003129042716071,0.0306266404279081,-0.016655000000001332
2016-08-04,0.009017162195624,0.0,-0.0549999999999997,0.4051612903225806,-0.0003550579038389,0.0,-2.0,1,-0.0348136094643623,0.000212549299489,0.0272359768998255,-0.016655000000001332
2016-08-05,0.0011626394958508,0.0,-0.0323999999999999,0.3935483870967742,-0.0003551840147313,0.0,-6.0,1,-0.0865722750466003,0.00856669728938,-0.0004516815219864,-0.016655000000001332
2016-08-08,-0.0004510130523289,0.0,-0.0088000000000003,0.3587096774193548,-0.0010663096062017,0.0,-2.0,0,0.0096112277676423,-0.0009075772915415,0.0249845459372275,-0.016655000000001332
2016-08-09,0.0009364920388907,0.0,-0.0267999999999997,0.3470967741935484,-0.0003556893554303,0.0,3.0,1,0.0138171324667017,0.0003897179865559,-0.0090738666674248,-0.016655000000001332
2016-08-10,-0.0134197408702156,0.0,-0.0201000000000002,0.3354838709677419,-0.0003558159153644,-0.0099999999999999,-4.0,0,0.0329005079293769,-0.0028687970634882,-0.0208926012917833,-0.016655000000001332
2016-08-11,0.0239553201347941,0.0,0.0062000000000002,0.3238709677419354,-0.0003559425653953,0.0099999999999999,-7.0,0,-0.031186672237139,0.0047234151024436,0.0441852686768212,-0.016655000000001332
2016-08-12,-3.430590576414261e-05,0.0,0.0238,0.312258064516129,-0.000356069305619,0.0,-3.0,1,-0.0111925500465006,-0.000796363386914,0.0199985222887406,-0.016655000000001332
2016-08-15,0.0144411760040519,0.0,0.0069999999999996,0.2774193548387097,-0.0010689692615706,0.0,-7.0,0,0.0222612122582534,0.0027890162945217,0.0289570643123777,-0.016655000000001332
2016-08-16,-0.0049321715902905,0.0,0.0077000000000002,0.2658064516129032,-0.0003565771703666,0.0,-7.0,0,0.0679197501404243,-0.0054941422164782,0.0180369941313624,-0.016655000000001332
2016-08-17,0.0079371540152735,0.0,0.0499,0.2541935483870968,-0.0003567043629999,0.0,6.0,1,-0.0362505068101687,0.0018668460061555,0.0125152813268011,-0.016655000000001332
2016-08-18,-0.0026668933014697,0.0,-0.0033000000000003,0.2425806451612903,-0.0003568316464068,0.0,-1.0,0,-0.0643744045638901,0.0021972016963824,0.0206479628087546,-0.016655000000001332
2016-08-19,-0.0011330487831209,0.0,0.0052000000000003,0.2309677419354839,-0.0003569590206833,0.0,-1.0,0,-0.0079051927509341,-0.0014413095687681,-0.0001964885824977,-0.016655000000001332
2016-08-22,-0.0225540018801488,0.0,-0.0104000000000001,0.1961290322580645,-0.0010716422178695,0.0,7.0,0,0.0788209842750438,-0.0005634818833231,-0.0343896584307666,-0.016655000000001332
2016-08-23,0.0041277767782812,0.0,-0.0108999999999999,0.184516129032258,-0.0003574694284367,0.0,-1.0,0,0.0089249804700939,0.0019498671783617,0.0161423853382391,-0.016655000000001332
2016-08-24,-0.005218695422565,0.0,0.0318,0.1729032258064516,-0.0003575972585263,0.0,3.0,1,0.0828968153663513,-0.0052540552596718,-0.0183824964751189,-0.016655000000001332
2016-08-25,6.930006932748256e-05,0.0,-0.0053,0.1612903225806451,-0.0003577251800699,0.0,1.0,0,0.0132941622378761,-0.0013661603966454,0.0125609217978089,-0.016655000000001332
2016-08-26,-0.000103951905011,0.0,-0.0165999999999999,0.1496774193548387,-0.0003578531931704,0.0,-7.0,0,0.0014662395797748,-0.0015800642387132,0.0050205951265305,-0.016655000000001332
2016-08-29,0.0153708990533285,0.0,0.0459999999999998,0.1148387096774193,-0.0010743285751271,0.0,5.0,1,-0.053416237039589,0.0052144284286743,-0.0133093287626244,-0.016655000000001332
2016-08-30,-0.0005973460944783,0.0,-0.0087999999999999,0.1032258064516129,-0.0003583661630788,0.0,2.0,0,0.0138145181484327,-0.0019555914071227,-0.0182325938660579,-0.016655000000001332
2016-08-31,-0.0115733288068877,0.0,-0.0121999999999999,0.0916129032258064,-0.000358494635428,0.0,3.0,0,0.0226083624353164,-0.0023786911055626,-0.0278814416995952,-0.016655000000001332
2016-09-01,0.0057690646241077,0.0,0.0068999999999999,0.08,-0.0003586231999221,0.1099999999999999,6.0,0,0.0044609342968024,-4.138538941144249e-05,0.0002125267627721,-0.016655000000001332
2016-09-02,0.0234202742080977,0.0,-0.0040999999999997,0.086,0.0009270882501546,0.0,-6.0,0,-0.1179685170487855,0.0041922415990346,-0.004686787520399,-0.016655000000001332
2016-09-05,-0.000839052926338,0.0,0.0289999999999999,0.104,0.0027761189233839,0.0,0.0,1,-0.1179685170487855,0.0041922415990346,-0.004686787520399,-0.016655000000001332
2016-09-06,0.0094073127867204,0.0,-0.0268999999999999,0.11,0.0009236629815188,0.0,0.0,1,0.0033334127139154,0.0029772423700053,0.0091401739476851,-0.016655000000001332
2016-09-08,0.0017115182682605,0.0,-0.0518,0.122,0.0018447704365414,0.0,-6.0,1,0.0466342699540513,-0.0022254881924702,0.0410387711306995,-0.016655000000001332
2016-09-09,-0.0377607620014011,0.0,0.0703999999999998,0.128,0.0009211105940654,0.0,11.0,1,0.3356725381547387,-0.0248277424108364,-0.040413731419456,-0.016655000000001332
2016-09-12,0.010052749643691,0.0,0.0216000000000002,0.146,0.0027582520287943,0.0,-1.0,0,-0.143540510780407,0.0145703872334344,0.0064362597287619,-0.016655000000001332
2016-09-13,-0.0305897844821192,0.0,0.0118,0.152,0.0009177292732029,0.0,12.0,0,0.1633431594474396,-0.0149417482782108,-0.0255725786850437,-0.016655000000001332
2016-09-14,0.0041798445119436,0.0,0.0289999999999999,0.158,0.000916887818354,0.0,8.0,1,0.0161158814437656,-0.0005878493998128,-0.0268978032031201,-0.016655000000001332
2016-09-15,0.0147869926939119,0.0,0.0063999999999997,0.164,0.0009160479051306,0.0,-2.0,0,-0.1069543500336524,0.0100585164494398,0.0160107636811548,-0.016655000000001332
2016-09-16,-0.0144190203052119,0.0,-0.0322,0.1699999999999999,0.0009152095292996,-0.0099999999999999,9.0,1,-0.0587475109018427,-0.0037794277955721,-0.0177570644368846,-0.016655000000001332
2016-09-19,0.0047190509667451,0.0,-0.0367999999999999,0.188,0.0027406136436809,0.0099999999999999,-6.0,1,0.0103560698614386,-1.8603233824686035e-05,0.0039250007384418,-0.016655000000001332
2016-09-20,0.0067080521945914,0.0,-0.0095999999999998,0.194,0.0009118713157967,0.0,-6.0,0,0.0248025652423602,0.0002990934842341,-0.0015245498635855,-0.016655000000001332
2016-09-21,0.0113322490600946,0.0,-0.0131999999999998,0.2,0.0009110405639809,0.0,-16.0,0,-0.179812135639895,0.0108580003336359,0.0204947467536875,-0.016655000000001332
2016-09-22,0.0102225989891202,0.0,-0.0393000000000003,0.206,0.000910211324486,0.0,-6.0,1,-0.1011920823781142,0.0064787519176421,0.0173585998273673,-0.016655000000001332
2016-09-23,-0.005047125616544,0.0,0.0227000000000003,0.212,0.0009093835931821,0.0,9.0,0,0.0222139532834791,-0.0057532929597187,-0.0376354470164282,-0.016655000000001332
2016-09-26,-0.0110150063172422,0.0,0.0158,0.2299999999999999,0.0027231994121041,0.0,5.0,0,0.1653627289524887,-0.008624850117916,0.0313195723001307,-0.016655000000001332
2016-09-27,0.0056340112614048,0.0,-0.0042000000000004,0.236,0.0009060876679196,0.0,2.0,0,-0.1015363900995967,0.0064234951652981,-0.0295777510340766,-0.016655000000001332
2016-09-28,0.0165455879970739,0.0,0.0118,0.242,0.0009052674162237,0.0,-11.0,0,-0.0557225359762158,0.0052825766036424,0.0574846056173446,-0.016655000000001332
2016-09-29,-0.017076714597584,0.0,-0.0240999999999997,0.248,0.0009044486482743,0.0,7.0,1,0.1235951909064886,-0.0093651277300811,0.0112326934138941,-0.016655000000001332
2016-09-30,0.0002741650833666,0.0,0.0226999999999999,0.254,0.0009036313600585,0.0,1.0,0,-0.0534730444024022,0.0079363925880277,-0.0036622685813034,-0.016655000000001332
2016-10-03,0.0185699738277946,0.0,-0.0123999999999999,0.2548387096774193,0.0016476518681045,0.07,-4.0,0,0.0208495815029713,-0.0032660231815271,0.0008149369010968,-0.016655000000001332
2016-10-04,-0.0020538727758747,0.0,-0.0135,0.252258064516129,0.0003722102205969,0.0,3.0,0,0.0044118027469196,-0.004967881786362,0.0354143341142048,-0.016655000000001332
2016-10-05,0.0153021975269549,0.0,0.0156,0.2496774193548387,0.000372071731693,0.0,1.0,0,-0.0480934410420341,0.0042874862311969,0.0192744540420188,-0.016655000000001332
2016-10-06,0.0064517420107979,0.0,-0.0049000000000001,0.2470967741935484,0.0003719333458072,0.0,-2.0,0,-0.011614502917052,0.0004814438526045,0.012455803805325,-0.016655000000001332
2016-10-07,0.0076384526197088,0.0,-0.0175999999999998,0.244516129032258,0.0003717950628239,0.0,0.0,0,0.0486417613798238,-0.0032587874416142,-0.0111069319521562,-0.016655000000001332
2016-10-10,0.009106002959049,0.0,-0.0009000000000001,0.2367741935483871,0.0011145565178747,0.0,0.0,0,0.0486417613798238,-0.0032587874416142,-0.0111069319521562,-0.016655000000001332
2016-10-11,-0.0105307029077241,0.0,0.0011000000000001,0.2341935483870967,0.0003712429576232,-0.01,2.0,0,0.0486417613798238,-0.0032587874416142,-0.0111069319521562,-0.016655000000001332
2016-10-13,0.0015883285775046,0.0,-0.0049000000000001,0.2290322580645161,0.0007420727068954,0.01,-6.0,0,0.0478619369133973,-0.0031040764122339,0.0042372445076982,-0.016655000000001332
2016-10-14,0.0105464577948435,0.0,-0.0222999999999999,0.2264516129032258,0.0003708299535905,0.0,-4.0,0,-0.0347489805322959,0.0002015841591211,-0.0015387196094172,-0.016655000000001332
2016-10-17,0.0149284084878473,0.0,0.0099,0.2187096774193548,0.001111665484883,0.0,5.0,0,0.0055674901283071,-0.0030426181118402,-0.0083116415500074,-0.016655000000001332
2016-10-18,0.0171733691321129,0.0,-0.0089000000000001,0.2161290322580645,0.0003702807088732,0.0,0.0,0,-0.0590835130057463,0.0061415056056986,0.003100774698188,-0.016655000000001332
2016-10-19,-0.0043366292587823,0.0,-0.0073999999999996,0.2135483870967742,0.0003701436518177,-0.01,-3.0,0,-0.0586223668402641,0.0021895721553504,0.0189751333511859,-0.016655000000001332
2016-10-20,0.0052142347061145,-0.000871,-0.0195000000000002,0.2109677419354838,0.0003700066961869,0.0,-3.0,0,-0.0468835753098225,-0.0013766711313809,-0.0247969862603582,-0.017526000000001332
2016-10-21,0.0042205368013199,0.0,-0.0011999999999998,0.2083870967741935,0.000369869841867,0.0,0.0,0,-0.03027177218673,-8.414514015477906e-05,0.0077549382783133,-0.017526000000001332
2016-10-24,-0.0007490169503174,0.0,-0.0282,0.2006451612903226,0.001108789411111,0.0,-3.0,1,-0.0242803799869274,0.0047385946474273,-0.0061991616860419,-0.017526000000001332
2016-10-25,-0.0030330057802032,0.0,-0.0118,0.1980645161290322,0.0003693234354571,0.0,2.0,0,0.033235655111758,-0.0038049574647063,-0.013105286223656,-0.017526000000001332
2016-10-26,-0.0006265075542462,0.0,0.0026000000000001,0.1954838709677419,0.0003691870860134,0.0,2.0,0,0.0563325628599862,-0.0017419279211872,-0.0160765865910243,-0.017526000000001332
2016-10-27,0.0066210929287677,0.0,0.0209999999999999,0.1929032258064516,0.0003690508372091,0.0,4.0,0,0.0757118154571172,-0.0029911959060088,0.0097562082910089,-0.017526000000001332
2016-10-28,0.0009023165253836,0.0,0.0386000000000001,0.1903225806451612,0.0003689146889325,0.0,-5.0,1,0.0526270953086411,-0.003113140139625,-0.0151730228496647,-0.017526000000001332
2016-10-31,0.0095487172480979,0.0,-0.0004000000000004,0.1825806451612903,0.0011059281807543,0.0,5.0,0,0.0523427100824406,-0.0001222838841985,-0.0287745568265344,-0.017526000000001332
2016-11-01,-0.0249367702342375,0.0,0.0242,0.18,0.0003683710988884,0.05,10.0,1,0.0842721878245324,-0.006810019108735,0.0006209788808158,-0.017526000000001332
2016-11-03,-0.0252020118064866,0.0,0.0257,0.188,0.0003577608069118,-0.01,4.0,1,0.1335314049650289,-0.0044332130226093,-0.0109431870135834,-0.017526000000001332
2016-11-04,-0.0024645730281616,0.0,0.0139,0.192,0.0001788324176033,0.0,1.0,0,0.0192874471330948,-0.0016675202716929,-0.0167521951012025,-0.017526000000001332
2016-11-07,0.0390658509803039,0.0,-0.0424999999999999,0.204,0.0005363054466407,0.01,-14.0,1,-0.184901573733165,0.0219801997294649,0.0124279300224606,-0.017526000000001332
2016-11-08,0.001653537542344,0.0,0.0,0.208,0.0001787045849113,0.0,-11.0,0,0.0016021732432482,0.0037648783971575,-0.0023863902731671,-0.017526000000001332
2016-11-09,-0.0141271891797067,0.0,0.0234,0.212,0.0001786726552897,0.0,3.0,1,-0.2648219043454911,0.011016119879656,0.0069264278978706,-0.017526000000001332
2016-11-10,-0.0330580725687994,0.0,0.0846,0.216,0.0001786407370722,0.0,35.0,1,0.0247265109820104,0.0019488457160953,-0.0112799559018386,-0.017526000000001332
2016-11-11,-0.0335122941639696,0.0,0.1272999999999999,0.22,0.0001786088302608,0.0,0.0,1,0.0247265109820104,0.0019488457160953,-0.0112799559018386,-0.017526000000001332
2016-11-14,0.007960257784136,0.0,0.0068999999999999,0.2319999999999999,0.0005356351638283,0.0,16.0,0,0.0247265109820104,0.0019488457160953,-0.0112799559018386,-0.017526000000001332
2016-11-16,0.0183037265217187,0.0,-0.0262999999999999,0.24,0.0003569307839086,0.0,-28.0,1,0.0258412592061584,-0.0015835165223759,-0.0068390881779028,-0.017526000000001332
2016-11-17,-0.0164113565597894,0.0,-0.0131000000000001,0.244,0.0001784176284775,0.0,2.0,0,-0.0273382283397106,0.0046654693611979,-0.0030068619200934,-0.017526000000001332
2016-11-18,0.0032071654123289,0.0,-0.0134999999999996,0.248,0.0001783858013038,0.0,3.0,0,-0.038172572393181,-0.0023896513655484,0.0079271742983337,-0.017526000000001332
2016-11-21,0.0183097189865506,0.0,-0.04,0.26,0.0005349665543832,0.0099999999999999,-1.0,1,-0.0340357583794259,0.0074337020708738,0.0426129815802425,-0.017526000000001332
2016-11-22,0.014371426955833,0.0,-0.0041000000000002,0.264,0.0001782586060876,-0.0099999999999999,-1.0,0,-0.0008054957272058,0.002163091103593,0.0044888344089763,-0.017526000000001332
2016-11-23,0.0005163789044875,0.0,0.0451000000000001,0.268,0.0001782268356187,0.0,4.0,1,0.0016103431532141,0.0008076981569088,-0.0034668775312534,-0.017526000000001332
2016-11-24,-0.0095638666442017,0.0,0.0059999999999997,0.272,0.0001781950764758,0.0,0.0,0,0.0016103431532141,0.0008076981569088,-0.0034668775312534,-0.017526000000001332
2016-11-25,0.0026513780730859,0.0,0.0292000000000003,0.276,0.0001781633286466,0.0,1.0,1,-0.0072668992316217,0.0039067456134237,-0.0355583577028289,-0.017526000000001332
2016-11-28,0.0208344218425473,0.0,-0.0283000000000002,0.288,0.0005342996120472,0.0,-3.0,1,0.0635756987721196,-0.0052683892547352,0.0209475603532298,-0.017526000000001332
2016-11-29,-0.0301697596597581,0.0,0.0064000000000001,0.292,0.0001780364503805,0.0,3.0,0,-0.019194447818339,0.0013344023532619,-0.0393202323559804,-0.017526000000001332
2016-11-30,0.0149563788191713,0.0,-0.0093,0.296,0.0001780047590447,0.0099999999999999,0.0,0,0.0327898466708111,-0.0026569305551563,0.0845107696818413,-0.017526000000001332
2016-12-01,-0.039523152835672,-0.0008719999999999,0.0394999999999998,0.3,0.0001779730789905,0.08,11.0,1,0.0540277209693358,-0.0035217229667638,-0.0001981994695921,-0.018398000000001233
2016-12-02,0.013503455813014,0.0,0.0287999999999999,0.3025806451612903,-0.0019840473133516,0.0,2.0,1,0.0035473745237386,0.0003969277200846,0.0762855453653222,-0.018398000000001233
2016-12-05,-0.0080567736141841,0.0,-0.0051999999999998,0.3103225806451613,-0.0059758705124988,0.0,-8.0,0,-0.1510864100485705,0.0058044269267436,0.0087751852363231,-0.018398000000001233
2016-12-06,0.0207748126539719,0.0,-0.0243999999999999,0.3129032258064516,-0.0019999190547093,0.0,-1.0,1,-0.0292541025979012,0.0034050844688746,-0.0185547406630569,-0.018398000000001233
2016-12-07,0.0053223746480544,0.0,-0.0459,0.3154838709677419,-0.0020039267473332,0.0,-5.0,1,0.0358222642814904,0.0130773587447233,-0.0173950014557525,-0.018398000000001233
2016-12-08,-0.0120731086168284,0.0,0.0112999999999998,0.3180645161290322,-0.0020079505344661,0.0,-2.0,0,0.0337924402850875,0.0021570150168711,0.0166530070674054,-0.018398000000001233
2016-12-09,-0.0029048197487497,0.0,-0.0149999999999996,0.3206451612903225,-0.0020119905132531,-0.03,-6.0,0,-0.0730131752901533,0.0059214185329697,0.0081316736463644,-0.018398000000001233
2016-12-12,-0.0220931445970578,0.0,-0.0161000000000002,0.3283870967741935,-0.0060603748027148,0.03,2.0,0,0.0730131752901533,-0.0011380822905995,0.0247239786761229,-0.018398000000001233
2016-12-13,0.0017221007126106,0.0,-0.0356999999999998,0.3309677419354838,-0.0020283143154475,-0.01,-6.0,1,0.0063091630244853,0.0065184832012369,0.000538597877399,-0.018398000000001233
2016-12-14,-0.0181973308902865,0.0,-0.0237000000000002,0.3335483870967742,-0.0020324367373909,0.0,8.0,1,0.0362833560111711,-0.0081502954618586,-0.0332086645950211,-0.018398000000001233
2016-12-15,0.0031558752866533,0.0,0.0727000000000002,0.3361290322580645,-0.0020365759506013,0.0,0.0,1,-0.0307953223077889,0.0038757076875535,0.0022238506140433,-0.018398000000001233
2016-12-16,-0.0001198784091869,0.0,-0.0118,0.3387096774193548,-0.0020407320578694,0.0,-4.0,0,-0.0472276765029834,-0.0017521567509802,0.0217897228748808,-0.018398000000001233
2016-12-19,-0.0221307733367854,0.0,0.0066000000000001,0.3464516129032258,-0.0061473033175634,0.0,-1.0,0,-0.0409927552379388,0.0019731727152112,-0.0052665321539456,-0.018398000000001233
2016-12-20,0.0082306426591411,0.0,-0.0192000000000001,0.3490322580645161,-0.0020575275131715,0.0,-3.0,0,-0.0224534675250847,0.0036309124011527,0.0077990840274531,-0.018398000000001233
2016-12-21,0.0011108219488153,0.0,-0.0289000000000001,0.3516129032258064,-0.0020617696624771,0.0,-1.0,1,-0.0158453446726031,-0.0024603857246776,-0.016210161152216,-0.018398000000001233
2016-12-22,-0.0068232323344155,0.0,0.0005000000000001,0.3541935483870967,-0.0020660293406056,0.0,3.0,0,0.0140971358366836,-0.0018647112223965,0.0107753788750533,-0.018398000000001233
2016-12-23,0.0118412384343198,0.0,-0.0605999999999999,0.3567741935483871,-0.002070306656428,0.0,-1.0,1,0.0008744447656073,0.0012509325350792,0.0019962008491615,-0.018398000000001233
2016-12-26,0.0117197219831233,0.0,0.0004999999999997,0.364516129032258,-0.0062367618932235,0.0,0.0,0,0.0008744447656073,0.0012509325350792,0.0019962008491615,-0.018398000000001233
2016-12-27,0.001312682919897,0.0,0.0075000000000002,0.3670967741935483,-0.0020875945058573,0.0,-3.0,0,0.0469570006781587,0.0022458489045486,0.0167194960818341,-0.018398000000001233
2016-12-28,0.018315994098863,0.0,-0.0001999999999999,0.3696774193548387,-0.0020919616751484,0.0,3.0,0,0.0770228234669573,-0.0083916407097715,0.0023150409506974,-0.018398000000001233
2016-12-29,0.0074161444483618,0.0,-0.0182999999999999,0.372258064516129,-0.0020963471546551,0.0,0.0,0,0.0319176091373359,-0.0002933477318683,-0.0014240271295735,-0.018398000000001233
2017-01-02,-0.0106497634709388,0.0,0.0137999999999998,0.3783870967741936,-0.0065835718088465,0.0299999999999999,3.0,0,0.0319176091373359,-0.0002933477318683,-0.0014240271295735,-0.018398000000001233
2017-01-03,0.0366588827458631,0.0,-0.0097,0.3767741935483871,-0.0002681044896135,0.01,-3.0,0,-0.0885665548530557,0.0084507667531571,-0.0118280919097296,-0.018398000000001233
2017-01-04,-0.0036465928596651,0.0,-0.0299,0.3751612903225806,-0.0002681763889054,0.0,-14.0,1,-0.0810159412549106,0.0057059637705494,0.0176900505361501,-0.018398000000001233
2017-01-05,0.0077956079732537,0.0,-0.0203999999999999,0.3735483870967742,-0.0002682483267761,0.0,-9.0,0,-0.0153064469366001,-0.0007709676024811,0.00758716142409,-0.018398000000001233
2017-01-06,-0.0065623821204283,0.0,-0.0071999999999996,0.3719354838709677,-0.0002683203032471,0.01,-1.0,0,-0.0304504070200325,0.003510789180579,0.0036845219051117,-0.018398000000001233
2017-01-09,0.0005674218933897,0.0,0.004,0.3670967741935484,-0.0008053931550939,-0.01,1.0,0,0.020979853727208,-0.0035549054715596,-0.0385624342681097,-0.018398000000001233
2017-01-10,0.006977223214319,0.0,-0.0179,0.3654838709677419,-0.0002686085958085,0.0,3.0,0,-0.0060738276026792,0.0,-0.0239466086361181,-0.018398000000001233
2017-01-11,0.0050410291535651,0.0,0.0235999999999996,0.3638709677419355,-0.0002686807657727,0.01,0.0,1,-0.0202204289020462,0.0028256423891019,0.026854641431153,-0.018398000000001233
2017-01-12,0.0238618916558284,-0.0026289999999999,-0.0492999999999996,0.362258064516129,-0.0002687529745291,0.0,-7.0,1,0.0245626147357955,-0.0021471123937296,0.0163805277885041,-0.02102700000000113
2017-01-13,-0.0047333285871165,0.0,0.0372999999999996,0.3606451612903226,-0.0002688252221059,0.0,-10.0,1,-0.0272305297865432,0.0018481313951466,-0.0100484886990421,-0.02102700000000113
2017-01-16,0.0028082194117526,0.0,0.02,0.3558064516129032,-0.0008069095404916,0.0,0.0,0,-0.0272305297865432,0.0018481313951466,-0.0100484886990421,-0.02102700000000113
2017-01-17,0.0081601264127488,0.0,-0.0133999999999998,0.3541935483870967,-0.0002691146012772,0.0,-6.0,0,0.0554254709926072,-0.0029719144562184,0.000360628518261,-0.02102700000000113
2017-01-18,-0.0031750011107938,0.0,0.0110999999999998,0.3525806451612903,-0.0002691870434432,-0.01,9.0,0,0.0501131272811123,0.0017622004698093,-0.0283409234283676,-0.02102700000000113
2017-01-19,-0.0031069259424789,0.0,-0.0097999999999998,0.3509677419354838,-0.000269259524618,0.0,5.0,0,0.023754101793616,-0.0036158376243193,0.004441193141344,-0.02102700000000113
2017-01-20,0.0088735870877876,0.0,-0.0194999999999998,0.3493548387096774,-0.0002693320448372,0.0,-2.0,0,-0.1020621702807922,0.0033605840612999,0.0242602287992388,-0.02102700000000113
2017-01-23,0.0188537096097842,0.0,-0.0309000000000003,0.3445161290322581,-0.0008084316467265,0.0,1.0,1,0.0197347023902718,-0.0026937496460698,-0.004696578961124,-0.02102700000000113
2017-01-24,0.0013830945520751,0.0,0.004,0.3429032258064516,-0.0002696225167753,0.0,-2.0,0,-0.0613152410118712,0.0065431405289623,0.0037950544861054,-0.02102700000000113
2017-01-26,0.0053169456702519,0.0,0.0155000000000002,0.3396774193548387,-0.0005394632205035,-0.0199999999999999,3.0,0,-0.016791467348872,-0.0007356549352631,0.0208415702431217,-0.02102700000000113
2017-01-27,-0.0023747411424785,0.0,-0.0207999999999999,0.3380645161290322,-0.0002698407822272,0.0199999999999999,-12.0,0,-0.0047147839006947,-0.0008668394897415,-0.0128849529035525,-0.02102700000000113
2017-01-30,-0.0265790259376714,0.0,-0.028,0.3332258064516129,-0.0008099595062383,0.0,7.0,1,0.1158909043485673,-0.0060276734960966,-0.0052370488187913,-0.02102700000000113
2017-01-31,0.0057221435004901,0.0,-0.0046000000000003,0.3316129032258065,-0.0002701323531315,0.0,-2.0,0,0.0092166263824558,-0.0008903016080325,0.0084738850057548,-0.02102700000000113
2017-02-01,0.0025481261905238,0.0,0.0209000000000001,0.33,-0.0002702053443375,-0.0499999999999999,-4.0,0,-0.0151262842101316,0.0002983189881162,-0.0007184072742188,-0.02102700000000113
2017-02-02,-0.0039872091397139,0.0,-0.0282999999999997,0.3271428571428572,0.0035211861017252,0.0,-4.0,1,0.0101095959504625,0.000570146838691,0.0160402925122517,-0.02102700000000113
2017-02-03,0.0058055315453202,0.0,0.0044999999999997,0.3242857142857143,0.0035088308426054,0.0,-5.0,0,-0.0838919630614879,0.0072384968545536,0.0044103448738697,-0.02102700000000113
2017-02-06,-0.0149056246777465,0.0,-0.0061999999999997,0.3157142857142857,0.0104532204901452,0.0,1.0,0,0.035813999068409,-0.0021175975137091,-0.0193732199230242,-0.02102700000000113
2017-02-07,0.0032139318728265,0.0,0.0124999999999997,0.3128571428571429,0.0034602648572494,0.0,10.0,0,-0.0070609229145381,0.0002268034638457,-0.0120973215097523,-0.02102700000000113
2017-02-08,0.0098579467502322,0.0,-0.0048999999999996,0.31,0.0034483327009233,-0.01,-3.0,0,0.0140723385594397,0.0006930821486096,0.0012707580177437,-0.02102700000000113
2017-02-09,0.0020030823338519,0.0,-0.0070000000000001,0.3071428571428571,0.0034364825540542,0.0,-4.0,0,-0.0510634613959186,0.0057360637359602,0.0092100359601422,-0.02102700000000113
2017-02-10,0.0176982268437626,0.0,-0.0030000000000001,0.3042857142857142,0.0034247135740628,0.0,-8.0,0,-0.0027611368012951,0.003559706822009,0.019051580901881,-0.02102700000000113
2017-02-13,0.0126680031792929,0.0,0.0020000000000002,0.2957142857142857,0.0102043261125146,0.0,-4.0,0,0.0200736040077558,0.0052321335840112,-0.0197708924791702,-0.02102700000000113
2017-02-14,-0.0038150568784871,0.0,-0.0171000000000001,0.2928571428571428,0.0033784328698054,0.0,-2.0,0,-0.0302636513831633,0.0039993271956725,0.0068125230029635,-0.02102700000000113
2017-02-15,0.0187548652219717,0.0,-0.0224999999999999,0.29,0.0033670574813537,0.0,5.0,0,0.1084284741084921,0.0049798886657344,-0.0039384443729938,-0.02102700000000113
2017-02-16,-0.0023860383954339,0.0,-0.0268999999999999,0.2871428571428571,0.0033557584391559,0.0,9.0,1,-0.0176995799448308,-0.0008644916015501,-0.001795305199467,-0.02102700000000113
2017-02-17,-0.0009737242769318,0.0,0.044,0.2842857142857143,0.0033445349771845,0.0,2.0,1,-0.0232268899926479,0.0016771493272371,0.0028709842661211,-0.02102700000000113
2017-02-20,0.011520442058968,0.0,-0.0032,0.2757142857142857,0.0099670086848266,0.0,0.0,0,-0.0232268899926479,0.0016771493272371,0.0028709842661211,-0.02102700000000113
2017-02-21,0.0075444628664591,0.0,0.0051999999999998,0.2728571428571428,0.0033003819648911,0.0,-3.0,0,0.0069384428885388,0.0060298500200691,0.0151154023024439,-0.02102700000000113
2017-02-22,-0.0067130924430713,0.0,-0.0146000000000001,0.27,0.0032895252652114,0.0,-2.0,0,0.0145862800749398,-0.001082786146804,-0.0145780305226179,-0.02102700000000113
2017-02-23,-0.0165970983884253,-0.002646,-0.0185999999999997,0.2671428571428571,0.0032787397582438,0.0,-5.0,0,-0.002558614036786,0.0004188989712592,0.0131651370489373,-0.02367300000000113
2017-02-24,-0.0119145776929929,0.0,0.0354999999999998,0.2642857142857143,0.0032680247460099,0.0,5.0,1,-0.0207082264453591,0.0014922502320316,-0.0104824648968694,-0.02367300000000113
2017-03-01,0.0048933513778113,0.0,-0.0017,0.25,0.0161818181371806,-0.13,-2.0,0,-0.0298529720968086,0.0135812110837253,0.0001798421024128,-0.02367300000000113
2017-03-02,-0.0170730713566129,0.0,0.0161999999999999,0.2464516129032258,-0.0013541338423639,0.0,5.0,0,-0.0599768664228544,-0.0058771169721052,-0.0093964667086684,-0.02367300000000113
2017-03-03,0.0140381222881327,0.0,0.0226000000000001,0.2429032258064516,-0.0013559700075216,0.0,-7.0,0,-0.0746943807394641,0.0005037503685347,0.0147777003536318,-0.02367300000000113
2017-03-06,-0.0066853704719225,0.0,-0.0253000000000001,0.232258064516129,-0.0040789769786417,0.0,-1.0,1,0.0252265391019595,-0.0032826227635658,0.0019658087968358,-0.02367300000000113
2017-03-07,-0.0090701166159092,0.0,0.0074,0.2287096774193548,-0.0013633647354236,0.0,2.0,0,0.0185108892397897,-0.0029176259020898,-0.0016081510730986,-0.02367300000000113
2017-03-08,-0.0156986207271412,0.0,0.0291999999999998,0.2251612903225806,-0.0013652260367464,0.0,13.0,1,0.0351816512794414,-0.0022868279640638,-0.0515568192548485,-0.02367300000000113
2017-03-09,-0.0020571842401917,0.0,0.0258000000000002,0.2216129032258064,-0.0013670924272126,0.0,3.0,1,0.0364279132636477,0.0007995756127663,-0.0174743665844994,-0.02367300000000113
2017-03-10,0.001392542388114,0.0,-0.0112,0.2180645161290322,-0.0013689639277245,0.0,-10.0,0,-0.0534351100493649,0.0032633397058585,-0.0158365556554351,-0.02367300000000113
2017-03-13,0.0131943638610998,0.0,-0.0081999999999999,0.2074193548387096,-0.0041181722025935,0.0,6.0,0,-0.0269463902988275,0.0003665656191696,-0.0003894170272876,-0.02367300000000113
2017-03-14,-0.0128233464963223,0.0,0.0097999999999998,0.2038709677419354,-0.0013765014522455,0.0,5.0,0,0.0803815003481925,-0.003384748980891,-0.0084091689295357,-0.02367300000000113
2017-03-15,0.0234632786993547,0.0,-0.0009999999999998,0.2003225806451612,-0.001378398820524,0.0,-9.0,0,-0.0560113015145504,0.0083398791246863,0.0173274696032241,-0.02367300000000113
2017-03-16,-0.0068475778479157,0.0,-0.0548999999999999,0.1967741935483871,-0.0013803014266837,-0.01,-8.0,1,-0.0367817358837108,-0.0016280347991836,-0.0013519981346968,-0.02367300000000113
2017-03-17,-0.0242024844823518,0.0,-0.0005000000000001,0.1932258064516129,-0.001382209292446,0.01,-2.0,0,0.0062249819101358,-0.0013151792642314,0.0003864085664775,-0.02367300000000113
2017-03-20,0.0104420983819117,0.0,-0.0177,0.1825806451612903,-0.004158127996245,-0.01,-3.0,0,0.0053050893581823,-0.0020119160803802,-0.0027084441661897,-0.02367300000000113
2017-03-21,-0.0297838445149896,0.0,-0.0133,0.1790322580645161,-0.0013898937901242,0.0,8.0,0,0.0949894693503142,-0.0124855945901021,-0.0128681803002795,-0.02367300000000113
2017-03-22,0.0085533442151284,0.0,0.0174000000000003,0.1754838709677419,-0.0013918282839249,0.0,3.0,0,0.026900367559963,0.0018881028474626,-0.0062992275151358,-0.02367300000000113
2017-03-23,0.0001574158615476,0.0,0.0308999999999999,0.1719354838709677,-0.0013937681701996,0.0,0.0,1,0.0239116261277063,-0.00106083214483,-0.0015809887829528,-0.02367300000000113
2017-03-24,0.0050712515952664,0.0,0.0034,0.1683870967741935,-0.0013957134715258,0.0,-2.0,0,-0.0122700809257441,-0.0008443522139384,0.004735562565731,-0.02367300000000113
2017-03-27,0.0070848129558918,0.0,-0.0026000000000001,0.1577419354838709,-0.0041988667144075,0.0,1.0,0,-0.0361390495593124,-0.0010201075858456,-0.0009847216440462,-0.02367300000000113
2017-03-28,0.0051493739121255,0.0,0.0047000000000001,0.1541935483870967,-0.0014035492833759,0.0,-1.0,0,-0.0807763331867684,0.0072253088296239,0.0113637943225274,-0.02367300000000113
2017-03-29,0.013644118000462,0.0,-0.0074,0.1506451612903225,-0.0014055220031004,0.0,-3.0,0,-0.0095861002128921,0.0010847362038301,0.0210127507203761,-0.02367300000000113
2017-03-30,-0.0040063053417664,0.0,0.0017999999999998,0.1470967741935483,-0.0014075002760343,0.0,-1.0,0,0.0104530468657284,0.002930810911705,0.0102487313768046,-0.02367300000000113
2017-03-31,-0.0043301411228817,0.0,0.0437000000000002,0.1435483870967742,-0.0014094841256575,0.0,-4.0,1,0.0694549193785842,-0.0022575939382668,-0.0024576485060078,-0.02367300000000113
2017-04-03,0.0034870806101849,0.0,-0.0517000000000003,0.1513333333333333,0.0002024497976815,0.02,0.0,1,0.0008080993475584,-0.0016434753080133,0.00547423922499,-0.02367300000000113
2017-04-04,0.0085204363382995,0.0,0.0064000000000001,0.157,0.0008059859556919,0.0,-5.0,0,-0.0488305651867226,0.0005593660746613,0.0195737308072133,-0.02367300000000113
2017-04-05,-0.0152288762489636,0.0,-0.0308000000000001,0.1626666666666666,0.0008053368654508,0.0,-2.0,1,0.0892001322721665,-0.0030595368115221,0.0035013846430959,-0.02367300000000113
2017-04-06,-0.0085583244587059,0.0,0.0237000000000002,0.1683333333333333,0.000804688819846,0.0,6.0,1,-0.0395621202351937,0.0019276502937349,0.009702570931361,-0.02367300000000113
2017-04-07,0.0057446437946868,0.0,0.0141999999999997,0.174,0.0008040418163499,0.0,2.0,0,0.0380092893652509,-0.0008274724629448,0.0063561874838223,-0.02367300000000113
2017-04-10,0.000882059433712,0.0,0.0106999999999999,0.191,0.0024082538115681,0.0,-4.0,0,0.0877233966392226,0.0006874501357832,0.0133071169839557,-0.02367300000000113
2017-04-11,-0.0044957830936844,0.0,0.0015,0.1966666666666666,0.0008014641733726,0.0,5.0,0,0.0700835830326645,-0.0014349082919582,0.0044559382531592,-0.02367300000000113
2017-04-12,-0.007298164196472,0.0,0.0039000000000002,0.2023333333333333,0.0008008223429225,0.0,-1.0,0,0.0454034376145919,-0.0037670374189869,-0.0066018427197131,-0.02367300000000113
2017-04-13,-0.0168251573943294,-0.0035559999999999,-0.0194,0.208,0.0008001815396312,-0.01,0.0,0,0.0119761644093774,-0.0068380202898042,0.0005368909175387,-0.02722900000000103
2017-04-17,0.0237348061035724,0.0,-0.0232999999999998,0.2306666666666667,0.0031943385828032,0.0,-1.0,1,-0.0849629083617694,0.0085764656911072,-0.0095281400264698,-0.02722900000000103
2017-04-18,-0.0027394292350706,0.0,-0.0078,0.2363333333333333,0.0007969928446538,0.0,5.0,0,-0.0165065489024091,-0.0029076028458332,-0.0085261508922931,-0.02722900000000103
2017-04-19,-0.0117901119588115,0.0,0.0335999999999998,0.242,0.000796358152872,0.0,-2.0,1,0.0347564948438943,-0.0017178253968685,-0.0363608798067128,-0.02722900000000103
2017-04-20,0.0055674527302027,0.0,0.0159000000000002,0.2476666666666666,0.0007957244711693,0.0,2.0,0,-0.0536580348612846,0.0075288503629738,0.0011329565442867,-0.02722900000000103
2017-04-24,0.0098010928943637,0.0,-0.0201999999999999,0.2703333333333333,0.0031765811850643,0.0,-12.0,0,-0.2998312127665049,0.0107817365881118,-0.0069525312663298,-0.02722900000000103
2017-04-25,0.0117187936436771,0.0,0.0325999999999999,0.276,0.0007925711297875,0.0199999999999999,0.0,1,-0.0074074340826895,0.0060722142117511,0.0096432765555977,-0.02722900000000103
2017-04-26,-0.004399668661545,0.0,0.0269999999999996,0.2816666666666667,0.0007919434582319,-0.0199999999999999,5.0,1,0.0083295391397839,-0.0004858214756873,-0.0053887502270044,-0.02722900000000103
2017-04-27,-0.0028562846057891,0.0,-0.0083999999999999,0.2873333333333333,0.0007913167800523,0.0,-4.0,0,-0.0462129114528935,0.0005527670002992,-0.0073601160123979,-0.02722900000000103
2017-04-28,0.0111624775267369,0.0,0.0221,0.293,0.0007906910928916,0.0,-1.0,0,0.0434440415214747,-0.00191497947149,0.0056218219339135,-0.02722900000000103
2017-05-02,0.0199666046496869,0.0,-0.0259999999999998,0.2925806451612903,0.0019613888055776,-0.07,-5.0,1,0.0463851749483418,0.0011883435858115,-0.0207891656119765,-0.02722900000000103
2017-05-03,-0.0094567624409958,0.0,-0.0235000000000003,0.2751612903225806,-0.0004071058928722,0.0,-2.0,1,0.0084626880845676,-0.0012721693958273,0.0065185777696077,-0.02722900000000103
2017-05-04,-0.0188006179008848,0.0,0.0291000000000001,0.257741935483871,-0.0004072716955842,0.0,8.0,1,-0.0208143998228448,0.0005819332878695,-0.0486129755793931,-0.02722900000000103
2017-05-05,0.0129737676312533,0.0,-0.0015999999999998,0.2403225806451612,-0.0004074376334006,0.0,-2.0,0,0.0104613087265499,0.0040803594074783,0.0147724764640104,-0.02722900000000103
2017-05-08,-0.0028041104661316,0.0,0.0173999999999998,0.1880645161290322,-0.0012233098806788,0.0,0.0,0,-0.0787032581015652,3.7445271907879016e-05,0.0048761104702795,-0.02722900000000103
2017-05-09,0.0114110066443533,0.0,-0.0080999999999997,0.1706451612903225,-0.0004081027390672,0.0,2.0,0,0.0192605625178244,-0.0010257745567932,-0.0124402667322536,-0.02722900000000103
2017-05-10,0.0160448857683732,0.0,-0.0251000000000001,0.1532258064516128,-0.0004082693549118,0.0,-7.0,1,0.0247905604862862,0.0011299627174494,0.030118530575013,-0.02722900000000103
2017-05-11,0.002787499580874,0.0,-0.0047000000000001,0.1358064516129032,-0.0004084361068592,0.0,-2.0,0,0.0374864011929204,-0.0021651513741066,0.0108922599391736,-0.02722900000000103
2017-05-12,0.0100766910393819,0.0,-0.0268999999999999,0.1183870967741935,-0.000408602995078,0.0,0.0,1,-0.0190482676381859,-0.0014795353407942,0.0013778113468652,-0.02722900000000103
2017-05-15,0.0036870176958512,0.0,-0.0278999999999998,0.0661290322580644,-0.001226811679766,0.0,-4.0,1,0.0019212741795516,0.0047651423030152,0.0190927199222246,-0.02722900000000103
2017-05-16,0.0030621642790773,0.0,-0.0087000000000001,0.0487096774193547,-0.0004092719140071,0.0,-1.0,0,0.0218328126895831,-0.000687133036986,-0.0032859441364962,-0.02722900000000103
2017-05-17,-0.0167962604941358,0.0,0.0152000000000001,0.0312903225806451,-0.0004094394860914,0.0,8.0,0,0.3810698365205543,-0.018345468171115,0.0107838047786649,-0.02722900000000103
2017-05-18,-0.0921068469025954,0.0,0.2730999999999999,0.0138709677419354,-0.0004096071954542,0.0,42.0,1,-0.0615070068071797,0.0036800386272159,0.0057295657980777,-0.02722900000000103
2017-05-19,0.0167749192601895,0.0,-0.0929000000000002,-0.0035483870967742,-0.0004097750422626,0.0,-18.0,1,-0.1968882493377327,0.0067447032082007,0.0207320335394183,-0.02722900000000103
2017-05-22,-0.0155418534756588,0.0,-0.0014999999999996,-0.0558064516129032,-0.001230333584635,0.0,6.0,0,-0.0967231066029434,0.0051468632960084,0.0048380876403189,-0.02722900000000103
2017-05-23,0.0159089694644922,0.0,-0.0209000000000001,-0.0732258064516129,-0.0004104478073418,0.0,-8.0,0,-0.0194001495573189,0.0018361851723804,0.0051842847609445,-0.02722900000000103
2017-05-24,0.0094505901168524,0.0,-0.0024999999999999,-0.0906451612903226,-0.0004106163439221,0.0,1.0,0,-0.0675280392103444,0.0024860338045762,-0.0035149872529647,-0.02722900000000103
2017-05-25,-0.000474368308442,0.0,0.0194999999999998,-0.1080645161290322,-0.0004107850189676,0.01,5.0,0,-0.0029985715923477,0.0044321120419781,-0.0474382253102272,-0.02722900000000103
2017-05-26,0.0134789020695276,0.0,-0.0209999999999999,-0.125483870967742,-0.0004109538326471,0.0,-3.0,0,-0.0181822533977131,0.0003105017853024,0.0133194216436542,-0.02722900000000103
2017-05-29,-0.0050686090085125,0.0,0.0095,-0.177741935483871,-0.0012338757689445,0.0,3.0,0,-0.0181822533977131,0.0003105017853024,0.0133194216436542,-0.02722900000000103
2017-05-30,0.003147438847062,0.0,-0.0050000000000003,-0.1951612903225807,-0.0004116304771457,0.0,-2.0,0,0.056478572411225,-0.0012053507295338,-0.0059621557187454,-0.02722900000000103
2017-05-31,-0.0197522861725207,0.0,-0.0221999999999997,-0.2125806451612904,-0.0004117999865727,0.0,0.0,0,0.0028859792061798,-0.0004600746199513,-0.0299581631876501,-0.02722900000000103
2017-06-01,-0.0067520256518687,-0.003587,-0.0129999999999999,-0.23,-0.0004119696356674,-0.12,0.0,0,-0.0512426876203079,0.0075425955848472,0.000397465369439,-0.03081600000000103
2017-06-02,0.003557696060227,0.0,0.0093999999999998,-0.2143333333333333,0.0003225389552277,0.0,-1.0,0,-0.0142568953389951,0.003700874618046,-0.0075788368006216,-0.03081600000000103
2017-06-05,-0.0009763046845865,0.0,0.0419,-0.1673333333333333,0.000966993146779,0.0,0.0,1,0.0322933914152746,-0.0012184071404286,-0.0096560704533844,-0.03081600000000103
2017-06-06,0.0080539488820772,0.0,-0.0003000000000001,-0.1516666666666666,0.0003221233658869,0.0,2.0,0,0.0370412837336493,-0.002782908666204,0.0130536588014683,-0.03081600000000103
2017-06-07,0.0034251496308392,0.0,-0.0069999999999996,-0.136,0.0003220196358384,0.0,3.0,0,-0.0057581220039684,0.0015670287963475,-0.0419698498338756,-0.03081600000000103
2017-06-08,-0.0065911441137949,0.0,0.0090999999999996,-0.1203333333333333,0.000321915972572,0.0,-3.0,0,-0.0223854110228688,0.0002671690356647,-0.0041701636497532,-0.03081600000000103
2017-06-09,-0.0087223579868958,0.0,-0.0097999999999998,-0.1046666666666666,0.0003218123760291,0.01,0.0,0,0.0517852965103296,-0.0008303338661872,0.0060410747011658,-0.03081600000000103
2017-06-12,-0.0082479020724708,0.0,0.0245999999999999,-0.0576666666666667,0.0009648162150508,0.0,1.0,1,0.0686189909731274,-0.0009792424797181,0.0029033489101467,-0.03081600000000103
2017-06-13,0.002088579149726,0.0,0.0222000000000002,-0.042,0.0003213986557639,-0.01,-4.0,0,-0.0951356709682031,0.0045013588432301,0.0088651296127311,-0.03081600000000103
2017-06-14,0.001519167659163,0.0,-0.0372000000000003,-0.0263333333333333,0.0003212953918563,0.0,-1.0,1,0.0208934725335773,-0.0009963269653176,-0.0359420467470655,-0.03081600000000103
2017-06-16,-0.0048078183085085,0.0,0.0056000000000002,0.0049999999999999,0.0006422812572655,0.0,5.0,0,-0.0488818654749957,0.0002835991500596,0.0095451096270743,-0.03081600000000103
2017-06-19,0.0062763065945432,0.0,0.0082999999999997,0.0519999999999999,0.00096264906289,0.0,3.0,0,-0.0009638775572115,0.0083125832068939,-0.0097582252997253,-0.03081600000000103
2017-06-20,-0.0203297439769816,0.0,0.0169999999999999,0.0676666666666666,0.0003206771992125,0.0,10.0,0,0.0461692716866081,-0.0067191604469316,-0.0191547745333078,-0.03081600000000103
2017-06-21,-6.582845108127344e-05,0.0,0.0102000000000002,0.0833333333333332,0.0003205743983123,0.0,3.0,0,-0.0101805283186038,-0.0005828141932715,-0.0264216329904179,-0.03081600000000103
2017-06-22,0.0083583750290898,0.0,0.0114999999999998,0.0989999999999999,0.0003204716632989,-0.0099999999999999,-4.0,0,-0.0254371193605163,-0.000455885972438,0.0088850322807238,-0.03081600000000103
2017-06-23,-0.0030238910250766,0.0,-0.0019999999999997,0.1146666666666666,0.0003203689941155,0.0099999999999999,-4.0,0,-0.0448854938714405,0.001559698555409,0.0070515868948146,-0.03081600000000103
2017-06-26,0.0178629775052776,0.0,-0.0213999999999998,0.1616666666666666,0.0009604916245464,-0.0099999999999999,-4.0,0,-0.012048422733467,0.0003157519397323,0.0063478577348218,-0.03081600000000103
2017-06-27,-0.0082833926720731,0.0,0.0043999999999999,0.1773333333333333,0.0003199589743712,0.0,8.0,0,0.1108003154259672,-0.0081055865756729,0.0177340215282176,-0.03081600000000103
2017-06-28,0.0055460030748708,0.0,-0.0142000000000002,0.1929999999999999,0.0003198566333715,0.0,-8.0,0,-0.0977544586833831,0.008769501646551,0.0140487586681168,-0.03081600000000103
2017-06-29,0.0035571474127245,0.0,-0.0078,0.2086666666666666,0.0003197543578181,0.0,4.0,0,0.1315353739210378,-0.0086372168441413,0.0023223233531494,-0.03081600000000103
2017-06-30,0.0105643508033796,0.0,0.0129999999999999,0.2243333333333333,0.0003196521476489,0.0099999999999999,-5.0,0,-0.0229894542483355,0.0015320576108735,0.0104888735728305,-0.03081600000000103
2017-07-03,0.0060231597530027,0.0,-0.0066999999999999,0.236774193548387,0.0012005175729434,-0.0199999999999999,-3.0,0,0.0035714288703748,0.0023081679791475,0.0360695281715169,-0.03081600000000103
2017-07-05,-0.0019931354178801,0.0,0.0178000000000002,0.2335483870967742,0.000880192149351,-0.01,5.0,0,-0.0134592047411851,0.0014522240362887,-0.0387860120206868,-0.03081600000000103
2017-07-06,-0.0108897465360389,0.0,-0.0129000000000001,0.2319354838709677,0.0004398057182211,0.01,6.0,0,0.1246848130100274,-0.0094129873068661,0.0066736366505802,-0.03081600000000103
2017-07-07,-0.0023719480317492,0.0,-0.0169000000000001,0.2303225806451612,0.0004396123741798,0.0,-4.0,0,-0.1139030473381762,0.0063827125696158,-0.0295318134841728,-0.03081600000000103
2017-07-10,0.0112169796002525,0.0,-0.0244999999999997,0.2254838709677419,0.0013176787563704,0.0,-7.0,1,-0.0071749120751749,0.0009273361035125,0.0036329131390112,-0.03081600000000103
2017-07-11,0.0127231589319976,0.0,-0.0127999999999999,0.2238709677419355,0.0004388406949686,0.0,-4.0,0,-0.0200006042781077,-0.0007829870660821,0.0135595166346784,-0.03081600000000103
2017-07-12,0.0156063726439494,0.0,-0.0258000000000002,0.222258064516129,0.0004386481982852,0.0,-5.0,1,-0.0557010547177545,0.0072790509478214,0.0046189713817201,-0.03081600000000103
2017-07-13,0.0052609840297392,0.0,-0.0156,0.2206451612903225,0.0004384558704053,-0.01,0.0,0,-0.0396091951452899,0.001872829473473,0.0141432576246461,-0.03081600000000103
2017-07-14,0.0039505770522563,0.0,-0.0208999999999996,0.2190322580645161,0.0004382637111053,0.01,-3.0,0,-0.0401908179834585,0.0046626161700092,0.0100689577376673,-0.03081600000000103
2017-07-17,-0.0034290646545169,0.0,-0.0078,0.2141935483870967,0.0013136398600011,-0.01,-1.0,0,0.0320771906646213,-5.291423670686425e-05,-0.0100689577376673,-0.03081600000000103
2017-07-18,0.0019302955055291,0.0,-0.0153000000000003,0.2125806451612903,0.0004374967552855,0.0,0.0,0,0.0071030890593403,0.0005976786981109,0.0086367386729143,-0.03081600000000103
2017-07-19,-0.0024211231735229,0.0,-0.0134999999999996,0.2109677419354838,0.0004373054355752,0.0,-2.0,0,-0.0101627277028562,0.0053582582160534,0.0174552960867333,-0.03081600000000103
2017-07-20,-0.0037197048683506,0.0,-0.0131000000000001,0.2093548387096774,0.0004371142831196,0.0,-5.0,0,-0.0216838686270029,-0.000153671088607,-0.0080808828802783,-0.03081600000000103
2017-07-21,-0.0039190928253667,0.0,-0.0146000000000001,0.2077419354838709,0.0004369232977019,0.01,-2.0,0,-0.0232323302091732,-0.0003679393292088,-0.0254738066903652,-0.03081600000000103
2017-07-24,0.0064106734988254,0.0,0.0203000000000002,0.2029032258064516,0.0013096256477034,0.0,6.0,0,0.0074508751978718,-0.0010643009954088,0.0111732406269285,-0.03081600000000103
2017-07-25,0.0086871952177496,0.0,0.0097,0.2012903225806451,0.0004361610220406,0.0,2.0,0,0.0,0.002918907519898,0.0323915423859181,-0.03081600000000103
2017-07-26,-0.0100552580853161,0.0,0.0100999999999999,0.1996774193548387,0.0004359708685388,0.0,-3.0,0,0.017867009202629,0.0002826240061194,0.0152222064057129,-0.03081600000000103
2017-07-27,0.0040832673705377,-0.0036209999999999,-0.0144000000000001,0.1980645161290322,0.0004357808807675,0.0,-1.0,0,0.0517618608634304,-0.0009731616373937,0.0101503983545741,-0.03443700000000093
2017-07-28,0.0033645863480735,0.0,-0.0055999999999998,0.1964516129032258,0.00043559105851,0.0,3.0,0,0.0176475470651194,-0.001342015678116,0.0198064114946155,-0.03443700000000093
2017-07-31,0.0064375455356486,0.0,-0.0150000000000001,0.1916129032258064,0.0013056358938765,0.0,-3.0,0,-0.002919684087975,-0.0007284108345598,0.0024722094109567,-0.03443700000000093
2017-08-01,0.0090006346244511,0.0,-0.0146000000000001,0.19,0.0004348334202983,0.01,-1.0,0,-0.016708012562592,0.0024461207749384,-0.000379947901054,-0.03443700000000093
2017-08-02,0.0092778925481642,0.0,0.0106999999999999,0.1890322580645161,-0.0006959043748135,0.0,1.0,0,0.0186553845632512,0.0004925274073474,-0.0051433669619576,-0.03443700000000093
2017-08-03,-0.0053617028972485,0.0,-0.0073999999999996,0.1880645161290322,-0.0006963889949798,0.0,-4.0,0,0.0154443082098677,-0.0021860418349456,-0.0067069771855488,-0.03443700000000093
2017-08-04,0.0018103614445053,0.0,0.0029999999999996,0.1870967741935484,-0.0006968742905861,0.0,-2.0,0,-0.0400639669104894,0.0018873214175395,0.007852187451821,-0.03443700000000093
2017-08-07,0.0154558914113493,0.0,0.0043000000000001,0.1841935483870967,-0.0020935414210061,0.0,1.0,0,-0.0100200665610442,0.0016458446442804,-0.0009542750689594,-0.03443700000000093
2017-08-08,-0.0006036558167394,0.0,0.0053,0.1832258064516129,-0.0006988222557211,0.0,-1.0,0,0.0986917762106448,-0.0024173522303853,-0.0044014910964989,-0.03443700000000093
2017-08-09,-0.0033635791835884,0.0,0.0143999999999997,0.182258064516129,-0.0006993109497965,0.0,7.0,0,0.0135932877489675,-0.0003636747927123,0.0106830732250041,-0.03443700000000093
2017-08-10,-0.0100845184553222,0.0,0.0079000000000002,0.1812903225806451,-0.0006998003278475,0.0,12.0,0,0.3672400867667312,-0.0145802184007415,-0.0152966504521392,-0.03443700000000093
2017-08-11,0.0054633149413856,0.0,0.0152000000000001,0.1803225806451613,-0.0007002903913129,0.0,0.0,0,-0.0336006675706347,0.0012747571279871,0.003846099899611,-0.03443700000000093
2017-08-14,0.0136535989122155,0.0,0.0192999999999998,0.1774193548387097,-0.0021038184305073,0.0,-5.0,0,-0.2294496809569116,0.0099936512460494,-0.0266474769167491,-0.03443700000000093
2017-08-15,0.0010245902535661,0.0,0.0087999999999999,0.1764516129032258,-0.0007022575281894,0.0,-7.0,0,-0.0238008742762632,-0.0004989323268834,0.0013788970108743,-0.03443700000000093
2017-08-16,0.0034903539658728,0.0,-0.0306000000000001,0.1754838709677419,-0.0007027510404196,0.0,2.0,1,-0.0252326418082689,0.0014190955233323,-0.0104878527553586,-0.03443700000000093
2017-08-17,-0.0090356546822967,0.0,-0.0066999999999999,0.174516129032258,-0.0007032452467683,0.0,8.0,0,0.2810588559870978,-0.0155573424871914,0.0150051843440113,-0.03443700000000093
2017-08-18,0.0107981033392849,0.0,0.0051000000000001,0.1735483870967742,-0.0007037401487046,0.0,-2.0,0,-0.0866022198543813,-0.0018370536613519,0.0325812421941156,-0.03443700000000093
2017-08-21,-0.0011649073031936,0.0,-0.0211000000000001,0.1706451612903226,-0.002114196835647,0.0,2.0,0,-0.0779994961207915,0.0011619757145661,-0.020311128634712,-0.03443700000000093
2017-08-22,0.0198497638572341,0.0,0.0096000000000002,0.1696774193548387,-0.0007057267417547,0.0,-3.0,0,-0.1502411573788992,0.009891695260625,0.0040567830571513,-0.03443700000000093
2017-08-23,0.006648231819943,0.0,0.0029999999999996,0.1687096774193548,-0.0007062251437446,0.0,-2.0,0,0.0763081594536572,-0.003459570132639,0.0134050412550741,-0.03443700000000093
2017-08-24,0.0092507597721507,0.0,-0.0164999999999997,0.1677419354838709,-0.0007067242502003,0.0099999999999999,-5.0,0,-0.0016340247212282,-0.0020766167471384,-0.0101329377891583,-0.03443700000000093
2017-08-25,-0.0008297763596072,0.0,0.0057999999999998,0.1667741935483871,-0.0007072240626175,-0.0099999999999999,1.0,0,-0.0808606898723619,0.0016714716689374,0.0070847386655812,-0.03443700000000093
2017-08-28,-0.0008023027926817,0.0,0.0100999999999999,0.1638709677419355,-0.0021246781444599,0.0099999999999999,3.0,0,0.0035398234188992,0.000486953473296,-0.0099713282854116,-0.03443700000000093
2017-08-29,0.0043977112892861,0.0,0.0132000000000003,0.1629032258064516,-0.0007092304019256,0.0,1.0,0,0.03301777968554,0.0008424667620097,0.0021176369641912,-0.03443700000000093
2017-08-30,-0.0062440434628729,0.0,-0.0057,0.1619354838709677,-0.0007097337667119,0.0,-2.0,0,-0.0418909016076762,0.004604531788061,-0.0221669465868332,-0.03443700000000093
2017-08-31,-0.0007197239957594,0.0,-0.0167000000000001,0.1609677419354838,-0.0007102378465138,-0.0099999999999999,0.0,0,-0.0577877498719169,0.0057046735847135,0.029448087476633,-0.03443700000000093
2017-09-01,0.0152428734765468,0.0,-0.0137999999999998,0.16,-0.0007107426428607,0.0999999999999999,-7.0,0,-0.0444088444641723,0.0019805780423351,-0.0011461581551543,-0.03443700000000093
2017-09-04,0.00286008025469,0.0,0.0055999999999998,0.186,0.0044497036965918,-0.01,0.0,0,-0.0444088444641723,0.0019805780423351,-0.0011461581551543,-0.03443700000000093
2017-09-05,0.0003049625751394,0.0,-0.0186000000000001,0.1946666666666666,0.0014788454464049,0.0,3.0,0,0.1883905827116879,-0.0075794585521449,0.0200574626699572,-0.03443700000000093
2017-09-06,0.0173262648585339,0.0,-0.0069999999999996,0.2033333333333333,0.0014766616915888,0.0,-1.0,0,-0.050303935898787,0.0031238424931441,0.015244758535944,-0.03443700000000093
2017-09-08,-0.0045463622144144,-0.003653,-0.0224999999999999,0.2206666666666666,0.002946797849594,-0.0099999999999999,-3.0,0,0.0481715177172049,-0.0014899601434577,-0.0131156012555831,-0.03809000000000093
2017-09-11,0.0168255913049382,0.0,-0.0056000000000002,0.2466666666666666,0.0044039786880087,0.0,-5.0,0,-0.1218134572182805,0.010780975197147,0.00111506002794,-0.03809000000000093
2017-09-12,0.0029558392585968,0.0,0.0291999999999998,0.2553333333333333,0.0014636934093381,0.0,1.0,1,-0.0140780947615624,0.0033583025948831,0.0079549083396724,-0.03809000000000093
2017-09-13,0.0033349659576824,0.0,0.0199000000000002,0.264,0.0014615541417928,0.0,-3.0,0,-0.0075901620555276,0.0007568342480825,0.0162664536485792,-0.03809000000000093
2017-09-14,-0.0017531537830368,0.0,0.0011000000000001,0.2726666666666666,0.0014594211184331,0.0,-1.0,0,-0.0057307149021562,-0.0011013238508279,0.0056043059148661,-0.03809000000000093
2017-09-15,0.0146265588409395,0.0,-0.0099,0.2813333333333333,0.0014572943119599,0.0099999999999999,-1.0,0,-0.0262023246989899,0.0018454775461593,0.0027004735283315,-0.03809000000000093
2017-09-18,0.0030709033207632,0.0,-0.0016000000000002,0.3073333333333333,0.004359183859778,-0.0099999999999999,-3.0,0,-0.00196854965776,0.0014548619291293,-0.0025202424063574,-0.03809000000000093
2017-09-19,-0.0002105761898754,0.0,0.0083999999999999,0.316,0.0014488487145118,0.0,0.0,0,0.0029513731957795,0.0011095796167313,-0.0061471926691379,-0.03809000000000093
2017-09-20,0.000394793988466,0.0,-0.0041999999999999,0.3246666666666666,0.0014467525885191,0.0,2.0,0,-0.0400855843571844,0.0006341467023094,0.0206415212138855,-0.03809000000000093
2017-09-21,-0.0052767786415746,0.0,0.0066000000000001,0.3333333333333333,0.0014446625189155,0.0,1.0,0,-0.011311139388207,-0.0030505659469148,0.0024840216486792,-0.03809000000000093
2017-09-22,-0.0028345516151002,0.0,-0.0062000000000002,0.3419999999999999,0.0014425784794944,0.0,-2.0,0,-0.0083074125484665,0.000647583995167,0.0075911795680505,-0.03809000000000093
2017-09-25,-0.012640908348132,0.0,0.0127000000000001,0.368,0.004315291113766,0.0,4.0,0,0.0626467311063176,-0.0022245226998538,0.0372842603137296,-0.03809000000000093
2017-09-26,-0.001667092788729,0.0,0.0262000000000002,0.3766666666666666,0.0014343021046698,0.0,-1.0,1,-0.0039254183504791,7.216412589487934e-05,-0.0098758138875338,-0.03809000000000093
2017-09-27,-0.0070485587130768,0.0,0.0257999999999998,0.3853333333333333,0.0014322478282444,0.0,0.0,1,-0.0299423757117658,0.0040768224019879,-0.009283152450693,-0.03809000000000093
2017-09-28,-0.0031215247517479,0.0,-0.0060999999999999,0.394,0.0014301994278689,0.0,-3.0,0,-0.0329586673856899,0.001203890628938,-0.0084989094109607,-0.03809000000000093
2017-09-29,0.0098336391398223,0.0,-0.0190999999999998,0.4026666666666666,0.0014281568783705,0.0,-6.0,0,-0.0041972738400864,0.0036982630684988,0.0022618725128649,-0.03809000000000093
2017-10-02,0.0008879680914972,0.0,-0.0038,0.4154838709677419,0.0031464592689331,0.0699999999999999,-1.0,0,-0.0063291793027215,0.0038665188297123,-0.0249881378329897,-0.03809000000000093
2017-10-03,0.0318045903781936,0.0,-0.0140000000000002,0.4109677419354838,0.0002961621441972,0.0,-1.0,0,0.0063291793027216,0.0021565111846609,-0.0021405454664088,-0.03809000000000093
2017-10-04,-0.0022431768603752,0.0,-0.0186999999999999,0.4064516129032258,0.0002960744581503,0.0,0.0,0,0.0125393370690368,0.0012459436611136,-0.003577835020634,-0.03809000000000093
2017-10-05,0.000352459715545,0.0,0.0032,0.4019354838709677,0.0002959868240122,0.0,-4.0,0,-0.0467673469863729,0.0056309040312927,0.021277412120035,-0.03809000000000093
2017-10-06,-0.0073752733229017,0.0,0.0301,0.3974193548387096,0.000295899241733,0.0,3.0,1,0.0488419851128989,-0.0010742111652397,-0.0245084382325293,-0.03809000000000093
2017-10-09,-0.0043219948422947,0.0,0.0121999999999999,0.3838709677419354,0.0008871727494632,0.01,0.0,0,0.0680943999255275,-0.0018060638680135,0.003051828665657,-0.03809000000000093
2017-10-10,0.0153320961257001,0.0,-0.0081999999999999,0.3793548387096774,0.0002955494303229,-0.01,4.0,0,-0.0244990206715009,0.002319719630478,0.0145910005625822,-0.03809000000000093
2017-10-11,-0.0030868040947016,0.0,-0.0049000000000001,0.3748387096774193,0.0002954621066635,0.0,-1.0,0,-0.0230817611624909,0.0018018829296635,0.0058123989014187,-0.03809000000000093
2017-10-13,0.0042954833375485,0.0,-0.0066999999999999,0.3658064516129032,0.0005906624486531,0.0,-3.0,0,-0.0307401456879033,0.0008777220048463,0.0162232121631062,-0.03809000000000093
2017-10-16,-0.0012737033993435,0.0,0.0034999999999998,0.352258064516129,0.000885340033724,0.0,-2.0,0,0.0307401456879033,0.0017492225323057,0.0113054780625327,-0.03809000000000093
2017-10-17,-0.009027253924545,0.0,0.0161999999999999,0.347741935483871,0.0002949392464337,0.0,-2.0,0,0.0395700057843073,0.0006723529054339,0.001037188907075,-0.03809000000000093
2017-10-18,0.0051049904049929,0.0,-0.0095999999999998,0.3432258064516129,0.0002948522829218,0.0,-4.0,0,-0.0235536623038081,0.0007420595113295,0.0046539849878236,-0.03809000000000093
2017-10-19,-0.0040294676235266,0.0,0.0059,0.3387096774193548,0.000294765370679,0.0,0.0,0,-0.0019880229413524,0.0003279441150104,-0.0159476767827224,-0.03809000000000093
2017-10-20,0.0014147794387309,0.0,0.0100999999999999,0.3341935483870968,0.0002946785096593,0.01,-3.0,0,-0.0079920427267007,0.0051037961850303,0.0090451209795583,-0.03809000000000093
2017-10-23,-0.0128852142408018,0.0,0.0169999999999999,0.3206451612903226,0.0008835148743973,0.0,0.0,0,0.1046581083957467,-0.0039803953129971,-0.0066018494061334,-0.03809000000000093
2017-10-24,0.0123483577191763,0.0,0.0466999999999999,0.3161290322580645,0.0002943315768941,0.0,1.0,1,0.0080972241276907,0.001616600874558,0.0165950721610789,-0.03809000000000093
2017-10-25,0.0041955087322822,0.0,-0.0082999999999997,0.3116129032258065,0.0002942449713074,-0.01,0.0,0,0.0062527847073653,-0.0046739556872599,0.0018839912264882,-0.03809000000000093
2017-10-26,-0.0101595583063467,-0.0027629999999999,0.0057,0.3070967741935484,0.000294158416672,0.0,8.0,0,0.006214014609706,0.0012701392506023,0.014608729754585,-0.040853000000000826
2017-10-27,0.0010535188500746,0.0,0.0356999999999998,0.3025806451612903,0.0002940719129433,0.0,-4.0,1,-0.1424203374582189,0.008040609979727,0.0190418215450581,-0.040853000000000826
2017-10-30,-0.0155996159602196,0.0,-0.0253999999999998,0.2890322580645161,0.0008816972248499,0.0,1.0,1,0.0689928520242105,-0.0031975773767407,0.0075820850883541,-0.040853000000000826
2017-10-31,-0.0065992674512731,0.0,0.0221999999999997,0.2845161290322581,0.0002937264061948,0.0,4.0,0,-0.0309502160631269,0.0009440129366793,0.0076878992251541,-0.040853000000000826
2017-11-01,-0.0065347355378158,0.0,-0.0032999999999998,0.28,0.0002936401563289,0.04,1.0,0,0.0019626604903779,0.0015908441079038,-0.0013043865612177,-0.040853000000000826
2017-11-03,0.0012319023617113,0.0,0.0183999999999997,0.2906666666666667,0.0005887976770004,0.0,5.0,0,-0.0829000857610654,0.0030922893263143,0.0236379214991143,-0.040853000000000826
2017-11-06,0.0053432048647898,0.0,-0.0068999999999999,0.3066666666666667,0.0008825469953031,0.0,-2.0,0,0.0280492256653492,0.0012704438847764,0.0348301316425363,-0.040853000000000826
2017-11-07,-0.0258455289650232,0.0,-0.0118,0.312,0.0002940093301049,0.0,6.0,0,0.0508145316546793,-0.0001891208050819,-0.0090653643302981,-0.040853000000000826
2017-11-08,0.0265450460577287,0.0,-0.0223999999999997,0.3173333333333333,0.0002939229140235,0.0,0.0,0,-0.0111847236055845,0.0014426139320604,-0.0031451032020911,-0.040853000000000826
2017-11-09,-0.0194447176299963,0.0,0.0005999999999999,0.3226666666666666,0.0002938365487281,0.0,2.0,0,0.0710358004203113,-0.0037689813393701,0.0069062999331586,-0.040853000000000826
2017-11-10,-0.0105447678240757,0.0,0.0145999999999997,0.328,0.0002937502341726,0.0,-2.0,0,0.0725421176192644,-0.0008980469760537,-0.006433915406741,-0.040853000000000826
2017-11-13,0.0042726539512418,0.0,0.0212000000000003,0.344,0.0008807333219102,0.0,-2.0,0,0.018429660586462,0.000983150911293,-0.0056836371739402,-0.040853000000000826
2017-11-14,-0.0230013908735333,0.0,-0.0039000000000002,0.3493333333333333,0.0002934054824539,0.0,5.0,0,0.0077956351479338,-0.0023122805602819,-0.0151554431613417,-0.040853000000000826
2017-11-16,0.0235117814713561,0.0,-0.0025999999999997,0.36,0.0005865528307982,0.0,-5.0,0,-0.1101957350974705,0.0081626527829724,-0.0082772252729737,-0.040853000000000826
2017-11-17,0.0126758303991199,0.0,-0.0020000000000002,0.3653333333333333,0.0002931474492449,0.0,-5.0,0,-0.0284624574269595,-0.0026294169788973,0.0219222284988332,-0.040853000000000826
2017-11-21,0.0156455850301497,0.0,-0.0196999999999998,0.3866666666666666,0.0011717311977204,0.0,1.0,0,-0.0903460071853933,0.0065198388797526,0.0056094140442877,-0.040853000000000826
2017-11-22,-0.0010193544077807,0.0,-0.0030000000000001,0.392,0.0002927184009795,0.0,-1.0,0,0.0152986741915787,-0.0007505427033295,0.0119153050603094,-0.040853000000000826
2017-11-23,-0.0004295129121221,0.0,-0.0190000000000001,0.3973333333333333,0.0002926327419903,0.0,0.0,0,0.0152986741915787,-0.0007505427033295,0.0119153050603094,-0.040853000000000826
2017-11-24,-0.0044401461499905,0.0,-0.0070999999999998,0.4026666666666667,0.0002925471331209,0.0,-3.0,0,-0.0214842059879058,0.0020539842782319,0.0084919666510547,-0.040853000000000826
2017-11-27,-0.0013223945360998,0.0,-0.0081999999999999,0.4186666666666666,0.0008771282466639,0.0,-1.0,0,0.0204715244956062,-0.0003843315868032,-0.0003132413125719,-0.040853000000000826
2017-11-28,0.0010931248937673,0.0,0.0013999999999998,0.424,0.0002922051979457,0.0,-3.0,0,0.0160807335002664,0.0098003321967936,-0.0036092552457876,-0.040853000000000826
2017-11-29,-0.0196138131831116,0.0,-0.0095999999999998,0.4293333333333333,0.0002921198390097,0.01,1.0,0,0.0646631482913401,-0.0003692938827907,-0.0078914550185449,-0.040853000000000826
2017-11-30,-0.0100781244379533,0.0,0.048,0.4346666666666666,0.0002920345299308,-0.01,1.0,1,0.0527874987549737,0.0081575866628111,0.0072624108803098,-0.040853000000000826
2017-12-01,0.0040628197460215,0.0,0.0019999999999997,0.44,0.0002919492706592,0.0799999999999999,3.0,0,0.0132102821091164,-0.0020265829358053,-0.0012592165286221,-0.040853000000000826
2017-12-04,0.011365478644759,0.0,-0.0129999999999999,0.4254838709677419,-0.0043058873814612,0.0,-2.0,0,0.0216364990218818,-0.0010527105492864,-0.016516190830678,-0.040853000000000826
2017-12-05,-0.0074707150721362,0.0,-0.0183999999999997,0.4206451612903226,-0.0014394258213048,0.0,-6.0,0,-0.0304239352220284,-0.0037463905259553,0.0065437922907272,-0.040853000000000826
2017-12-06,0.0099031080778058,0.0,0.0031999999999996,0.4158064516129032,-0.0014415007550709,0.0,2.0,0,-0.0277422230419949,-0.0001141121705303,-0.026436087622239,-0.040853000000000826
2017-12-07,-0.010716716060191,-0.0018519999999999,0.0538000000000002,0.4109677419354838,-0.0014435816795117,0.0,4.0,1,-0.0812534181322781,0.0029280670101093,0.0158810585541617,-0.04270500000000073
2017-12-08,0.0033742173193687,0.0,-0.0081000000000002,0.4061290322580645,-0.0014456686206116,-0.0099999999999999,-2.0,0,-0.0587808431129507,0.0054912020355181,0.0191088734996291,-0.04270500000000073
2017-12-11,0.0009345024454923,0.0,0.0034,0.3916129032258064,-0.0043495880678783,0.0,-1.0,0,-0.0253713154411073,0.0031968421216958,0.02014278228531,-0.04270500000000073
2017-12-12,0.0138324603096755,0.0,0.0304000000000002,0.3867741935483871,-0.0014540770764899,0.0,0.0,1,0.060246660409919,0.0015477237220895,-0.021089624276458,-0.04270500000000073
2017-12-13,-0.0122677510400244,0.0,-0.0113000000000003,0.3819354838709677,-0.0014561944958977,0.0,4.0,0,0.0258721121126474,-0.0004730689701501,-0.0143109698660618,-0.04270500000000073
2017-12-14,-0.0066738927941649,0.0,0.0296000000000002,0.3770967741935483,-0.0014583180910516,0.0,2.0,1,0.0299973594888046,-0.0040791677307626,0.013837242594108,-0.04270500000000073
2017-12-15,0.0024683369193052,0.0,-0.0150000000000001,0.372258064516129,-0.0014604478890074,0.0,-1.0,0,-0.1075873039017388,0.0089343134101427,-0.0012644514167066,-0.04270500000000073
2017-12-18,0.0069584354664105,0.0,-0.0301,0.3577419354838709,-0.0043941848919821,0.0,-6.0,1,0.0116095929588817,0.0053484785795975,0.0028427104747084,-0.04270500000000073
2017-12-19,-0.0059673005358718,0.0,0.0001999999999999,0.3529032258064516,-0.0014690296555794,0.0,-4.0,0,0.0511358857045336,-0.0032354980431185,0.0061316030868746,-0.04270500000000073
2017-12-20,0.0094079997153819,0.0,0.0026000000000001,0.3480645161290322,-0.0014711908790001,0.0099999999999999,-3.0,0,-0.031394929406385,-0.0008282360735725,0.0118418077531651,-0.04270500000000073
2017-12-21,0.0237856331271402,0.0,0.0135999999999998,0.3432258064516129,-0.0014733584709336,0.0,2.0,0,-0.0103413931629772,0.0019836870126583,0.0052526610756646,-0.04270500000000073
2017-12-22,0.0007184673007305,0.0,0.0163999999999999,0.3383870967741935,-0.0014755324595761,0.0,2.0,0,0.0286904658267781,-0.0004582716381137,0.0053783989815274,-0.04270500000000073
2017-12-26,0.0066412837309197,0.0,-0.0009000000000001,0.319032258064516,-0.0059239986549126,0.0,2.0,0,0.0347429869761692,-0.0010589757000585,0.0267649860178256,-0.04270500000000073
2017-12-27,0.0050737781897609,0.0,-0.0168999999999996,0.3141935483870968,-0.001486499351806,0.0,3.0,0,0.0212363448022122,0.0007906283102422,-0.0086917107295047,-0.04270500000000073
2017-12-28,0.0043154682484036,0.0,0.0048999999999996,0.3093548387096774,-0.0014887123221143,-0.0099999999999999,-1.0,0,-0.0280890092862785,0.0018323190029195,0.0042054548552775,-0.04270500000000073
2017-12-29,0.0,0.0,0.0,0.304516129032258,-0.0014909318912028,0.0099999999999999,1.0,0,0.0810999962932567,-0.0051966322927482,-0.0018002217111527,-0.04270500000000073
2018-01-02,0.0193015396276994,0.0,-0.0383,0.2909677419354838,-0.0052633106806414,0.03,-6.0,1,-0.1222085244849078,0.0082690782183981,-0.0004505336069201,-0.04270500000000073
2018-01-03,0.001334308602825,0.0,-0.0161999999999999,0.2919354838709677,-0.0007777355628402,0.0,-6.0,0,-0.065562675311951,0.006378433243936,0.0188979164737527,-0.04270500000000073
2018-01-04,0.0083247630314584,0.0,-0.0217,0.2929032258064516,-0.0007783409062742,-0.02,-3.0,0,0.0076212289336633,0.0040205428553269,0.0033846454745148,-0.04270500000000073
2018-01-05,0.0053766979221983,0.0,0.0091000000000001,0.2938709677419354,-0.0007789471927672,0.01,-4.0,0,0.0,0.0070091458885853,-0.0066327450789623,-0.04270500000000073
2018-01-08,0.003887666619434,0.0,-0.0051999999999998,0.2967741935483871,-0.0023404887610087,0.0,1.0,0,0.0320198303572802,0.0016609637672969,0.0023633102714878,-0.04270500000000073
2018-01-09,-0.0065089996809017,0.0,0.004,0.2977419354838709,-0.0007813818135726,0.0,-4.0,0,0.0571583581866865,0.0013020835172984,0.0152272477658072,-0.04270500000000073
2018-01-10,-0.0084424147697337,0.0,0.0070000000000001,0.2987096774193548,-0.0007819928485925,0.0,4.0,0,-0.0261321637849681,-0.0011128458115206,0.0055064225881476,-0.04270500000000073
2018-01-11,0.0147750298309166,0.0,-0.0165999999999999,0.2996774193548387,-0.0007826048400136,0.0,1.0,0,0.0060914320534546,0.007009025768882,0.0008667512948383,-0.04270500000000073
2018-01-12,-0.0002016205256527,0.0,-0.0104000000000001,0.3006451612903226,-0.0007832177900759,0.0,2.0,0,0.0279459037889773,0.006726926399094,0.0087688420563338,-0.04270500000000073
2018-01-15,0.0050659752218518,0.0,-0.0234,0.3035483870967742,-0.002353340690929,0.0,0.0,1,0.0279459037889773,0.006726926399094,0.0087688420563338,-0.04270500000000073
2018-01-16,0.0010026068616078,0.0,0.0256000000000002,0.304516129032258,-0.0007856792219804,-0.01,1.0,1,0.1377057407040636,-0.0035307132616026,-0.0103583316972648,-0.04270500000000073
2018-01-17,0.016855343428709,0.0,0.0104999999999999,0.3054838709677419,-0.0007862969992249,-0.0199999999999999,2.0,0,0.0212142027195567,0.009371006206502,0.0033205217771004,-0.04270500000000073
2018-01-18,-0.002787509822129,0.0,-0.0195000000000002,0.3064516129032258,-0.0007869157487494,0.0299999999999999,3.0,0,0.0256956050397707,-0.0016176974974736,-0.0010094412486361,-0.04270500000000073
2018-01-19,0.0031692620695604,0.0,-0.0041999999999999,0.3074193548387097,-0.000787535472849,0.0,0.0,0,-0.080929606925655,0.0043756479869901,-0.0101508551066924,-0.04270500000000073
2018-01-22,0.0055864352289827,0.0,-0.0152999999999998,0.3103225806451613,-0.0023663345434865,0.0,0.0,0,-0.0215255596134887,0.0080343643822132,0.0061028694329671,-0.04270500000000073
2018-01-23,-0.0122820339994085,0.0,0.0314999999999998,0.3112903225806451,-0.0007900241611835,-0.01,2.0,1,0.0063263336288398,0.0021720049682223,0.0133824620322382,-0.04270500000000073
2018-01-24,0.0365340768288877,0.0,-0.0278999999999998,0.312258064516129,-0.0007906487928632,0.0,-7.0,1,0.0327898117369777,-0.000560132547232,0.0081144968485535,-0.04270500000000073
2018-01-26,0.021878883011773,0.0,-0.052,0.3141935483870968,-0.0015831754371635,0.01,-4.0,1,-0.0441377911230229,0.0117716381060841,0.0014190222020998,-0.04270500000000073
2018-01-29,-0.0097868947000492,0.0,0.0205000000000001,0.3170967741935483,-0.0023794726825947,-0.01,2.0,0,0.2224212867812574,-0.006754736284863,-0.0151452757918066,-0.04270500000000073
2018-01-30,-0.0025534947081915,0.0,0.0005999999999999,0.3180645161290322,-0.0007944174241263,0.0,0.0,0,0.0663883129288074,-0.010958642805337,-0.0063547651025441,-0.04270500000000073
2018-01-31,0.0050887089944815,0.0,-0.0037000000000002,0.3190322580645161,-0.0007950490249584,0.0,3.0,0,-0.0883030094766925,0.0004888658586947,0.0004346550189056,-0.04270500000000073
2018-02-01,0.0068306917859288,0.0,0.0106000000000001,0.32,-0.0007956816308958,-0.0199999999999999,0.0,0,-0.0051832544205375,-0.0006482983520233,0.0004343557331221,-0.04270500000000073
2018-02-02,-0.0171531196988823,0.0,0.0329999999999999,0.3117857142857143,0.003302930980098,-0.01,2.0,1,0.2508193280893314,-0.0214366805166988,-0.0072643060504526,-0.04270500000000073
2018-02-05,-0.0262820880335308,0.0,0.0295,0.2871428571428571,0.0098438369772075,0.0,14.0,1,0.7682450294663026,-0.0418425409383814,-0.0140971358366836,-0.04270500000000073
2018-02-06,0.0245314102409963,0.0,0.0257999999999998,0.2789285714285714,0.0032598625375896,0.0,-8.0,1,-0.2189988903963881,0.017290573348937,-0.0113029477768812,-0.04270500000000073
2018-02-07,-0.0135246659850114,0.0,-0.0145999999999997,0.2707142857142857,0.0032492703535389,0.0,-9.0,0,-0.0780156342856823,-0.0050141382237526,-0.0203980547677408,-0.04270500000000073
2018-02-08,-0.0150215849549635,-0.000929,0.0224999999999999,0.2625,0.0032387467804131,0.0,15.0,0,0.1878358250770314,-0.0382590522458017,-0.0107429605835967,-0.04363400000000073
2018-02-09,-0.0078063832205472,0.0,0.0128999999999996,0.2542857142857143,0.0032282911537233,0.0,15.0,0,-0.1409880284324524,0.0148256451995243,-0.0316640350626142,-0.04363400000000073
2018-02-14,0.0321600063164968,0.0,-0.0284999999999997,0.2132142857142857,0.0159869540454451,0.0,-7.0,1,-0.259644658539091,0.013313439808897,0.0258119361026881,-0.04363400000000073
2018-02-15,0.0089136283774369,0.0,-0.0327999999999999,0.205,0.0031669481179008,0.0,-16.0,1,-0.0067726786716266,0.0119968617767752,-0.000466217721208,-0.04363400000000073
2018-02-16,0.0027722508513985,0.0,0.0173,0.1967857142857142,0.0031569502120376,0.0,-5.0,0,0.0171032901290868,0.0003733996499216,0.0078965265019305,-0.04363400000000073
2018-02-20,0.0150182768599069,0.0,0.0125999999999999,0.1639285714285714,0.0125290714948889,-0.01,7.0,0,0.0569300646022512,-0.0058585171068373,0.006303405814499,-0.04363400000000073
2018-02-21,0.0028861392345813,0.0,0.0047999999999999,0.1557142857142857,0.0031078928568604,0.0,-2.0,0,-0.0285592975610905,-0.0055116644833109,0.0026019479182159,-0.04363400000000073
2018-02-22,0.0073406297040996,0.0,0.0042999999999997,0.1475,0.0030982637772716,0.0,5.0,0,-0.0671393623827286,0.0009730774855778,0.0147184394166229,-0.04363400000000073
2018-02-23,0.0069778819621078,0.0,-0.0181,0.1392857142857143,0.0030886941803416,0.0,-2.0,0,-0.1268383116781951,0.015901278245121,0.0137623442139013,-0.04363400000000073
2018-02-26,0.0041155614662269,0.0,-0.0065999999999997,0.1146428571428571,0.0092092515842914,0.0,-5.0,0,-0.0427441705867209,0.0116884386206273,0.0028188201269408,-0.04363400000000073
2018-02-27,-0.00822512484112,0.0,0.0032,0.1064285714285714,0.0030509997302967,0.0,-2.0,0,0.1626138578366678,-0.0127883114414675,-0.0129727125254414,-0.04363400000000073
2018-02-28,-0.0168665839542772,0.0,0.0065999999999997,0.0982142857142857,0.0030417194379346,0.0,7.0,0,0.0655802164094021,-0.011157806083656,-0.0128390631494916,-0.04363400000000073
2018-03-01,-0.0012056726596441,0.0,0.0171000000000001,0.09,0.0030324954305473,-0.08,7.0,0,0.1239770292880971,-0.0134139658548764,-0.001064715226621,-0.04363400000000073
2018-03-02,0.0044759013364394,0.0,-0.0005999999999999,0.0941935483870967,-0.0001413518171027,-0.01,-3.0,0,-0.137161815893395,0.0050587854851985,-0.0206033782437403,-0.04363400000000073
2018-03-05,0.0030503446555023,0.0,-0.0032,0.106774193548387,-0.0004241753728777,0.0,-3.0,0,-0.0448927477296549,0.0109716176105265,0.0180129285064647,-0.04363400000000073
2018-03-06,-0.0043104519313477,0.0,-0.0335999999999998,0.1109677419354838,-0.0001414317836605,0.0,-2.0,1,-0.0199520735799719,0.0026353829319968,0.0038072077741561,-0.04363400000000073
2018-03-07,-0.0019750264984796,0.0,0.0071999999999996,0.1151612903225806,-0.0001414517894389,-0.0099999999999999,4.0,0,-0.0332256679843783,-0.0004839918257163,-0.0222864001210137,-0.04363400000000073
2018-03-08,-0.00585445359863,0.0,0.02,0.1193548387096774,-0.0001414718008803,0.0099999999999999,3.0,0,-0.0711670055036526,0.0044531482088846,-0.0114107646068702,-0.04363400000000073
2018-03-09,0.0161772009900982,0.0,-0.0021999999999997,0.1235483870967741,-0.0001414918179811,0.0,-9.0,0,-0.1220242129636889,0.0172295467412075,0.0291267263248491,-0.04363400000000073
2018-03-12,0.0061060609519323,0.0,0.0110000000000001,0.1361290322580645,-0.0004245956132216,0.0,2.0,0,0.0749857665115773,-0.0012747973379984,-0.008279730480432,-0.04363400000000073
2018-03-13,-0.0059555587954154,0.0,-0.0114,0.1403225806451613,-0.0001415719430681,0.0,8.0,0,0.0354846221789934,-0.0063839104143147,-0.004784291359824,-0.04363400000000073
2018-03-14,-0.0038623297354138,0.0,0.0091999999999998,0.144516129032258,-0.0001415919885214,0.0,2.0,0,0.0524241032972662,-0.0057409698251887,0.0038601144566154,-0.04363400000000073
2018-03-15,-0.0131363050307751,0.0,0.0274999999999998,0.1487096774193548,-0.000141612039652,0.0,2.0,1,-0.0378519105720747,-0.0007822363990965,0.0035382446443912,-0.04363400000000073
2018-03-16,-0.0004946588721352,0.0,0.0046000000000003,0.1529032258064516,-0.0001416320964597,0.0,-3.0,0,-0.0487901612951875,0.0017019979472317,0.0165997312375986,-0.04363400000000073
2018-03-19,-0.0115286320026744,0.0,0.0005999999999999,0.1654838709677419,-0.0004250166870782,-0.0099999999999999,5.0,0,0.1854811290799867,-0.0143060405413734,-0.0024194179370401,-0.04363400000000073
2018-03-20,0.0029867285421332,0.0,0.0069999999999996,0.1696774193548387,-0.0001417123805484,0.0099999999999999,-3.0,0,-0.0440694451822356,0.0014807086617189,0.0205296054749046,-0.04363400000000073
2018-03-21,0.0096133552623545,0.0,-0.0059999999999997,0.1738709677419354,-0.0001417324657921,0.0,0.0,0,-0.0188580263799268,-0.0018456921256294,0.0299533396294582,-0.04363400000000073
2018-03-22,-0.0024625185497608,-0.0009319999999999,0.0112,0.1780645161290322,-0.0001417525567326,-0.0099999999999999,4.0,0,0.2676050237734511,-0.0254848869728544,-0.0080936637639665,-0.044566000000000626
2018-03-23,-0.0046232604741902,0.0,0.0007999999999999,0.182258064516129,-0.0001417726533681,0.0099999999999999,2.0,0,0.0634936581640986,-0.0211898073117506,0.0221018365141398,-0.044566000000000626
2018-03-26,0.0083911624451413,0.0,-0.0007000000000001,0.1948387096774193,-0.0004254385969257,0.0,-4.0,0,-0.1677122691947525,0.0267950407060353,-0.0046950958038503,-0.044566000000000626
2018-03-27,-0.015157546735308,0.0,0.0222000000000002,0.1990322580645161,-0.0001418530969274,0.0,3.0,0,0.0675652868450053,-0.0174272856453219,-0.000142653298267,-0.044566000000000626
2018-03-28,0.0007872043917451,0.0,0.0123999999999999,0.2032258064516129,-0.0001418732220841,0.0,-1.0,0,0.0163107355201344,-0.0029209188994626,-0.008307149370073,-0.044566000000000626
2018-03-29,0.0176322223403957,0.0,-0.0142000000000002,0.2074193548387096,-0.0001418933529517,-0.0099999999999999,-2.0,0,-0.1355949316866367,0.0136757774938434,0.0105866208777431,-0.044566000000000626
2018-04-02,-0.0082337907537635,0.0,-0.0133999999999998,0.226,-0.0018464436977279,0.0199999999999999,3.0,0,0.16786273325597,-0.0225906823434958,-0.0381454024253246,-0.044566000000000626
2018-04-03,-0.000508007028511,0.0,0.0034999999999998,0.232,-0.0014226638940755,0.01,-8.0,0,-0.1128207877386875,0.012535961315741,0.0070713811073969,-0.044566000000000626
2018-04-04,-0.0031127416645944,0.0,0.0399000000000002,0.238,-0.0014246907505075,0.0,1.0,1,-0.0505453026503773,0.0115001023464467,-0.0014691658873533,-0.044566000000000626
2018-04-05,0.0100254422292902,0.0,-0.0342000000000002,0.244,-0.0014267233904714,0.0,-5.0,1,-0.0574516399555056,0.0068394214016512,0.004547205363023,-0.044566000000000626
2018-04-06,-0.0045874337934197,0.0,0.0470000000000001,0.25,-0.0014287618387509,0.0,8.0,1,0.1263115840485268,-0.0221640670570649,-0.018015862324975,-0.044566000000000626
2018-04-09,-0.0179987847908282,0.0,0.0236999999999998,0.268,-0.0042985746639647,0.0,0.0,1,0.0129451962699276,0.0033309949675928,0.0226880811759711,-0.044566000000000626
2018-04-10,0.0143372913007748,0.0,0.0292000000000003,0.274,-0.0014369742158475,0.0,-1.0,1,-0.0615725301445199,0.016588598996314,0.0342219571304931,-0.044566000000000626
2018-04-11,0.0086713236853039,0.0,-0.0143000000000004,0.28,-0.0014390420825733,0.0,0.0,0,-0.0112995330183324,-0.0055406857724611,0.0142559598683546,-0.044566000000000626
2018-04-12,0.0023199963537337,0.0,-0.0193999999999996,0.286,-0.0014411159093707,0.0,-2.0,0,-0.0904308000905225,0.008216898697657,-0.000555259830162,-0.044566000000000626
2018-04-13,-0.0130760854289242,0.0,0.0246999999999997,0.292,-0.0014431957220466,0.0,1.0,1,-0.0601852880046354,-0.0028907998267066,0.0077456154034148,-0.044566000000000626
2018-04-16,-0.0176085317098237,0.0,0.0158,0.31,-0.0043421262911849,0.0,3.0,0,-0.0500546283084586,0.008076336801563,-0.0161115104845529,-0.044566000000000626
2018-04-17,0.0146635111749127,0.0,-0.0221999999999997,0.316,-0.0014515753528669,0.0,-1.0,0,-0.0824106136538363,0.0106050716138667,0.0022378143899543,-0.044566000000000626
2018-04-18,0.0198991624535889,0.0,-0.0197000000000002,0.322,-0.0014536854872631,0.0,-3.0,0,0.0226914356552579,0.0008310204075532,0.0261975751135067,-0.044566000000000626
2018-04-19,0.0005594405740314,0.0,0.0133,0.328,-0.0014558017655339,0.0,1.0,0,0.0228146557031451,-0.0057425817958325,0.0040743695914318,-0.044566000000000626
2018-04-20,-0.0031976873210108,0.0,0.0123999999999999,0.334,-0.0014579242145558,0.0,-2.0,0,0.0560438450383675,-0.0085731771883527,0.0037878668968654,-0.044566000000000626
2018-04-23,0.0006076470225302,0.0,0.032,0.352,-0.0043865694516647,0.0,0.0,1,-0.0325133406800305,5.623011118453955e-05,0.0087383972130765,-0.044566000000000626
2018-04-24,-0.0015549102629517,0.0,0.0245999999999999,0.358,-0.0014664762610827,0.02,-1.0,1,0.09786617881312,-0.0134708880064751,-0.0114425220452497,-0.044566000000000626
2018-04-25,-0.0049849674816613,0.0,0.0373000000000001,0.364,-0.0014686299724608,0.0,1.0,1,-0.0100391418782848,0.0018353742328236,0.0018936755161246,-0.044566000000000626
2018-04-26,0.0156221275749874,0.0,-0.0062999999999999,0.37,-0.0014707900191552,-0.02,1.0,0,-0.0939658150651735,0.0103801441873769,0.0099503022710099,-0.044566000000000626
2018-04-27,0.0007174763656312,0.0,-0.0301,0.376,-0.0014729564291613,0.0,5.0,1,-0.0524606812096731,0.0011130052713638,-0.001338847113363,-0.044566000000000626
2018-04-30,-0.003824761269028,0.0,0.0135,0.394,-0.0044319318040368,0.0,1.0,0,0.033187503649107,-0.0082211925489212,0.0070756424687114,-0.044566000000000626
2018-05-02,-0.0183760195359568,0.0,0.0613000000000001,0.4277419354838709,-0.0001561138615819,-0.06,6.0,1,0.0305173392948986,-0.0072319512014023,-0.0243733545623683,-0.044566000000000626
2018-05-03,-0.0150031115793023,0.0,0.0059999999999997,0.4554838709677419,0.001323817590098,0.0,7.0,0,-0.0043928937131937,-0.002256217585064,0.0035379289902672,-0.044566000000000626
2018-05-04,-0.0020431962686551,0.0,-0.0175999999999998,0.4832258064516129,0.0013220674137457,0.0,-2.0,0,-0.0737209576982898,0.0127298100283349,0.0168365476688466,-0.044566000000000626
2018-05-07,-0.0048724106235145,0.0,0.0149999999999996,0.5664516129032258,0.0039557473077405,0.0,1.0,0,-0.0013550447502601,0.0034519805549899,0.0172143474183694,-0.044566000000000626
2018-05-08,0.002921472470847,0.0,0.0330000000000003,0.5941935483870968,0.001315112741933,0.0,7.0,1,-0.0027155455792147,-0.0002656766117338,-0.0174815698658298,-0.044566000000000626
2018-05-09,0.0156562481768549,0.0,0.0154999999999998,0.6219354838709678,0.001313385491688,0.0,-5.0,0,-0.0917813999779856,0.0096356479348687,0.0310428799832843,-0.044566000000000626
2018-05-10,0.0187631146675997,0.0,-0.0377,0.6496774193548387,0.0013116627725846,0.0,-12.0,1,-0.0142591937021935,0.0093270116038483,0.0033618099378208,-0.044566000000000626
2018-05-11,-0.0074935615238178,0.0,0.0150000000000001,0.6774193548387097,0.0013099445668167,0.0,2.0,0,-0.0448297585086158,0.0017061392709612,-0.0045280944842355,-0.044566000000000626
2018-05-14,0.0001408021028783,0.0,0.0381,0.7606451612903226,0.0039195693340357,0.0,1.0,1,0.0218930313680952,0.0008830995101265,0.0142905626913827,-0.044566000000000626
2018-05-15,-0.0011974502786777,0.0,0.0655999999999998,0.7883870967741935,0.0013031165242018,0.0,5.0,1,0.1235240064684641,-0.0068656550439908,0.0025532625075684,-0.044566000000000626
2018-05-16,0.0163925682495094,0.0,0.0049999999999998,0.8161290322580645,0.001301420621246,0.0,-3.0,0,-0.08632808562575,0.0040523398475144,0.0107793635087326,-0.044566000000000626
2018-05-17,-0.0342654247800489,0.0,0.0070999999999998,0.8438709677419355,0.0012997291267211,0.0,4.0,0,0.0007448960299561,-0.0008562387886101,0.0002522925001395,-0.044566000000000626
2018-05-18,-0.006478571464795,0.0,0.0629000000000004,0.8716129032258064,0.0012980420234569,0.0,13.0,1,-0.000744896029956,-0.0026356652545503,-0.010012134704682,-0.044566000000000626
2018-05-21,-0.0153674710197737,0.0,-0.0431000000000003,0.9548387096774194,0.0038840471077872,0.01,-4.0,1,-0.0256617970324463,0.0073596045479333,0.009002775182973,-0.044566000000000626
2018-05-22,0.011230474026675,0.0,-0.0569999999999999,0.9825806451612904,0.0012913371828027,0.0,-5.0,1,0.0106465144262087,-0.0031406885928751,0.0044083259513338,-0.044566000000000626
2018-05-23,-0.0228852450626462,0.0,0.0005000000000001,1.0103225806451612,0.0012896717814445,0.0,0.0,0,-0.0496226094147979,0.0032431452068987,0.0028864091442101,-0.044566000000000626
2018-05-24,-0.0092553568026634,0.0,-0.0070999999999998,1.0380645161290325,0.0012880106702013,0.0,3.0,0,-0.003982497610774,-0.0020252629577225,-0.0127374458209029,-0.044566000000000626
2018-05-25,-0.0153945940541326,0.0,0.0150999999999998,1.065806451612903,0.0012863538325085,0.0,3.0,0,0.053605107025572,-0.0023600030541859,-0.0302799455665095,-0.044566000000000626
2018-05-28,-0.0459323286849624,0.0,0.0504999999999999,1.149032258064516,0.0038491629603782,-0.01,0.0,1,0.053605107025572,-0.0023600030541859,-0.0302799455665095,-0.044566000000000626
2018-05-29,0.0094567099340139,0.0,0.0196999999999998,1.176774193548387,0.0012797688891463,0.0,26.0,0,0.2526582954184697,-0.0116315725117922,-0.0138315191832406,-0.044566000000000626
2018-05-30,0.00892524213595,0.0,0.0081000000000002,1.204516129032258,0.0012781331738498,0.0,-2.0,0,-0.1303469984229835,0.0126158753519238,0.0276033042316129,-0.044566000000000626
2018-06-01,0.0063119551872219,0.0,0.0042999999999997,1.26,0.0025513758897925,-0.1,14.0,0,-0.1365913591024689,0.0107907997092398,0.0,-0.044566000000000626
2018-06-04,0.0174033499946357,0.0,0.0011000000000001,1.167,0.0012894131939233,0.0,-9.0,0,-0.0549756948722708,0.0044695948983522,-0.0300911696856,-0.044566000000000626
2018-06-05,-0.0251755781994376,0.0,0.0327999999999999,1.136,0.0004294351988072,0.0,4.0,1,-0.0270501903311068,0.0007023462695756,0.0011946153804631,-0.044566000000000626
2018-06-06,-0.0068735991598121,0.0,0.0441000000000002,1.105,0.0004292508633749,0.0,7.0,1,-0.0632489700489298,0.0085309006373119,-0.0002653130352539,-0.044566000000000626
2018-06-07,-0.0302220803485813,0.0,0.0806999999999997,1.074,0.0004290666861272,0.0,19.0,1,0.0412342605921211,-0.0007144436219845,0.0256760120259586,-0.044566000000000626
2018-06-08,-0.0123849450454063,0.0,-0.1141,1.043,0.0004288826668581,0.0,-5.0,1,0.0041135549467391,0.0031210289077513,-0.0111849340988829,-0.044566000000000626
2018-06-11,-0.008729831689104,0.0,-0.0945999999999998,0.95,0.0012855454617373,0.0,5.0,1,0.0138608066249892,0.0010681370069403,0.0,-0.044566000000000626
2018-06-12,0.0061491142453622,0.0,0.0131000000000001,0.919,0.0004281481655379,0.0,2.0,0,-0.0008100631196737,0.0017418672787038,-0.0076146074239047,-0.044566000000000626
2018-06-13,-0.0087247578488529,0.0,0.0009999999999998,0.8880000000000001,0.0004279649331362,-0.0099999999999999,-2.0,0,0.0474772258023304,-0.0040342545414114,0.0112699481111338,-0.044566000000000626
2018-06-14,-0.0097671857606371,0.0,0.0003000000000001,0.857,0.0004277818574998,0.0099999999999999,4.0,0,-0.0654662854460308,0.0024685005225036,-0.0104794700287541,-0.044566000000000626
2018-06-15,-0.0093263394125919,0.0,0.0680999999999998,0.8260000000000001,0.0004275989384279,0.0,-1.0,1,-0.0116184167222028,-0.001017620315494,-0.0334748073970194,-0.044566000000000626
2018-06-18,-0.0134167179417303,0.0,-0.0194999999999998,0.7330000000000001,0.0012817008635082,0.0,10.0,0,0.0271734198071815,-0.0021283911808865,0.0255423741003403,-0.044566000000000626
2018-06-19,0.0223649458069132,0.0,0.0022999999999999,0.7020000000000001,0.0004268688237942,0.0,2.0,0,0.0811044391369425,-0.0040315179513912,-0.0034569175497676,-0.044566000000000626
2018-06-20,0.0101591626066692,0.0,-0.0231000000000003,0.671,0.0004266866845465,0.01,-12.0,1,-0.0428528008125805,0.0017106902241125,-0.0045388406311767,-0.044566000000000626
2018-06-21,-0.0288068977568887,0.0,0.0559000000000002,0.6400000000000001,0.0004265047006679,-0.01,-8.0,1,0.1350939193759841,-0.0063657288432202,-0.0228712155021844,-0.044566000000000626
2018-06-22,0.0080446154300446,0.0,-0.0230999999999999,0.6090000000000001,0.0004263228719558,0.01,-7.0,1,-0.0612651860000609,0.0018602032551338,0.0336505491396348,-0.044566000000000626
2018-06-25,0.0044069735293383,0.0,0.0096999999999995,0.5160000000000001,0.0012778791923047,0.0,5.0,0,0.2299467533409822,-0.0138197229677706,-0.0109130662496027,-0.044566000000000626
2018-06-26,0.0063502088946609,0.0,-0.0038999999999997,0.4850000000000001,0.0004255971048241,0.0,-3.0,0,-0.0848629141165241,0.0022021505056967,0.0209222964452463,-0.044566000000000626
2018-06-27,-0.0112102797768844,0.0,0.0636999999999998,0.454,0.0004254160489853,0.0,12.0,1,0.1177830223443466,-0.0086415863131411,0.0170212020174644,-0.044566000000000626
2018-06-28,0.0162671452452478,0.0,0.0163000000000002,0.4230000000000001,0.0004252351471247,0.0,0.0,0,-0.0610085281153934,0.0061596800190312,0.0029587173540261,-0.044566000000000626
2018-06-29,0.0137828238725177,0.0,0.0036999999999998,0.3920000000000001,0.0004250543990522,0.0,0.0,0,-0.0461527089498326,0.000758115887517,0.0202181717898595,-0.044566000000000626
2018-07-02,0.0010576706136298,0.0,0.0497,0.3164516129032258,0.0011921708013336,0.0,-1.0,1,-0.0309270317790121,0.0030632608342934,-0.0273080553968458,-0.044566000000000626
2018-07-03,0.0113032573739531,0.0,-0.0135,0.3029032258064516,0.0003424862962315,0.0,-4.0,0,0.0340296863170413,-0.0049596292805336,0.0059331925515048,-0.044566000000000626
2018-07-04,0.0144870501674727,0.0,0.0138000000000002,0.2893548387096774,0.0003423690395276,0.0,0.0,0,0.0340296863170413,-0.0049596292805336,0.0059331925515048,-0.044566000000000626
2018-07-05,-0.0025452805510592,0.0,0.0133999999999998,0.2758064516129032,0.0003422518630831,0.0,-8.0,0,-0.0752524087565875,0.0085838567455378,-0.0047696222286132,-0.044566000000000626
2018-07-06,0.0061111561317712,0.0,0.0072,0.262258064516129,0.0003421347668215,0.0,-7.0,0,-0.1130348337148109,0.0084455176005801,-0.0036245836354643,-0.044566000000000626
2018-07-10,-0.0019750193246057,0.0,-0.0811999999999999,0.2080645161290322,0.0013673697053899,0.0,-16.0,1,-0.0039478327792526,0.0034672493188218,0.0100682799659684,-0.044566000000000626
2018-07-11,-0.0062039177684365,0.0,-0.0035000000000002,0.194516129032258,0.0003415504853361,0.0,5.0,0,0.0754068382243721,-0.0071194863719165,-0.0717501797801555,-0.044566000000000626
2018-07-12,0.019394305271259,0.0,0.0146999999999999,0.1809677419354838,0.0003414338684333,0.0,-2.0,0,-0.0801650088971005,0.0087109915801719,0.0142037617303037,-0.044566000000000626
2018-07-13,0.0096819385371862,0.0,0.0181,0.1674193548387096,0.0003413173311361,0.0,-1.0,0,-0.0323129578703594,0.0010786555366086,0.0117507680053998,-0.044566000000000626
2018-07-16,0.0007699987982157,0.0,-0.0165999999999999,0.1267741935483871,0.0010232535644618,0.0,-3.0,0,0.0519908853437841,-0.0010286646208985,-0.0474371131266813,-0.044566000000000626
2018-07-17,0.0190853625134899,0.0,0.0092000000000003,0.1132258064516129,0.0003408519763841,0.01,0.0,0,-0.0618919465878911,0.0039658243434434,0.0044445534861869,-0.044566000000000626
2018-07-18,-0.0098654758844016,0.0,-0.0197000000000002,0.0996774193548387,0.0003407358358984,-0.01,-3.0,0,0.0033112580359918,0.0021581820767374,0.010202733441516,-0.044566000000000626
2018-07-19,0.0016015502293136,0.0,0.0373000000000001,0.0861290322580645,0.0003406197745334,0.0,5.0,1,0.0616935285868484,-0.0039608268490495,-0.0043992329327229,-0.044566000000000626
2018-07-20,0.0138924942573073,0.0,-0.1053999999999999,0.0725806451612903,0.0003405037922075,0.0,-17.0,1,-0.0007773206034422,-0.0009488977712743,0.0067284546136284,-0.044566000000000626
2018-07-23,-0.0073451312875327,0.0,0.0121999999999999,0.0319354838709677,0.0010208162718452,0.0,-3.0,0,-0.0188388440676762,0.0018363623432315,-0.0001368936759609,-0.044566000000000626
2018-07-24,0.0147504122024013,0.0,-0.0456000000000003,0.0183870967741935,0.0003400406516771,0.0,-1.0,1,-0.016780261123892,0.0047695188860535,0.0051877916051033,-0.044566000000000626
2018-07-25,0.0133399730668273,0.0,-0.0338999999999996,0.0048387096774193,0.0003399250633364,0.0,-5.0,1,-0.0097166664469164,0.0090604350703727,0.0066499241411268,-0.044566000000000626
2018-07-26,-0.0101865900299582,0.0,0.0122999999999997,-0.0087096774193548,0.0003398095535516,0.0,-4.0,0,-0.0122801065623955,-0.0030369027488673,0.0082172026365647,-0.044566000000000626
2018-07-27,0.0057888917303259,0.0,-0.0078999999999997,-0.022258064516129,0.0003396941222426,0.03,-3.0,0,0.0707485567317239,-0.0065838346448454,-0.0033595408460649,-0.044566000000000626
2018-07-30,0.0051204667835005,0.0,-0.0009000000000001,-0.0629032258064516,0.0010183905624341,0.01,2.0,0,0.090204060393401,-0.0057707893155871,0.0091116843101149,-0.044566000000000626
2018-07-31,-0.0132419048826655,0.0,0.0394000000000001,-0.0764516129032258,0.000339233180167,-0.04,1.0,1,-0.1056722583557516,0.004872837219303,-0.0096502721147163,-0.044566000000000626
2018-08-01,0.0010345568099534,0.0,-0.0058000000000002,-0.09,0.0003391181400438,-0.0199999999999999,4.0,0,0.0246355569336506,-0.0010408930675711,0.0,-0.044566000000000626
2018-08-02,0.0042154599699486,0.0,0.0154,-0.0716129032258064,-0.0012233806255377,0.0,2.0,0,-0.0758058205445159,0.0049143495822087,-0.0108329166117024,-0.044566000000000626
2018-08-03,0.0223263470518499,0.0,-0.0443999999999999,-0.0532258064516129,-0.0012248791191069,0.0,-3.0,1,-0.0461684372717792,0.0046334320653479,-0.003272849918051,-0.044566000000000626
2018-08-06,-0.0047265698570271,0.0,0.0013,0.0019354838709677,-0.0036836651410006,0.0,2.0,0,-0.0323031031287945,0.0035319826508016,0.0073489840668736,-0.044566000000000626
2018-08-07,-0.0087238313341515,0.0,-0.0095999999999998,0.0203225806451612,-0.0012309099836098,0.0,3.0,0,-0.0306330385602003,0.0028202017464857,0.0121295492057107,-0.044566000000000626
2018-08-08,-0.0149847003489913,0.0,0.0400999999999998,0.0387096774193548,-0.001232426990489,0.0,2.0,1,-0.0073462149644101,-0.0002624143932951,-0.0322630955901447,-0.044566000000000626
2018-08-09,-0.0048632314695087,0.0,0.0510999999999999,0.0570967741935483,-0.0012339477411824,0.0,8.0,1,0.0379792535246105,-0.0014427146770399,-0.0029095841335811,-0.044566000000000626
2018-08-10,-0.0290330923910602,0.0,0.0442,0.0754838709677419,-0.0012354722495668,0.0,16.0,1,0.1550375456327679,-0.0071393122632444,0.0102154101735109,-0.044566000000000626
2018-08-13,0.0127525914993,0.0,0.0516,0.1306451612903225,-0.003715601585517,0.0,5.0,1,0.1160929831508072,-0.0040140376659802,-0.002750613077381,-0.044566000000000626
2018-08-14,0.0141708222799703,0.0,-0.0175999999999998,0.1490322580645161,-0.0012416081399599,0.0,-6.0,0,-0.1047592335197102,0.0063689300164174,-0.0020679889660471,-0.044566000000000626
2018-08-15,-0.0195792482625023,0.0,0.0322,0.1674193548387097,-0.0012431516473618,0.0,6.0,1,0.0952418680507294,-0.0076312085813788,-0.0237407733506095,-0.044566000000000626
2018-08-16,-0.0033658907518958,0.0,-0.0324000000000004,0.1858064516129032,-0.001244698997171,0.0,-4.0,1,-0.0847784401173556,0.0078882145526381,0.0094240539578693,-0.044566000000000626
2018-08-17,-0.0103371589386895,0.0,0.0579,0.2041935483870967,-0.0012462502037493,0.0,3.0,1,-0.0621126759864959,0.003317606375263,0.0055842881389566,-0.044566000000000626
2018-08-20,0.0039249969985775,0.0,0.0041000000000002,0.2593548387096774,-0.0037480966354319,0.0,3.0,0,-0.0119381100680422,0.0024250749021282,0.0052762862061988,-0.044566000000000626
2018-08-21,-0.015154605313512,0.0,0.0442999999999997,0.2777419354838709,-0.0012524938876126,0.0,3.0,1,0.0291933863002456,0.002066399954627,0.0057994940175819,-0.044566000000000626
2018-08-22,0.0226466458397087,0.0,0.0867,0.2961290322580645,-0.0012540645960594,0.0,12.0,1,-0.0485957551217887,-0.0003982310542435,0.0291724314230481,-0.044566000000000626
2018-08-23,-0.0166259664411949,0.0,-0.0012999999999996,0.3145161290322581,-0.0012556392489937,0.0,9.0,0,0.0129766499302204,-0.0016926939235351,-0.000668790362015,-0.044566000000000626
2018-08-24,0.0082688626196869,0.0,0.0126999999999997,0.3329032258064516,-0.0012572178612924,0.0,0.0,0,-0.0344296369709279,0.0061797059282853,0.0144804432001576,-0.044566000000000626
2018-08-27,0.0216362077012366,0.0,-0.0167000000000001,0.3880645161290322,-0.0037811650760524,0.0099999999999999,-3.0,0,0.0140789140396461,0.0076411414071104,0.005130569601623,-0.044566000000000626
2018-08-28,-0.0058814992938263,0.0,0.0505000000000004,0.4064516129032258,-0.0012635722043103,-0.0099999999999999,1.0,1,0.0275767803185807,0.0002692420775983,-0.0034174868041699,-0.044566000000000626
2018-08-29,0.0117541228284441,0.0,0.0160999999999997,0.4248387096774194,-0.001265170839229,0.0,5.0,0,-0.0202027073175194,0.0056852424689116,0.0155467560071859,-0.044566000000000626
2018-08-30,-0.0256485605672001,0.0,0.0458999999999996,0.4432258064516129,-0.0012667735243674,0.0,8.0,1,0.0993834854559065,-0.004440172044458,0.0081337646741357,-0.044566000000000626
2018-08-31,0.0035797845939544,0.0,-0.0458999999999996,0.4616129032258065,-0.0012683802751336,0.0,2.0,1,-0.0507877303341178,0.0001344684673049,-0.0045105880433839,-0.044566000000000626
2018-09-03,-0.0063452404610124,0.0,-0.0073999999999996,0.478,0.002827462535631,0.07,0.0,0,-0.0507877303341178,0.0001344684673049,-0.0045105880433839,-0.044566000000000626
2018-09-04,-0.0196288731484131,0.0,0.0372999999999992,0.477,0.0020424480488063,0.0,4.0,1,0.0230602221898217,-0.0016556920488793,0.0096407973096551,-0.044566000000000626
2018-09-05,0.0050733066546992,0.0,-0.0042999999999997,0.476,0.0020382849562299,0.01,-11.0,0,0.0554260806633506,-0.0028070628012659,-0.0115801803069428,-0.044566000000000626
2018-09-06,0.0174780698679661,0.0,-0.0148999999999999,0.475,0.0020341388002815,-0.01,-6.0,0,0.0518323144584896,-0.0036589910366181,-0.010014997668798,-0.044566000000000626
2018-09-10,0.000261691049042,0.0,-0.0453000000000001,0.471,0.0080954287816386,0.0,-3.0,1,-0.049596959606275,0.0018960282146933,0.0070039313485862,-0.044566000000000626
2018-09-11,-0.0235494988591327,0.0,0.0634000000000005,0.47,0.0020136584889769,0.0,7.0,1,-0.0686902228672017,0.0037328656897154,0.0216078829274379,-0.044566000000000626
2018-09-12,0.0062491023353796,0.0,-0.0382000000000006,0.469,0.0020096118157191,0.0,-4.0,1,-0.0060698154378633,0.0003566083498935,0.0085642881751444,-0.044566000000000626
2018-09-13,-0.0058473453126186,0.0,0.0378000000000007,0.4679999999999999,0.0020055813743375,0.0,2.0,1,-0.06038686203162,0.0052683521593913,-0.0197574508949497,-0.044566000000000626
2018-09-14,0.0098857689102356,0.0,0.0241999999999995,0.4669999999999999,0.0020015670673672,0.0,0.0,1,-0.0245511673272938,0.0002754439007663,-0.0011519034897375,-0.044566000000000626
2018-09-17,0.0178695842756955,0.0,-0.0183999999999997,0.464,0.0059807752586298,0.0,3.0,0,0.1252119246769616,-0.0055852909915492,-0.0005122747170968,-0.044566000000000626
2018-09-18,0.0196649857744937,0.0,-0.0326000000000004,0.463,0.0019856692613,0.0,-2.0,1,-0.0672713218943863,0.0053546528676252,0.0124778257093347,-0.044566000000000626
2018-09-19,-0.0018532369842088,0.0,-0.0017999999999993,0.462,0.0019817341913412,0.0,-7.0,0,-0.0848103720180209,0.0012524880331719,0.0046708756998971,-0.044566000000000626
2018-09-20,-0.000678248098433,0.0,-0.0354000000000001,0.461,0.0019778146870734,0.0,-19.0,1,0.0042463070454224,0.007810014185329,-0.008855270824452,-0.044566000000000626
2018-09-21,0.0168574695160099,0.0,-0.0269000000000003,0.46,0.0019739106563143,0.0,-22.0,1,-0.0102215441074462,-0.000368600937007,0.0012699189454674,-0.044566000000000626
2018-09-24,-0.0185486934937504,0.0,-0.0133999999999998,0.457,0.0058984611520926,0.0,6.0,0,0.0435579325770615,-0.0035218823140138,0.0300021739926836,-0.044566000000000626
2018-09-25,0.0082496285606303,0.0,0.0691999999999994,0.456,0.0019584474501677,0.0,2.0,1,0.0178721465429567,-0.0013059484931179,0.0082174473520378,-0.044566000000000626
2018-09-26,0.0003306079401443,0.0,-0.0715999999999992,0.455,0.0019546194295063,0.0,-1.0,1,0.0371437609377472,-0.0032946996811599,-0.0064948014796121,-0.044566000000000626
2018-09-27,0.0169427207303112,0.0,-0.0478000000000005,0.454,0.0019508063443129,0.0,-3.0,1,-0.0379492566649532,0.0027594762285113,0.0046609294302183,-0.044566000000000626
2018-09-28,-0.0082590119396943,0.0,-0.0053,0.453,0.0019470081073418,0.01,2.0,0,-0.0236456157221081,-6.870144138179519e-06,0.012162640630117,-0.044566000000000626
2018-10-01,-0.0090906263954178,0.0,0.0234000000000005,0.45,0.0058183820880692,0.06,3.0,1,-0.0099503214108481,0.0036344923421985,0.0269545486721276,-0.044566000000000626
2018-10-02,0.0372993136427339,0.0,-0.0768000000000004,0.4287096774193548,-0.0002496102509486,0.0,-11.0,1,0.0041580259772828,-0.000396768910279,-0.002120395403729,-0.044566000000000626
2018-10-03,0.0201480569980638,0.0,-0.0962999999999998,0.4074193548387096,-0.000249672571785,0.0,-12.0,1,-0.0371979096267801,0.0007112667367183,0.0174181483445385,-0.044566000000000626
2018-10-04,-0.0038501846318208,0.0,0.0504999999999999,0.3861290322580645,-0.0002497349237433,0.0,5.0,1,0.2027826770149887,-0.0082030354210098,-0.0200158734369726,-0.044566000000000626
2018-10-05,-0.0076357956846226,0.0,-0.0348000000000001,0.3648387096774194,-0.0002497973068571,0.0,-6.0,1,0.0413281561222906,-0.0055433145846221,-0.0049780611900768,-0.044566000000000626
2018-10-08,0.0446851770722158,0.0,-0.1110999999999999,0.3009677419354839,-0.0007497665310953,0.0099999999999999,0.0,1,0.0570459407249453,-0.0003951947083496,-0.0029749529777778,-0.044566000000000626
2018-10-09,4.646516275208512e-05,0.0,-0.0196999999999998,0.2796774193548387,-0.0002500471512778,0.0,-12.0,0,0.0164352772718269,-0.0014189098341542,0.0129064169650384,-0.044566000000000626
2018-10-10,-0.0283819789396897,0.0,0.0118999999999998,0.2583870967741936,-0.0002501096904943,0.0,8.0,0,0.3642947143039256,-0.033416389042602,-0.022726942887436,-0.044566000000000626
2018-10-11,-0.00909970264685,0.0,-0.0049999999999998,0.2370967741935484,-0.0002501722609995,0.0,4.0,0,0.0843219547957439,-0.0207875799725415,-0.0346529221477324,-0.044566000000000626
2018-10-15,0.005280230693506,0.0,-0.0127999999999999,0.1519354838709677,-0.0010013153757189,0.0,-11.0,0,-0.0004693841525386,-0.0059224822913,0.0043421503135337,-0.044566000000000626
2018-10-16,0.0278942605502479,0.0,-0.0253000000000001,0.1306451612903226,-0.0002504855837273,0.0,-5.0,1,-0.1896723687590015,0.0212678280349012,0.0077687655456035,-0.044566000000000626
2018-10-17,0.0005364994705363,0.0,-0.0070999999999998,0.1093548387096774,-0.000250548342473,0.0,-1.0,0,-0.0125644838406879,-0.0002526942626648,-0.0168466830035491,-0.044566000000000626
2018-10-18,-0.0226056285719913,0.0,-0.0045000000000001,0.0880645161290322,-0.0002506111326798,0.0,9.0,0,0.1422575716138416,-0.0144964905753411,-0.0095394487349936,-0.044566000000000626
2018-10-19,0.0044387132799315,0.0,0.0116,0.0667741935483871,-0.0002506739543619,0.0,-2.0,0,-0.00851069373125,-0.0003612351352793,0.0061608023455189,-0.044566000000000626
2018-10-22,0.0162178130707921,0.0,-0.0175999999999998,0.0029032258064516,-0.0007523991083449,0.0,-2.0,0,-0.0126487903301713,-0.0043087970964778,0.0006265654182377,-0.044566000000000626
2018-10-23,-0.0034757813069408,0.0,0.0177,-0.0183870967741935,-0.0002509255563705,0.0,0.0,0,0.0530483593511179,-0.0055270761806941,-0.0433932452837027,-0.044566000000000626
2018-10-24,-0.02656305949648,0.0,-0.0020000000000002,-0.0396774193548387,-0.0002509885358072,0.0,9.0,0,0.1974171133088669,-0.0313507738611408,-0.0035384909652858,-0.044566000000000626
2018-10-25,0.0122049041752436,0.0,-0.0045999999999999,-0.0609677419354838,-0.0002510515468685,0.01,-5.0,0,-0.0408550347347461,0.0184537179787141,0.0094081607604624,-0.044566000000000626
2018-10-26,0.01926987142898,0.0,-0.0261,-0.0822580645161289,-0.0002511145895756,-0.01,2.0,1,-0.0024803430237043,-0.0174791380100031,0.0094493402196323,-0.044566000000000626
2018-10-29,-0.0226889632808298,0.0,-0.0384999999999999,-0.1461290322580644,-0.0007537223417823,0.0,1.0,1,0.0221049077712776,-0.0065812082951939,-0.0036139224973688,-0.044566000000000626
2018-10-30,0.036199707249974,0.0,0.0651000000000001,-0.1674193548387096,-0.0002513670773378,0.0,-4.0,1,-0.0562062740702285,0.0155453229718774,-0.0186627625569142,-0.044566000000000626
2018-10-31,0.0061729299337489,0.0,0.0157999999999995,-0.1887096774193548,-0.0002514302786327,0.0,-3.0,0,-0.0951817462988885,0.010792878754571,-0.0058132337999976,-0.044566000000000626
2018-11-01,0.0113170341674244,0.0,-0.0203999999999999,-0.21,-0.0002514935117172,0.01,-6.0,0,-0.0932397562381461,0.0105024988685292,0.0003974137835218,-0.044566000000000626
2018-11-05,0.0132461196274924,0.0,0.0075000000000002,-0.1619999999999999,-0.0012417236286434,-0.01,-7.0,0,0.0228030586486798,0.0055846936971941,0.0046574924999608,-0.044566000000000626
2018-11-06,-0.0104226627463788,0.0,0.0443999999999999,-0.15,-0.0003106719751979,-0.0099999999999999,2.0,1,-0.0025081146029905,0.0062397877444086,-0.0143154674339137,-0.044566000000000626
2018-11-07,-0.0108288137992733,0.0,0.0099999999999997,-0.1379999999999999,-0.0003107685222687,0.0,-2.0,0,-0.1963827419300698,0.020987078560774,-0.0008321437354462,-0.044566000000000626
2018-11-08,-0.0241626210407339,0.0,-0.0200999999999997,-0.126,-0.0003108651293661,0.0099999999999999,4.0,0,0.0217661981070866,-0.0025120689884914,-0.0198997339736579,-0.044566000000000626
2018-11-09,0.000245239723057,0.0,0.0114999999999998,-0.1139999999999999,-0.0003109617965471,0.0,3.0,0,0.0375631778014639,-0.0092415859153724,-0.0066747562247148,-0.044566000000000626
2018-11-12,-0.00135540957619,0.0,-0.0028000000000001,-0.0779999999999999,-0.0009334659943824,0.0,0.0,0,0.1638141754056591,-0.0198981509854674,-0.0008552752807702,-0.044566000000000626
2018-11-13,-0.0071697512586421,0.0,0.0314,-0.0659999999999999,-0.0003113490672106,0.0,8.0,1,-0.0212511230439702,-0.0014830188221738,-0.0686160581245424,-0.044566000000000626
2018-11-14,0.0123943138663964,0.0,0.0132000000000003,-0.0539999999999999,-0.0003114460356439,0.0,1.0,0,0.0596250986180332,-0.0075961888184505,0.0098792733939471,-0.044566000000000626
2018-11-16,0.0291387357058194,0.0,-0.0399000000000002,-0.03,-0.0006231832183249,-0.0099999999999999,0.0,1,-0.0966123392690458,0.0022208375374839,0.0020992567991701,-0.044566000000000626
2018-11-19,-0.0069608479865443,0.0,0.0028000000000001,0.006,-0.0009355036030651,0.0,4.0,0,0.1026004230033565,-0.0167831612357214,0.0004492516528028,-0.044566000000000626
2018-11-21,-0.0072158787725467,0.0,0.0318999999999998,0.03,-0.000624155626637,0.0,4.0,1,-0.0776730546348472,0.0030386693107672,0.0150784663897335,-0.044566000000000626
2018-11-22,0.0023805992495677,0.0,0.0230999999999999,0.042,-0.0003122239629735,0.0,0.0,1,-0.0776730546348472,0.0030386693107672,0.0150784663897335,-0.044566000000000626
2018-11-23,-0.0143577567034842,0.0,-0.0021999999999997,0.054,-0.0003123214772244,0.0,3.0,0,0.0340298065376393,-0.0065764197118556,-0.07658304651764,-0.044566000000000626
2018-11-26,-0.0079522124530573,0.0,0.0573999999999998,0.09,-0.0009375501267676,0.0,2.0,1,-0.1298208546831164,0.0154129758453664,0.0281708823730133,-0.044566000000000626
2018-11-27,0.027031477859337,0.0,0.0270000000000001,0.102,-0.0003127121441028,0.0,4.0,1,0.0063291793027216,0.0032563843646126,-0.0044742880316469,-0.044566000000000626
2018-11-28,0.0153552147082578,0.0,-0.0293999999999998,0.114,-0.000312809963578,0.0,-8.0,1,-0.0282610481643835,0.0227140513031137,-0.0243771135298961,-0.044566000000000626
2018-11-29,0.0051296204924202,0.0,-0.0063000000000004,0.126,-0.00031290784427,0.0,0.0,0,0.0160948291292018,-0.0021854945453934,0.0126830147110839,-0.044566000000000626
2018-11-30,-0.0022989285516423,0.0,0.0065000000000003,0.138,-0.0003130057862374,0.0,-2.0,0,-0.0390717744339482,0.0081375477166175,-0.0135342829699415,-0.044566000000000626
2018-12-03,0.0035243506400419,0.0,-0.0348000000000001,0.1609677419354838,-0.002753921010818,0.0999999999999999,-3.0,1,-0.0945356656023147,0.0108820017943624,0.0495117664783531,-0.044566000000000626
2018-12-04,-0.013404966368844,0.0,0.0028000000000001,0.1664516129032258,-0.0012226463478661,-0.01,7.0,0,0.232346769652323,-0.0329002288385561,0.0063020844096587,-0.044566000000000626
2018-12-05,0.0046830056765418,0.0,0.0247999999999999,0.1719354838709677,-0.0012241430420711,0.01,0.0,1,0.232346769652323,-0.0329002288385561,0.0063020844096587,-0.044566000000000626
2018-12-06,-0.0021811730761633,0.0,0.0617,0.1774193548387097,-0.001225643405105,0.0,3.0,1,0.02146520571788,-0.0015233879141442,-0.0330798199495425,-0.044566000000000626
2018-12-07,-0.0082617543747929,0.0,-0.0214000000000003,0.1829032258064516,-0.0012271474504732,0.0,-3.0,0,0.0919151295931136,-0.0235963354563222,0.026453473891725,-0.044566000000000626
2018-12-10,-0.0252843441176242,0.0,0.0146000000000001,0.1993548387096774,-0.0036905036509669,0.0,2.0,0,-0.0257263007006157,0.0017606032229163,-0.0279531017765793,-0.044566000000000626
2018-12-11,0.0058606951050776,0.0,-0.0097,0.2048387096774193,-0.0012332007277535,0.0,-6.0,0,-0.0396447938697819,-0.0003564096753056,0.0038279074525402,-0.044566000000000626
2018-12-12,0.0064245853833746,0.0,-0.0384000000000002,0.2103225806451613,-0.0012347233897287,-0.01,-9.0,1,-0.0138827379656954,0.0054048710103512,-0.0008308971996052,-0.044566000000000626
2018-12-13,0.0098504929445404,0.0,0.0161000000000002,0.2158064516129032,-0.0012362498164861,0.01,-3.0,0,-0.0384753936065817,-0.000199950312415,0.0213823806390742,-0.044566000000000626
2018-12-14,-0.0044270073670897,0.0,0.0299999999999998,0.2212903225806451,-0.0012377800220075,0.0,3.0,1,0.0463659002315253,-0.0192712122686998,-0.0192234949199123,-0.044566000000000626
2018-12-17,-0.0120795256546024,0.0,0.0031000000000003,0.2377419354838709,-0.0037225592979197,0.0,-1.0,0,0.1254079285715452,-0.0209922848285766,-0.0111769980368298,-0.044566000000000626
2018-12-18,0.0024276065329438,0.0,-0.0123999999999999,0.2432258064516129,-0.0012439389137419,0.0,5.0,0,0.0423216634311323,8.639685378910398e-05,-0.0578395822433107,-0.044566000000000626
2018-12-19,-0.010865886666739,0.0,-0.0090000000000003,0.2487096774193548,-0.0012454882252104,0.0,5.0,0,0.0,-0.0155154591759368,0.0172692107839646,-0.044566000000000626
2018-12-20,-0.0047384304449931,0.0,-0.0463999999999997,0.2541935483870968,-0.0012470414007932,-0.01,-2.0,1,0.1038738489924653,-0.0158978094841039,-0.0518083985193998,-0.044566000000000626
2018-12-21,0.0050068539254883,0.0,0.0228000000000001,0.2596774193548387,-0.0012485984549623,0.0,5.0,0,0.0591727206037687,-0.0208031204985406,-0.0097994458637138,-0.044566000000000626
2018-12-26,-0.0065678413026954,0.0,0.0586999999999999,0.2870967741935484,-0.0062664848602036,0.0,0.0,1,-0.1706899897832085,0.048403177670805,0.0762709892672633,-0.044566000000000626
2018-12-27,0.003798452361865,0.0,0.0071999999999996,0.2925806451612903,-0.0012580230500152,0.01,1.0,0,-0.0149083685808896,0.0085262289688169,-0.0433341991131251,-0.044566000000000626
2018-12-28,0.0280034682020495,0.0,-0.0581999999999998,0.2980645161290323,-0.0012596076657001,0.0,-2.0,1,-0.0555888884439732,-0.0012423539102312,0.0007665948112751,-0.044566000000000626
2019-01-02,0.0349394675369527,0.0,-0.0152999999999998,0.3235483870967742,-0.0051592424419606,0.01,3.0,0,-0.0905223220641949,0.0012676930626261,0.0204220255252007,-0.044566000000000626
2019-01-03,0.0060468153748782,0.0,-0.0912000000000001,0.3270967741935484,-0.0001048964563281,0.0,3.0,1,0.0917018262760574,-0.0250683318189151,0.0187629698821193,-0.044566000000000626
2019-01-04,0.0030206396839602,0.0,-0.0055999999999998,0.3306451612903225,-0.0001049074607504,0.0,-14.0,0,-0.1742599066308067,0.0337593990603464,0.0196449214588163,-0.044566000000000626
2019-01-07,-0.0015473469361708,0.0,-0.0565000000000002,0.3412903225806452,-0.0003147884318703,0.0199999999999999,-8.0,1,0.0009350378584183,0.0069859759952297,0.0047207090063038,-0.044566000000000626
2019-01-08,0.0036248685809781,0.0,0.0146000000000001,0.3448387096774193,-0.0001049515015321,-0.0199999999999999,-2.0,0,-0.0444305380729115,0.0096485873364973,0.0239563262356526,-0.044566000000000626
2019-01-09,0.0170329200697398,0.0,-0.0277000000000002,0.3483870967741935,-0.000104962517506,0.0,-4.0,1,-0.0242286158198934,0.0040896713328221,0.0452806613928737,-0.044566000000000626
2019-01-10,0.0020595571230437,0.0,-0.0061999999999997,0.3519354838709677,-0.0001049735357927,0.0,4.0,0,-0.0243172847396113,0.0045082413744622,0.003898667715126,-0.044566000000000626
2019-01-11,-0.0015789701569239,0.0,0.0272000000000001,0.3554838709677419,-0.0001049845563922,0.0,4.0,1,-0.0695424436797137,-0.0001463085444824,-0.019647009900367,-0.044566000000000626
2019-01-14,0.0086748146743502,0.0,0.0118999999999998,0.3661290322580645,-0.0003150198159254,0.0,0.0,0,0.047244381719415,-0.0052713945872494,-0.0249447578340378,-0.044566000000000626
2019-01-15,-0.0044343148032961,0.0,-0.0211000000000001,0.3696774193548387,-0.0001050286619435,0.0,-3.0,0,-0.0249548023811221,0.010664618879761,0.027586764800556,-0.044566000000000626
2019-01-16,0.0035765682942052,0.0,0.0148000000000001,0.3732258064516129,-0.0001050396941213,0.0,0.0,0,0.023380476219357,0.0022195205290883,0.0111513177578874,-0.044566000000000626
2019-01-17,0.0100979018087663,0.0,0.0394000000000001,0.3767741935483871,-0.0001050507286173,0.01,0.0,1,-0.0528425590300951,0.0075627307062357,-0.0022857053159194,-0.044566000000000626
2019-01-18,0.0077932783387684,0.0,-0.0104999999999999,0.3803225806451613,-0.0001050617654314,-0.01,-10.0,0,-0.0145011039812707,0.0130969128398557,0.0245411160960484,-0.044566000000000626
2019-01-21,-0.0009057452976488,0.0,0.0219,0.3909677419354839,-0.0003152515403854,0.0,0.0,0,-0.0145011039812707,0.0130969128398557,0.0245411160960484,-0.044566000000000626
2019-01-22,-0.0094918379144193,0.0,-0.0090000000000003,0.3945161290322581,-0.0001051059358943,0.0,7.0,0,0.1557545355912187,-0.0142584768279724,-0.019324284994496,-0.044566000000000626
2019-01-23,0.0151833492693,0.0,0.0379,0.3980645161290322,-0.0001051169843115,0.0,-5.0,1,-0.0635133455915362,0.0022004899194508,-0.0058708683326356,-0.044566000000000626
2019-01-24,0.0115222527356841,0.0,-0.0179,0.4016129032258064,-0.0001051280350559,0.0,-1.0,0,-0.0328069552333653,0.0013747801109775,-0.0008181173204053,-0.044566000000000626
2019-01-28,-0.0231264287403174,0.0,-0.0139,0.4158064516129032,-0.0004206226941221,0.0,-6.0,0,0.0799544280509036,-0.0078777758487088,-0.0281337809877423,-0.044566000000000626
2019-01-29,0.0020409985994795,0.0,-0.0305999999999997,0.4193548387096774,-0.0001051833236367,0.0,4.0,1,0.0136843357272092,-0.0014573079351148,0.0229288294645416,-0.044566000000000626
2019-01-30,0.0140890538804487,0.0,-0.0219,0.4229032258064516,-0.0001051943883307,-0.02,-4.0,0,-0.0799555530466419,0.01542960989156,0.0053672053341851,-0.044566000000000626
2019-01-31,0.0040948665686126,0.0,-0.0632000000000001,0.4264516129032258,-0.0001052054553536,0.02,-2.0,1,-0.0637083735143992,0.0085606488097677,0.0038853515283686,-0.044566000000000626
2019-02-01,0.0047834973801936,0.0,0.0175,0.43,-0.000105216524707,-0.01,-1.0,0,-0.0262931879953837,0.0008982065848071,-0.0003232136103593,-0.044566000000000626
2019-02-04,0.0074115890304629,0.0,0.0062000000000002,0.4642857142857143,0.0047101022617592,0.0,-3.0,0,-0.0257309370568481,0.0067533811174796,0.0102911248135143,-0.044566000000000626
2019-02-05,-0.00282377028668,0.0,-0.0015,0.4757142857142857,0.0015651169403376,0.0,-2.0,0,-0.0102237217232079,0.0046973704373502,-0.0085147721186133,-0.044566000000000626
2019-02-06,-0.038097969882255,0.0,0.0278,0.4871428571428571,0.0015626711767069,0.0,7.0,1,-0.0122779947272741,-0.0022269157175087,0.0113901784058804,-0.044566000000000626
2019-02-07,-0.002433322896362,0.0,0.0173999999999998,0.4985714285714285,0.001560233045005,0.0,6.0,0,0.0623824711312009,-0.0094011932022302,-0.0170531410745709,-0.044566000000000626
2019-02-08,0.0098762851589704,0.0,-0.0009000000000001,0.51,0.0015578025095575,0.0,4.0,0,-0.0405166386619649,0.0006759725660127,0.0075971820628696,-0.044566000000000626
2019-02-11,-0.0098021400781966,0.0,0.0207000000000001,0.5442857142857143,0.0046588997482306,0.01,1.0,0,0.0157781749599468,0.0007088518038183,-0.0095462284355433,-0.044566000000000626
2019-02-12,0.0184178864674997,0.0,-0.0095,0.5557142857142857,0.00154815562475,0.0,-6.0,0,-0.0343982927944229,0.0128078529028386,0.0146859715756392,-0.044566000000000626
2019-02-13,-0.0033956597390272,0.0,-0.0019,0.5671428571428572,0.0015457625432979,-0.01,-2.0,0,0.0141572064579499,0.0030194315937109,0.0188849927777169,-0.044566000000000626
2019-02-14,0.0224195259194619,0.0,0.0478999999999998,0.5785714285714285,0.0015433768486996,0.0,-2.0,1,0.0357741137429045,-0.0026551633836986,0.0149792016261705,-0.044566000000000626
2019-02-15,-0.0050015190611549,0.0,-0.0600999999999998,0.59,0.0015409985068082,0.0,1.0,1,-0.0842128878112867,0.0108200046649575,0.0256855629542341,-0.044566000000000626
2019-02-18,-0.0104723792021879,0.0,0.0160999999999997,0.6242857142857143,0.0046087984883111,0.0,0.0,0,-0.0842128878112867,0.0108200046649575,0.0256855629542341,-0.044566000000000626
2019-02-19,0.0118351890552439,0.0,-0.0109999999999996,0.6357142857142857,0.0015315579906456,0.0,0.0,0,-0.0020140814468496,0.001497621326592,0.0030142743672961,-0.044566000000000626
2019-02-20,-0.0114725980797878,0.0,-0.0106000000000001,0.6471428571428571,0.0015292159073467,0.0,0.0,0,-0.059533122838663,0.0017755335607409,0.0094362250179615,-0.044566000000000626
2019-02-21,0.004000480843965,0.0,0.0495000000000001,0.6585714285714286,0.001526880976213,-0.01,1.0,1,0.0309013051115172,-0.0035326693258413,-0.0001491186900519,-0.044566000000000626
2019-02-22,0.0097938345077341,0.0,-0.0165000000000001,0.6699999999999999,0.0015245531645398,0.01,-1.0,0,-0.0679560504549537,0.0063906386947104,0.0007452575178838,-0.044566000000000626
2019-02-25,-0.0066213867982778,0.0,-0.0144999999999999,0.7042857142857143,0.0045597633316205,0.0,-1.0,0,0.0945697220231373,0.0012311044497517,-0.0357939412831055,-0.044566000000000626
2019-02-26,0.0037260812036485,0.0,0.0310000000000001,0.7157142857142857,0.0015153124651039,0.0,-1.0,1,0.0213199074528001,-0.0007907696728402,0.0069246555691179,-0.044566000000000626
2019-02-27,-0.0030373016013029,0.0,-0.0243999999999999,0.7271428571428571,0.0015130197669535,0.0,-3.0,1,-0.0314723175801758,-0.000544197436298,0.017933616172208,-0.044566000000000626
2019-02-28,-0.0178654870165697,0.0,0.0034,0.7385714285714285,0.0015107339961186,0.0,-1.0,0,0.005427416643624,-0.0028295075989504,-0.0054372678182606,-0.044566000000000626
2019-03-01,-0.0103056835716817,0.0,0.0446999999999997,0.75,0.0015084551212538,-0.09,1.0,1,-0.08541344609538,0.006871656588713,-0.0146455569024497,-0.044566000000000626
2019-03-06,-0.0040991260706313,0.0,0.0470999999999999,0.7209677419354839,0.0029119443025678,-0.0099999999999999,9.0,1,0.0656403572145939,-0.006545473604125,0.0019718968076693,-0.044566000000000626
2019-03-07,0.0013046454647298,0.0,0.0184000000000001,0.7151612903225806,0.000581372711137,0.0099999999999999,4.0,0,0.052594884952091,-0.0081589111383311,0.0046867601980487,-0.044566000000000626
2019-03-08,0.0108063569722745,0.0,0.0190999999999998,0.7093548387096774,0.0005810349132833,0.0,2.0,0,-0.0330913113590801,-0.0021339641314536,-0.008482407480412,-0.044566000000000626
2019-03-11,0.0275313161002976,0.0,-0.0217,0.6919354838709677,0.0017410818724918,0.0,-8.0,0,-0.1133535655248463,0.0145595355634894,0.0126967239075174,-0.044566000000000626
2019-03-12,-0.0020321162950232,0.0,-0.0331999999999998,0.6861290322580645,0.0005796876382202,0.0,2.0,1,-0.0398628905318968,0.0029489657278051,0.0013507895170703,-0.044566000000000626
2019-03-13,0.0109388480709622,0.0,0.0135999999999998,0.6803225806451613,0.0005793517951371,0.0,4.0,0,-0.0264916600691894,0.0069255467570192,0.0131130604184475,-0.044566000000000626
2019-03-14,-0.003027712442595,0.0,0.0062000000000002,0.6745161290322581,0.0005790163409695,0.0,-4.0,0,0.0066889995294611,-0.0008683993315961,-0.0047484831709467,-0.044566000000000626
2019-03-15,0.0053807616344982,0.0,0.0017,0.6687096774193548,0.0005786812750478,-0.0099999999999999,1.0,0,-0.0470139558830118,0.0049725194084307,-0.0010417396755509,-0.044566000000000626
2019-03-18,0.0086074522914891,0.0,-0.0232999999999998,0.6512903225806451,0.0017340373019241,0.0,-4.0,1,0.0169365297655599,0.003699096798908,0.0056421417752857,-0.044566000000000626
2019-03-19,-0.0040685087837086,0.0,-0.0349000000000003,0.645483870967742,0.0005773448803232,0.0,-2.0,1,0.0345120541305015,-0.0001305700799267,0.0010358816173634,-0.044566000000000626
2019-03-20,-0.0156559168780159,0.0,0.0135,0.6396774193548387,0.0005770117455377,0.0,0.0,0,0.0254836815082639,-0.0029486967407696,0.0130778351380593,-0.044566000000000626
2019-03-21,-0.0134725044396546,0.0,0.0070000000000001,0.6338709677419354,0.0005766789949745,0.0,-1.0,0,-0.0203347408610037,0.0107940154946893,-0.0093869769178197,-0.044566000000000626
2019-03-22,-0.0314416020374856,0.0,0.0847999999999999,0.6280645161290322,0.0005763466279695,0.0,16.0,1,0.1898742425997099,-0.0191568271342732,-0.012306506191789,-0.044566000000000626
2019-03-25,-0.0007790946887347,0.0,-0.0045000000000001,0.6106451612903225,0.0017270495075543,0.0,0.0,0,-0.0091435943940409,-0.00083937283331,0.0026817702014118,-0.044566000000000626
2019-03-26,0.0174107028582852,0.0,-0.0123999999999999,0.6048387096774193,0.0005750209823176,0.0,0.0,0,-0.1065178583354521,0.007157052947934,0.0112444169580039,-0.044566000000000626
2019-03-27,-0.0363695872114178,0.0,0.0743,0.5990322580645161,0.0005746905231998,0.0,7.0,1,0.0315144628009476,-0.0046551432765988,-0.002061847365237,-0.044566000000000626
2019-03-28,0.0266908679308244,0.0,0.0293000000000001,0.5932258064516129,0.0005743604436876,0.0,-4.0,1,-0.0486911128413758,0.0035830547152617,-0.0001474697550473,-0.044566000000000626
2019-03-29,0.0108112578607659,0.0,-0.0714999999999999,0.5874193548387097,0.0005740307431238,0.0,-5.0,1,-0.0511838975778394,0.0067117060433246,0.0083694739877291,-0.044566000000000626
2019-04-01,0.0066747345251343,0.0,-0.0285000000000001,0.57,0.0017201178057497,0.0199999999999999,-5.0,1,-0.0228708178676673,0.0115021955180444,0.009024846402454,-0.044566000000000626
2019-04-02,-0.006968232498961,0.0,-0.0020999999999999,0.5553333333333332,0.0001647461410705,0.0,5.0,0,-0.0029895360782868,1.7455554858152623e-05,0.0052030844025486,-0.044566000000000626
2019-04-03,-0.0094377089560264,0.0,-0.0224999999999999,0.5406666666666666,0.0001647190042479,0.0,-4.0,0,0.028046127725448,0.0021460724200891,-0.0008653762849861,-0.044566000000000626
2019-04-04,0.019098712631969,0.0,0.0277000000000002,0.5259999999999999,0.0001646918763675,-0.01,1.0,1,-0.0117131536236972,0.0020824652429942,0.001297728794038,-0.044566000000000626
2019-04-05,0.0082204566918679,0.0,-0.0091000000000001,0.5113333333333333,0.0001646647574204,0.0,0.0,0,-0.0575916888245785,0.0046257176230991,0.0134536854833777,-0.044566000000000626
2019-04-08,0.0026841236413375,0.0,0.0036,0.4673333333333332,0.0004938316478444,0.0,0.0,0,0.0276941245409602,0.0010469117505236,0.0107467403653054,-0.044566000000000626
2019-04-09,-0.011122643208866,0.0,-0.0095,0.4526666666666666,0.0001645563708798,0.0,1.0,0,0.0801593859831209,-0.0060859764356695,-0.0069155291759322,-0.044566000000000626
2019-04-10,-0.0035267533758798,0.0,-0.0218000000000002,0.4379999999999999,0.0001645292965353,0.01,2.0,0,-0.0710958886432666,0.0034718377544999,0.0157373307656808,-0.044566000000000626
2019-04-11,-0.0125638752306791,0.0,0.0054000000000002,0.4233333333333333,0.0001645022310992,0.0,0.0,0,-0.0212773776297523,3.8122340342693696e-05,-0.0126264513209868,-0.044566000000000626
2019-04-12,-0.0200401099808509,0.0,0.0285999999999999,0.4086666666666666,0.0001644751745661,0.0,-1.0,1,-0.0807470167894257,0.0065875783895457,0.0101138830376286,-0.044566000000000626
2019-04-15,0.0022370652162742,0.0,0.0045000000000001,0.3646666666666666,0.0004932632734657,-0.01,2.0,0,0.0254842781851148,-0.0006295672443571,-0.0051846642851322,-0.044566000000000626
2019-04-16,0.0133395071457833,0.0,0.0182999999999999,0.35,0.0001643670373763,0.0,-6.0,0,-0.0114286459973784,0.0005092283251399,0.0075577813879049,-0.044566000000000626
2019-04-17,-0.0111717521760184,0.0,0.0311999999999996,0.3353333333333333,0.0001643400252948,0.01,1.0,1,0.0339015568955734,-0.0022764008207388,-0.0013952628376744,-0.044566000000000626
2019-04-18,0.0137655676484982,0.0,0.0144999999999999,0.3206666666666666,0.0001643130220863,0.0,4.0,0,-0.0413181669851057,0.0015778468242496,0.004874979561332,-0.044566000000000626
2019-04-22,0.0001057272449518,0.0,-0.0139999999999997,0.262,0.0006569822336732,0.0,-3.0,0,0.0269294054004611,0.0010115058169329,0.0283561175896137,-0.044566000000000626
2019-04-23,0.0140151681761473,0.0,0.0205999999999999,0.2473333333333333,0.0001641781390571,0.0,-3.0,0,-0.0113361816741832,0.0088023511749953,0.006327873165418,-0.044566000000000626
2019-04-24,-0.0091953226354419,0.0,0.0194,0.2326666666666667,0.0001641511890184,0.0,4.0,0,0.0676891382105483,-0.0021941686030362,0.0008049042272076,-0.044566000000000626
2019-04-25,0.0157312596574801,0.0,0.0095,0.2179999999999999,0.0001641242478296,0.0,1.0,0,0.0083365132477036,-0.0003690417402728,-0.0029546250799829,-0.044566000000000626
2019-04-26,-0.0032782152726973,0.0,-0.0372000000000003,0.2033333333333333,0.0001640973154799,0.0,0.0,1,-0.0400361758223568,0.0046743503233048,-0.0300363460146641,-0.044566000000000626
2019-04-29,-0.0004988982766764,0.0,0.0011000000000001,0.1593333333333333,0.0004921304407066,0.0,-4.0,0,0.0294138949778806,0.0010709485042338,-0.0015257733522299,-0.044566000000000626
2019-04-30,0.0017139210909995,0.0,0.0089000000000001,0.1446666666666666,0.0001639896744176,0.0,4.0,0,0.000762503205557,0.0009509646987914,0.0104944641060372,-0.044566000000000626
2019-05-02,-0.0085991326261396,0.0,0.0196999999999998,0.1261290322580645,-0.0008031922713893,-0.0499999999999999,-2.0,0,-0.0260110565099147,-0.0021262446486827,-0.020010466919278,-0.044566000000000626
2019-05-03,0.0050121230980568,0.0,-0.0261999999999997,0.122258064516129,-0.0009680913521261,0.0,-2.0,1,-0.1137171244316782,0.0095921274789174,0.0014124080765898,-0.044566000000000626
2019-05-06,-0.0104598973737459,0.0,0.0236,0.1106451612903225,-0.0029099099958678,0.0,2.0,1,0.1820625047034152,-0.0044810131890725,0.005489483835133,-0.044566000000000626
2019-05-07,-0.0065470830172831,0.0,0.0255999999999998,0.1067741935483871,-0.0009718547290553,0.0,5.0,1,0.2241792955691415,-0.0166494880889055,-0.0192749824734797,-0.044566000000000626
2019-05-08,0.0127168978737195,0.0,-0.0535999999999998,0.1029032258064516,-0.0009728001495563,0.0,-5.0,1,0.0041322334173704,-0.0016067153894199,0.0069876290474481,-0.044566000000000626
2019-05-09,-0.0082876449256836,0.0,0.0328999999999997,0.0990322580645161,-0.0009737474112583,0.01,3.0,1,-0.0155846913810733,-0.0030259986619282,0.0002841239400036,-0.044566000000000626
2019-05-10,-0.0058180905235794,0.0,-0.0094999999999996,0.0951612903225806,-0.0009746965195471,-0.01,-1.0,0,-0.1746026955086896,0.0037133940699186,0.003262230443608,-0.044566000000000626
2019-05-13,-0.0272189290525819,0.0,0.0311999999999996,0.0835483870967742,-0.0029298027554212,0.01,8.0,1,0.2477752443001041,-0.0244264691384975,-0.0055378114225822,-0.044566000000000626
2019-05-14,0.0039713030721379,0.0,-0.0101999999999997,0.0796774193548387,-0.0009785115269682,0.0,-4.0,0,-0.1291613853986931,0.007983987523216,0.014278810465002,-0.044566000000000626
2019-05-15,-0.0051057455172287,0.0,0.0242999999999997,0.0758064516129032,-0.0009794699496801,0.0,4.0,1,-0.0939820963042524,0.005821994327723,0.0074120862334166,-0.044566000000000626
2019-05-16,-0.0176060304171983,0.0,0.0106999999999999,0.0719354838709677,-0.0009804302517277,0.0,1.0,0,-0.0725184046672157,0.008855957116499,0.0117738891389918,-0.044566000000000626
2019-05-17,-0.0003444119200572,0.0,0.0705999999999997,0.0680645161290322,-0.0009813924386392,0.0,2.0,1,0.0428865769657497,-0.0058544371740438,-0.0056618760230661,-0.044566000000000626
2019-05-20,0.0214695586732478,0.0,0.0212000000000003,0.0564516129032258,-0.0029499693695171,0.0,-3.0,0,0.0216927894769155,-0.0067722579754053,-0.003329145303422,-0.044566000000000626
2019-05-21,0.0272396435411153,0.0,-0.0245999999999995,0.0525806451612903,-0.0009852601463826,0.0,-3.0,1,-0.0870670968102289,0.0084599490931906,0.002913620961635,-0.044566000000000626
2019-05-22,-0.0013132395477892,0.0,-0.0582000000000002,0.0487096774193548,-0.0009862318413897,0.0,1.0,1,-0.0134682042926816,-0.0028283923638994,-0.0166240114833223,-0.044566000000000626
2019-05-23,-0.0047909753776913,0.0,0.0285000000000001,0.0448387096774193,-0.0009872054549209,0.0,8.0,1,0.1372532759013467,-0.0119856922412819,-0.0465669100890805,-0.044566000000000626
2019-05-24,-0.0030073927688647,0.0,-0.0191000000000007,0.0409677419354838,-0.0009881809926692,0.0,-1.0,0,-0.0653268342963956,0.0013526437720373,0.0136315818979499,-0.044566000000000626
2019-05-27,0.0131148029173537,0.0,-0.0111999999999996,0.0293548387096774,-0.0029704155323955,0.0,0.0,0,-0.0653268342963956,0.0013526437720373,0.0136315818979499,-0.044566000000000626
2019-05-28,0.0159892979070725,0.0,0.0064999999999999,0.0254838709677419,-0.000992102500323,0.0,2.0,0,0.0990313565386884,-0.0084109500002602,0.0204617821563319,-0.044566000000000626
2019-05-29,0.001803483075891,0.0,-0.0309999999999996,0.0216129032258064,-0.0009930877452379,0.0,2.0,1,0.0225998106060828,-0.0069359101672313,-0.0094584206659494,-0.044566000000000626
2019-05-30,0.0091741871343895,0.0,-0.0245000000000001,0.0177419354838709,-0.00099407494897,0.0,1.0,1,-0.0340942341323652,0.002096272674997,-0.0378565481192118,-0.044566000000000626
2019-05-31,-0.0043910460451552,0.0,-0.0312999999999998,0.0138709677419354,-0.0009950641173617,0.01,4.0,1,0.0783516339502968,-0.0132832052504529,-0.0362403372420452,-0.044566000000000626
2019-06-03,-0.000103066220138,0.0,-0.0403999999999999,0.022,0.0028713795539339,-0.11,2.0,1,0.0079852182140532,-0.0027690706543079,-0.051056634385052,-0.044566000000000626
2019-06-04,0.0037037079374844,0.0,-0.0293000000000001,0.028,0.0019281229336201,0.0,-15.0,1,-0.105596270783718,0.0212059270810777,0.0111969111600618,-0.044566000000000626
2019-06-05,-0.01428307600764,0.0,-0.0099,0.034,0.0019244124287354,0.0,-5.0,0,-0.0532490682961269,0.0081287269788136,-0.0218605789717256,-0.044566000000000626
2019-06-06,0.0124843757256876,0.0,0.0114999999999998,0.04,0.0019207161775138,0.01,-1.0,0,-0.0099938274084343,0.0061168406760044,0.0170077216116452,-0.044566000000000626
2019-06-07,0.0063171274446656,0.0,-0.0154999999999998,0.046,0.0019170340979783,0.0,-1.0,0,0.0229609179273576,0.01044297924726,0.025929793940579,-0.044566000000000626
2019-06-10,-0.0036254187429634,0.0,0.0219,0.064,0.0057291503171263,0.0,-4.0,0,-0.0223334139693071,0.0046492200747654,-0.0159264392889301,-0.044566000000000626
2019-06-11,0.0152018689099264,0.0,-0.0125999999999999,0.0699999999999999,0.0019024458790646,-0.01,-2.0,0,0.0031318654944947,-0.0003499414579512,0.0,-0.044566000000000626
2019-06-12,-0.0064780920075495,0.0,-0.0226999999999999,0.076,0.0018988334501077,0.0,-1.0,0,-0.005015679772797,-0.0020396578272374,-0.0379564564282283,-0.044566000000000626
2019-06-13,0.0045967761502883,0.0,-0.0007999999999999,0.082,0.001895234713956,0.01,1.0,0,-0.0056728897100015,0.0040890105028501,0.0220985266380842,-0.044566000000000626
2019-06-14,-0.0074588535670585,0.0,0.0383999999999997,0.088,0.0018916495929097,0.0099999999999999,2.0,1,-0.0347301767863362,-0.0016128117861529,0.0113526511203747,-0.044566000000000626
2019-06-17,-0.0042624372656128,0.0,0.0081999999999999,0.106,0.0056535730501838,0.0,2.0,0,0.0045707326219868,0.0009313154323528,-0.0174058842716773,-0.044566000000000626
2019-06-18,0.0180792329072563,0.0,-0.0287000000000001,0.112,0.001877443726066,0.0,-5.0,1,-0.0131149921087959,0.0096704895929706,0.0195001431202708,-0.044566000000000626
2019-06-19,0.0090032504882238,0.0,0.0115000000000002,0.118,0.0018739255352944,0.0,-1.0,0,-0.055645270259849,0.0029807167930238,-0.005162962375252,-0.044566000000000626
2019-06-21,0.0169046513536983,0.0,-0.0468000000000001,0.13,0.0037373490685652,-0.0099999999999999,-10.0,1,0.0431244018629929,-0.0012600162797279,0.0115697400920901,-0.044566000000000626
2019-06-24,0.0004802156162355,0.0,-0.0020999999999999,0.148,0.0055799638129272,0.0,3.0,0,-0.0091324437937011,-0.001733388460587,-0.0052283118370405,-0.044566000000000626
2019-06-25,-0.0194807179536891,0.0,0.0068999999999999,0.154,0.0018530902108739,0.0,4.0,0,0.0647023618965153,-0.0095417756403875,0.0029251415830814,-0.044566000000000626
2019-06-26,0.0059368045993455,0.0,0.0138000000000002,0.16,0.001849662618202,-0.01,-3.0,0,-0.0043091234832225,-0.0012346956788039,0.0218952764132196,-0.044566000000000626
2019-06-27,0.0003475446009169,0.0,0.0200999999999997,0.166,0.0018462476819109,0.01,2.0,0,-0.0243533362194101,0.0038158857925908,0.0009020624119706,-0.044566000000000626
2019-06-28,0.0024096277729555,0.0,-0.032,0.172,0.0018428453320211,0.0,-3.0,1,-0.0479055855284733,0.0057409418405996,0.0,-0.044566000000000626
2019-07-01,0.003687469268522,0.0,-0.0128999999999996,0.19,0.0055082467220159,0.0,-5.0,0,-0.0700354412932959,0.0076430186109539,-0.0226437071779884,-0.044566000000000626
2019-07-02,-0.0072792418279536,0.0,0.0370999999999996,0.1874193548387096,-9.438234875069897e-05,0.0,4.0,1,-0.0837836998413194,0.0029238472769886,-0.0417445836911781,-0.044566000000000626
2019-07-03,0.0141923348568244,0.0,-0.0088999999999996,0.1848387096774193,-9.439125761723231e-05,0.0,0.0,0,-0.0282372180618638,0.0076430956606841,0.0225013162397076,-0.044566000000000626
2019-07-04,0.01549046673545,0.0,-0.0535000000000001,0.182258064516129,-9.440016816952834e-05,0.0,0.0,1,-0.0282372180618638,0.0076430956606841,0.0225013162397076,-0.044566000000000626
2019-07-05,0.0043615425983407,0.0,0.0263999999999997,0.1796774193548387,-9.440908040225791e-05,0.0,-5.0,1,0.054946125616646,-0.0018075342045486,0.0064038274656854,-0.044566000000000626
2019-07-08,0.0042278091341909,0.0,-0.0138999999999995,0.1719354838709677,-0.0002832807314359,0.0099999999999999,-1.0,0,0.0499369761261209,-0.0048471730101237,-0.0018700760144165,-0.044566000000000626
2019-07-10,0.0122370755011491,0.0,-0.0368000000000003,0.1667741935483871,-0.0001888984129898,-0.0099999999999999,-8.0,1,-0.0782109660967371,0.0045005469360826,0.0434618732283356,-0.044566000000000626
2019-07-11,-0.0063613265145914,0.0,-0.0163999999999999,0.1641935483870967,-9.446258915879469e-05,0.0,-6.0,0,-0.0077041542574539,0.0022826195789485,-0.0073392900046589,-0.044566000000000626
2019-07-12,-0.0118632162588792,0.0,-0.0080999999999997,0.1616129032258064,-9.447151318298096e-05,0.0,-1.0,0,-0.0426604930351983,0.0046095343020665,0.0030021724867026,-0.044566000000000626
2019-07-15,-0.0009917722240491,0.0,0.0011000000000001,0.1538709677419354,-0.0002834681005552,0.0,0.0,0,0.0231362497258541,0.0001758537283841,-0.0036035753038188,-0.044566000000000626
2019-07-16,-0.0002697781091427,0.0,0.0160999999999997,0.1512903225806451,-9.450722614445796e-05,0.0,-2.0,0,0.0140957190359544,-0.0034095845550103,-0.032564290712629,-0.044566000000000626
2019-07-17,0.0007802303520101,0.0,-0.0005999999999999,0.1487096774193548,-9.451615860633922e-05,0.0,6.0,0,0.0827905002707913,-0.0065526654660931,-0.0107804908729261,-0.044566000000000626
2019-07-18,0.0082561490774093,0.0,-0.0129000000000001,0.1461290322580645,-9.452509275398312e-05,0.0,1.0,0,-0.0320027699366735,0.003575597708819,-0.0275516995793041,-0.044566000000000626
2019-07-19,-0.0121537363527348,0.0,-0.0080999999999997,0.1435483870967742,-9.453402859271876e-05,0.0,-2.0,0,0.0657849789121539,-0.0061958894648446,0.0086817411683846,-0.044566000000000626
2019-07-22,0.0047926572323415,0.0,-0.0007999999999999,0.1358064516129032,-0.0002836557177001,0.0,-4.0,0,-0.0657849789121539,0.0028247016862503,0.012566730298565,-0.044566000000000626
2019-07-23,-0.0023597069503882,0.0,0.0221,0.1332258064516129,-9.456978884436752e-05,0.0,-3.0,0,-0.0704192996960443,0.0068241451392764,0.0089701366097205,-0.044566000000000626
2019-07-24,0.0040033928286238,0.0,-0.0025000000000003,0.1306451612903225,-9.457873313500896e-05,0.0,0.0,0,-0.0437671129249846,0.0046771928134757,-0.0102355277501949,-0.044566000000000626
2019-07-25,-0.0141702286416371,0.0,0.0253000000000001,0.1280645161290322,-9.458767911851852e-05,0.0,-5.0,1,0.0540236223527962,-0.0052762964835995,0.0033183104633617,-0.044566000000000626
2019-07-26,0.0015963093610427,0.0,-0.0108000000000001,0.1254838709677419,-9.459662679311975e-05,0.0,-1.0,0,-0.0465947681887352,0.007360535770783,0.0011036610606482,-0.044566000000000626
2019-07-29,0.0064371871612163,0.0,0.0168000000000003,0.1177419354838709,-0.0002838435833663,0.0,0.0,0,0.0536343086913431,-0.0016174219290574,0.0039317500299585,-0.044566000000000626
2019-07-30,-0.0053290568716874,0.0,-0.0009000000000001,0.1151612903225806,-9.46324344290872e-05,0.0,2.0,0,0.0829762025497312,-0.0025819853720443,0.0157287698533658,-0.044566000000000626
2019-07-31,-0.0109503157734316,0.0,-0.0251000000000001,0.1125806451612903,-9.46413905751342e-05,0.0,3.0,1,0.145298413909357,-0.0109452069521399,0.0069289206361671,-0.044566000000000626
2019-08-01,0.0030793696920241,-0.0018689999999999,0.0647000000000002,0.11,-9.465034841582563e-05,-0.06,9.0,1,0.1030625869944862,-0.009039527568806,-0.0743558472109041,-0.046435000000000524
2019-08-02,0.0053515752721029,0.0,0.0442999999999997,0.1051612903225806,-0.0006532707646194,0.0199999999999999,1.0,1,-0.0146564189671048,-0.0073093885395651,0.0227152408525973,-0.046435000000000524
2019-08-05,-0.0254092142244033,0.0,0.0665,0.0906451612903225,-0.0019623767797494,0.0,13.0,1,0.333872905265896,-0.0302301821696947,-0.0341857118720346,-0.046435000000000524
2019-08-06,0.0204296591239998,0.0,0.0239000000000002,0.0858064516129032,-0.0006549822878003,0.0,-2.0,1,-0.1981435066847174,0.0129330239111666,-0.0146529400076237,-0.046435000000000524
2019-08-07,0.006030875187891,0.0,0.0206999999999997,0.0809677419354838,-0.0006554115707846,0.0,-1.0,0,-0.0342948539727489,0.0007665823338588,-0.0470695398465398,-0.046435000000000524
2019-08-08,0.0128858170461736,0.0,-0.0440999999999998,0.0761290322580645,-0.0006558414168544,0.0,-3.0,1,-0.141996347888958,0.018588462466865,0.020245415004789,-0.046435000000000524
2019-08-09,-0.0011436205964088,0.0,-0.0047000000000001,0.0712903225806451,-0.0006562718271148,0.0,-3.0,0,0.0607985086978508,-0.0066385931336571,0.0198435932791208,-0.046435000000000524
2019-08-12,-0.0202133043275534,0.0,0.0604,0.056774193548387,-0.0019714036015123,0.0,13.0,1,0.1600953391409559,-0.0123938091159153,0.000683192444141,-0.046435000000000524
2019-08-13,0.0134885630009318,0.0,-0.0230000000000001,0.0519354838709677,-0.0006579991323487,0.0,-3.0,1,-0.1854558900894572,0.0150183462673018,0.0455572156049257,-0.046435000000000524
2019-08-14,-0.0298808320350847,0.0,0.0337999999999998,0.0470967741935483,-0.0006584323802982,0.0,8.0,1,0.2322345141484721,-0.0297303524545356,-0.030139716600311,-0.046435000000000524
2019-08-15,-0.0120514214759932,0.0,0.0114,0.042258064516129,-0.0006588661991528,0.0,7.0,0,-0.0425202712028431,0.0024612366981802,-0.0212394359081346,-0.046435000000000524
2019-08-16,0.0075328597252024,0.0,-0.0254999999999996,0.0374193548387096,-0.0006593005900441,0.0,-3.0,1,-0.1369095975470487,0.014323058172245,0.0070163691822194,-0.046435000000000524
2019-08-19,-0.0033822639193594,0.0,0.0341,0.0229032258064516,-0.0019805138528088,-0.01,-5.0,1,-0.0900183175846972,0.0120331755643975,0.0185847937142151,-0.046435000000000524
2019-08-20,-0.0024862739352755,0.0,0.0151000000000003,0.0180645161290322,-0.0006610438966312,0.01,4.0,0,0.036071441479277,-0.0079462153121154,0.0048425760447067,-0.046435000000000524
2019-08-21,0.0197587556078175,0.0,-0.0171000000000001,0.0132258064516129,-0.0006614811647338,0.0,-3.0,0,-0.1021909288247204,0.0082129795573529,0.0044876741518772,-0.046435000000000524
2019-08-22,-0.0118383395653971,0.0,0.0190000000000001,0.0083870967741935,-0.0006619190117085,0.0,-4.0,0,0.0542004631217628,-0.0005062029592785,-0.0063217824301031,-0.046435000000000524
2019-08-23,-0.0237164466261194,0.0,0.0406999999999992,0.0035483870967741,-0.0006623574387045,-0.01,6.0,1,0.1750006835734192,-0.0262888811228378,-0.0097266912165481,-0.046435000000000524
2019-08-26,-0.0127463767901225,0.0,0.0516000000000005,-0.0109677419354838,-0.0019897086956444,0.01,-1.0,1,-0.0280702858114059,0.0109231127307978,-0.0108438776027771,-0.046435000000000524
2019-08-27,0.0087349424291254,0.0,0.0190000000000001,-0.0158064516129032,-0.0006641169700305,0.0,5.0,0,0.0499725363084653,-0.0032083218005562,0.0137045976206589,-0.046435000000000524
2019-08-28,0.0093928147459987,0.0,0.0001999999999995,-0.0206451612903225,-0.0006645583145026,0.0,2.0,0,-0.0484209101070009,0.0065241515305625,0.0163337524146872,-0.046435000000000524
2019-08-29,0.023451391262256,0.0,0.0121000000000002,-0.0254838709677419,-0.0006650002459593,0.0,-5.0,0,-0.0790097163816123,0.0126074824410943,0.0097064204617441,-0.046435000000000524
2019-08-30,0.0060597530453847,0.0,-0.0295000000000005,-0.0303225806451612,-0.0006654427655803,0.0,1.0,1,0.059703046255193,0.0006425807598767,-0.0106988349048677,-0.046435000000000524
2019-09-02,-0.0050455844275134,0.0,0.0196000000000005,-0.0353333333333333,0.0003425619193482,0.07,0.0,0,0.059703046255193,0.0006425807598767,-0.0106988349048677,-0.046435000000000524
2019-09-03,-0.0094355864859938,0.0,0.0076,-0.0306666666666666,0.0016719771776951,0.0,1.0,0,0.0352003378941141,-0.0069230093326854,-0.0365699527021846,-0.046435000000000524
2019-09-04,0.0151335511359178,0.0,-0.0407999999999999,-0.026,0.0016691863355866,0.0,-2.0,1,-0.1261470076325888,0.0107837252784214,0.0410279879131179,-0.046435000000000524
2019-09-05,0.010243694694271,0.0,-0.0390000000000005,-0.0213333333333333,0.0016664047948289,0.0,-9.0,1,-0.0631161499587044,0.0129259129217597,0.0041101578102732,-0.046435000000000524
2019-09-06,0.0067453881395316,0.0,-0.0208999999999992,-0.0166666666666666,0.0016636325089987,0.0,2.0,0,-0.0812727482641798,0.0009101908043767,0.0096335163260982,-0.046435000000000524
2019-09-09,0.0023870065090036,0.0,0.0115999999999996,-0.0026666666666666,0.0049743556714165,0.0,-6.0,0,0.017839948106305,-9.401467889992668e-05,0.0169181386036627,-0.046435000000000524
2019-09-10,-0.0014451079799062,0.0,0.0342000000000002,0.002,0.0016526349972512,0.0,-5.0,1,-0.0045947339046308,0.000322252425931,-0.0033607950721293,-0.046435000000000524
2019-09-11,0.0040101178314007,0.0,-0.0476999999999998,0.0066666666666666,0.0016499083004308,-0.01,-1.0,1,-0.0395892130404382,0.0072036723263872,-0.0254904565870493,-0.046435000000000524
2019-09-12,0.0089021216615972,0.0,-0.0137,0.0113333333333333,0.0016471905863966,0.0,-6.0,0,-0.0270567591099541,0.0028750162782333,-0.0070963297467497,-0.046435000000000524
2019-09-13,-0.008370584588869,0.0,0.0121999999999999,0.016,0.0016444818108247,0.0,-3.0,0,-0.0343381730173554,-0.000724676876966,-0.0026533986442635,-0.046435000000000524
2019-09-16,0.0017279581094662,0.0,0.0255999999999998,0.03,0.0049172815050795,0.0,5.0,1,0.0654933272194318,-0.0031405129163559,0.1363917257084287,-0.046435000000000524
2019-09-17,0.0089968297218536,0.0,0.0125999999999999,0.0346666666666666,0.0016337352170285,0.0,3.0,0,-0.0158024929502167,0.0025784253724619,-0.0669561044626665,-0.046435000000000524
2019-09-18,-0.0008128177010622,0.0,-0.0026000000000001,0.0393333333333333,0.0016310704791511,0.0,-2.0,0,-0.034522609810727,0.0003426332842671,-0.0148267182158063,-0.046435000000000524
2019-09-19,-0.0018480311285724,-0.0018789999999999,0.0421000000000004,0.044,0.0016284144198763,0.0,2.0,1,0.0071429147605653,1.9974521929475905e-05,0.01250021044981,-0.048314000000000426
2019-09-20,0.0045707589759906,0.0,0.0293999999999998,0.0486666666666666,0.001625766996872,0.0,5.0,1,0.0865367350371651,-0.0049075991048803,-0.0018651349251711,-0.048314000000000426
2019-09-23,-0.0017091980957903,0.0,0.0046999999999997,0.0626666666666666,0.0048615021861255,0.0,2.0,0,-0.0271270258496374,-9.694061782751376e-05,0.0075939594873906,-0.048314000000000426
2019-09-24,-0.0073088942916346,0.0,-0.0012999999999996,0.0673333333333333,0.0016152628305672,0.0,9.0,0,0.1341180404396254,-0.0084519889635514,-0.0261217360010477,-0.048314000000000426
2019-09-25,0.0058073566073701,0.0,0.0105999999999992,0.072,0.0016126579635358,0.0,-3.0,0,-0.0660645645705189,0.0061396852419639,-0.0113157490253989,-0.048314000000000426
2019-09-26,0.0079886030181448,0.0,-0.0358,0.0766666666666666,0.0016100614844987,0.0,3.0,1,0.0068685663471937,-0.0024318710096131,0.0055942331754178,-0.048314000000000426
2019-09-27,-0.0022909081916822,0.0,0.0118,0.0813333333333333,0.0016074733530082,0.0,3.0,0,0.069117298365682,-0.0053305345791285,-0.013317514448802,-0.048314000000000426
2019-09-30,-0.003174106552473,0.0,0.0057,0.0953333333333333,0.0048069741442091,0.0,1.0,0,-0.058594138484877,0.0050349102152483,-0.0184209476617818,-0.048314000000000426
2019-10-01,-0.0066284402499405,0.0,0.0096000000000007,0.1,0.0015972035025324,0.07,5.0,0,0.1335313779435753,-0.0123341269454128,-0.0315894808124717,-0.048314000000000426
2019-10-02,-0.0294729842754275,0.0,-0.0194,0.1132258064516129,-0.0005770613426339,0.0,7.0,0,0.1023387160280009,-0.0180654041876438,-0.0205874621280797,-0.048314000000000426
2019-10-03,0.0047890210859176,0.0,-0.0533999999999998,0.1264516129032258,-0.0005773945347087,0.0,5.0,1,-0.0726124630951845,0.0079403047738667,0.0003466283944646,-0.048314000000000426
2019-10-04,0.0101438142849978,0.0,-0.0402000000000004,0.1396774193548387,-0.0005777281117715,0.0,0.0,1,-0.1151713763869156,0.0141167852392592,0.0113715880580554,-0.048314000000000426
2019-10-07,-0.0194764038309962,0.0,0.0078000000000004,0.1793548387096774,-0.0017351896576105,0.0,-5.0,0,0.0470000344932733,-0.0044883522736815,-0.0003427083345427,-0.048314000000000426
2019-10-08,-0.0059036640448546,0.0,0.0179999999999997,0.1925806451612903,-0.0005790662832918,0.0,3.0,0,0.1270716029586695,-0.0156831595521099,-0.0018868998738537,-0.048314000000000426
2019-10-09,0.0126026614588603,0.0,0.0085999999999994,0.2058064516129032,-0.0005794017953437,0.0,-7.0,0,-0.0843254360679795,0.0090632965148459,0.0013726497593633,-0.048314000000000426
2019-10-10,0.0055942548858833,0.0,0.0190999999999998,0.2190322580645161,-0.000579737696416,-0.01,-8.0,0,-0.0591168916833959,0.0063952024117826,0.0132858161258364,-0.048314000000000426
2019-10-11,0.0195971241049086,0.0,-0.0084999999999997,0.232258064516129,-0.0005800739871837,-0.02,-7.0,0,-0.1202048492841796,0.010879579673789,0.0235777143021036,-0.048314000000000426
2019-10-14,0.0045163288928407,0.0,0.0202999999999997,0.2719354838709678,-0.0017422436132843,0.02,0.0,0,-0.0670234362840628,-0.0013880816732189,-0.0193565175497234,-0.048314000000000426
2019-10-15,0.001800835767721,0.0,0.0224999999999999,0.2851612903225806,-0.0005814230607921,0.0,-3.0,0,-0.0733163345948488,0.0099064453764891,-0.0103311410008534,-0.048314000000000426
2019-10-16,0.0088894555743106,0.0,0.0226000000000006,0.2983870967741936,-0.0005817613102454,0.0,2.0,0,0.0102866698358002,-0.0020015445531937,0.0115098848740153,-0.048314000000000426
2019-10-17,-0.0038681091192227,0.0,-0.0257000000000005,0.3116129032258065,-0.0005820999534851,0.0,-1.0,1,0.0080087545363571,0.0027590219697752,0.0082125943298814,-0.048314000000000426
2019-10-18,-0.0027366581240944,0.0,-0.0080999999999997,0.3248387096774193,-0.0005824389912039,-0.01,0.0,0,0.0328132176757269,-0.0039270457097998,-0.0082125943298813,-0.048314000000000426
2019-10-21,0.0122705583699325,0.0,-0.0057,0.364516129032258,-0.0017493551550664,0.0,-3.0,0,-0.0176995770994009,0.0068481141053337,-0.0077716068658592,-0.048314000000000426
2019-10-22,0.0127366379252915,0.0,-0.0461,0.377741935483871,-0.0005837991006796,-0.01,2.0,1,0.0323288897534632,-0.0035750492583768,0.0124728008249705,-0.048314000000000426
2019-10-23,0.0015168084797156,0.0,-0.0137,0.3909677419354839,-0.0005841401211679,0.01,0.0,0,-0.031614842682773,0.0028431033458307,0.0243248101424936,-0.048314000000000426
2019-10-24,-0.005202081371987,0.0,-0.0632000000000001,0.4041935483870968,-0.0005844815402955,0.0,-2.0,1,-0.0216458803293061,0.0019186046591713,0.0081407159916219,-0.048314000000000426
2019-10-25,0.003526945573494,0.0,0.0044000000000004,0.4174193548387097,-0.0005848233587624,-0.01,-4.0,0,-0.0804683113388233,0.004064429510656,0.0056593617409798,-0.048314000000000426
2019-10-28,0.0076362809662811,0.0,-0.0340000000000002,0.4570967741935484,-0.0017565249910127,0.0,-4.0,1,0.0357180865699359,0.0055658199161177,-0.0072821870866544,-0.048314000000000426
2019-10-29,-0.0058495691565152,0.0,0.0153000000000003,0.4703225806451613,-0.0005861946400749,0.0,1.0,0,0.006841543554959,-0.0008327519564807,0.0003247882098775,-0.048314000000000426
2019-10-30,0.0078902448571867,0.0,0.024,0.4835483870967743,-0.0005865384657894,0.0,9.0,1,-0.0681815041541291,0.0032480894008573,-0.0160396161430904,-0.048314000000000426
2019-10-31,-0.0110190886210208,-0.001887,-0.0144999999999999,0.4967741935483871,-0.0005868826950745,0.0,3.0,0,0.0696955436338059,-0.003027438634539,-0.0062893465779703,-0.050201000000000426
2019-11-01,0.0090615987529254,0.0,-0.0255,0.51,-0.0005872273286406,-0.0299999999999999,-9.0,1,-0.0721315767371197,0.0096159305596475,0.0239512615050167,-0.050201000000000426
2019-11-04,0.0037362184082549,0.0,0.0135999999999998,0.574,0.0001554483105863,-0.02,-2.0,0,0.0421868947957465,0.0036972458053124,0.0071071603068343,-0.050201000000000426
2019-11-05,-0.0013821574911041,0.0,0.0120999999999997,0.5953333333333333,5.181073417581672e-05,0.0,2.0,0,0.0208260866459141,-0.0011864027118206,0.0132706083005145,-0.050201000000000426
2019-11-06,-0.0010609493261775,0.0,0.0308000000000001,0.6166666666666667,5.180804996385291e-05,0.02,4.0,1,-0.0373294112820834,0.0007022505922896,-0.0195675433076709,-0.050201000000000426
2019-11-07,0.0114264930782148,0.0,0.0575999999999998,0.638,5.180536602722441e-05,0.0,-5.0,1,0.0086785285650258,0.0027263752442806,0.0088688677038121,-0.050201000000000426
2019-11-08,-0.0179738736783043,0.0,0.0438,0.6593333333333333,5.180268237126029e-05,0.0,-1.0,1,-0.0532383667842607,0.0025574031451158,0.0035256031286718,-0.050201000000000426
2019-11-11,0.0054298608232929,0.0,0.0194,0.7233333333333333,0.0001553919479508,0.0,0.0,0,0.0500912388339602,-0.0019643954133371,-0.0052931075539991,-0.050201000000000426
2019-11-12,-0.0133025217425473,0.0,0.0197000000000002,0.7446666666666666,5.1791950522073193e-05,0.0,3.0,0,-0.0007882755830037,0.001563423301263,-0.0019317283898745,-0.050201000000000426
2019-11-13,-0.0081900231654028,0.0,0.0011000000000001,0.766,5.178926825699648e-05,0.0,3.0,0,0.0249233843849666,0.0007112815701162,0.004982692263892,-0.050201000000000426
2019-11-14,0.006052609184076,0.0,0.0063999999999992,0.7873333333333332,5.178658626547872e-05,0.01,3.0,0,0.0038387909228639,0.0008366926144567,-0.0014440460470118,-0.050201000000000426
2019-11-18,-0.0019727207389586,0.0,-0.0003999999999999,0.8726666666666666,0.0002071195307262,-0.01,2.0,0,0.0334588406555785,0.0005030263228096,-0.0136792434439136,-0.050201000000000426
2019-11-19,-0.006878521211771,0.0,0.0257000000000005,0.8939999999999999,5.177318048410484e-05,0.01,6.0,1,0.031598175691663,-0.0005927700996925,-0.0248087113102045,-0.050201000000000426
2019-11-21,0.0176341289096768,0.0,-0.0072,0.9366666666666664,0.0001035383202783,0.0,-1.0,0,0.0270182689755768,-0.0015840060861895,0.0248489427159079,-0.050201000000000426
2019-11-22,0.0110552541610839,0.0,-0.0179999999999997,0.958,5.176514034666013e-05,0.0,-4.0,0,-0.0620536661881435,0.0021725739423759,-0.0091081318769172,-0.050201000000000426
2019-11-25,-0.0024687276489352,0.0,0.0256999999999996,1.0219999999999998,0.0001552793452042,-0.01,1.0,1,-0.0388318318621616,0.0074792518874672,0.0040932383088152,-0.050201000000000426
2019-11-26,-0.0126693823488004,0.0,0.0469999999999997,1.0433333333333332,5.175442404592445e-05,0.0,4.0,1,-0.0281949412060639,0.0021931636449402,0.0096935581750833,-0.050201000000000426
2019-11-27,0.0060437774473172,0.0,0.0043000000000006,1.0646666666666669,5.175174566574015e-05,0.0,-2.0,0,0.0180339828158446,0.0041657356252997,-0.0032728010816907,-0.050201000000000426
2019-11-28,0.0053889518280563,0.0,-0.0121999999999999,1.086,5.174906756089115e-05,0.01,0.0,0,0.0180339828158446,0.0041657356252997,-0.0032728010816907,-0.050201000000000426
2019-11-29,-0.0005265029702776,0.0,-0.024,1.1073333333333333,5.174638973315382e-05,0.0,-5.0,1,0.0714296074546805,-0.004019286229989,-0.0257741721078278,-0.050201000000000426
2019-12-02,0.0076210480504919,0.0,0.0020999999999995,1.1196774193548389,-0.0010895212556771,0.12,1.0,0,0.1667492704978689,-0.0086684836939636,-0.024484435991688,-0.050201000000000426
2019-12-03,-0.0009632277126847,0.0,-0.0252999999999996,1.0893548387096774,-0.001194430966251,0.0,10.0,1,0.0680534758691065,-0.0066602252580451,-0.0016428207387213,-0.050201000000000426
2019-12-04,0.0122688613936787,0.0,-0.0082000000000004,1.059032258064516,-0.0011958593378462,0.0,-10.0,0,-0.0754584007542638,0.0063036576087699,0.035216049160002,-0.050201000000000426
2019-12-05,0.0029059919148117,0.0,0.0209999999999999,1.0287096774193547,-0.0011972911297934,0.0,-2.0,0,-0.0191001527344868,0.0014991269266302,0.0061713842760274,-0.050201000000000426
2019-12-06,0.0045457083524116,0.0,-0.0352999999999994,0.9983870967741936,-0.0011987263543975,0.0,-7.0,1,-0.0639877486041237,0.009094246030426,0.0156522214035515,-0.050201000000000426
2019-12-09,-0.001341720033972,0.0,-0.0280000000000004,0.9074193548387096,-0.0036048249230979,0.0,0.0,1,0.1522609022406682,-0.0031678336844743,-0.0021766082957822,-0.050201000000000426
2019-12-10,-0.0027521007765187,0.0,-0.0076,0.8770967741935483,-0.0012045018274289,-0.01,-3.0,0,-0.0114141601746148,-0.0010975361689841,0.0013997411174678,-0.050201000000000426
2019-12-11,0.0026349525252733,0.0,-0.0273999999999992,0.846774193548387,-0.001205954401886,0.0,2.0,1,-0.0450027375394649,0.0029039375293507,-0.0096829606936499,-0.050201000000000426
2019-12-12,0.0110771687050927,-0.0018959999999999,-0.0060999999999999,0.8164516129032258,-0.0012074104840529,0.0,-15.0,0,-0.0726209216147887,0.008538667375555,0.0075046589615989,-0.052097000000000324
2019-12-13,0.0032478394843415,0.0,-0.0143000000000004,0.7861290322580645,-0.0012088700866446,0.01,3.0,0,-0.0986874298073106,7.25791502146863e-05,0.0157630259171262,-0.052097000000000324
2019-12-16,-0.0059609640959337,0.0,-0.0148000000000001,0.6951612903225806,-0.0036354032719039,0.0,-6.0,0,-0.0395691315117938,0.0071223609425427,0.0018381610480748,-0.052097000000000324
2019-12-17,0.0064139330486607,0.0,-0.0114,0.6648387096774193,-0.0012147439578988,0.0,-1.0,0,0.0122801065623955,0.0003352360284609,0.0115643736472922,-0.052097000000000324
2019-12-18,0.0149739942605258,0.0,-0.0138999999999995,0.6345161290322581,-0.0012162213556248,0.0,-3.0,0,0.0233223247335528,-0.0004323936405227,0.0010584365787517,-0.052097000000000324
2019-12-19,0.007112814695068,0.0,0.0084999999999997,0.6041935483870967,-0.0012177023514112,0.0,5.0,0,-0.0063796008993374,0.0044493788218642,0.0055761239973916,-0.052097000000000324
2019-12-20,-8.68613519653394e-05,0.0,0.0144000000000001,0.5738709677419355,-0.001219186958421,0.0,1.0,0,0.0007996984664742,0.004932595804334,-0.0060295860239122,-0.052097000000000324
2019-12-23,0.0064247095234826,0.0,-0.0019999999999997,0.4829032258064516,-0.0036665048282991,0.0,-2.0,0,0.0079617799758686,0.0008657687142985,0.003772735212171,-0.052097000000000324
2019-12-26,0.0114990154321574,0.0,-0.0156,0.3919354838709677,-0.0036799975723376,0.01,2.0,0,-0.00157981533685,0.0051150624100539,0.0106573129280601,-0.052097000000000324
2019-12-27,-0.0057243981642276,0.0,-0.0056000000000002,0.3616129032258064,-0.0012296814407619,0.0,1.0,0,0.0598338482407653,3.3984139657930306e-05,0.003527421205089,-0.052097000000000324
2019-12-30,-0.0049032778088484,0.0,-0.0237999999999996,0.2706451612903225,-0.0036981431366029,-0.01,0.0,1,0.098486566017198,-0.0057975960793499,0.0040995484470155,-0.052097000000000324
