Date,vix_ret_log,sp500_ret_log,petroleo_ret_log
2007-07-31,0.11953838119162932,-0.012727292908787834,0.017148207104760473
2007-08-01,0.006357284255959314,0.0072165668337128945,-0.022310696551668428
2007-08-02,-0.10926432592170214,0.00434981680259466,0.005426572253207528
2007-08-03,0.17031132494011383,-0.02694578841666203,-0.01342126480436644
2007-08-06,-0.09237329078568536,0.02386408016486739,-0.04907785668751707
2007-08-07,-0.06204241371181822,0.006140474654544519,0.008813162974489622
2007-08-08,-0.005115040327736394,0.013973752789070894,-0.011345526598465603
2007-08-09,0.21066503283936144,-0.030098066707580952,-0.011048253969987851
2007-08-10,0.06647206390854077,0.00037846572498061995,0.0025604609597272214
2007-08-13,-0.06307902940420576,-0.0004954108659971804,-0.002275580978974135
2007-08-14,0.04092739348861087,-0.018323395498988107,0.003978956057724948
2007-08-15,0.10257483883913043,-0.014005458249531031,0.015898994645014628
2007-08-16,0.005203258809657464,0.0032435209838830546,-0.026449498835947376
2007-08-17,-0.027624254294414,0.024269566522519798,0.009557248450517973
2007-08-20,-0.1301550145183664,-0.00026968281529931475,-0.008411254429488436
2007-08-21,-0.041882814889244016,0.0010854652755820737,-0.01674640008971758
2007-08-22,-0.09812604842144441,0.011644820880578098,0.00014549103861944134
2007-08-23,-0.011865599510562598,-0.001072891793787412,0.016744093308675826
2007-08-24,-0.08773512353734204,0.011469018050261516,0.01082018127718256
2007-08-27,0.09214617937885698,-0.008539951913098606,0.004661931200605477
2007-08-28,0.14632334654373708,-0.023752942896165807,-0.005653639037767184
2007-08-29,-0.0994632721058139,0.02168505098090459,0.022148286881871697
2007-08-30,0.05116729008796435,-0.004189774778312817,-0.0031937224881215106
2007-08-31,-0.06939200800819731,0.01115430329085347,0.01092757113385389
2007-09-04,-0.02599793198705937,0.01041380907704796,0.01677954547957442
2007-09-05,0.07605011287247793,-0.01156777363141079,0.005665713044810516
2007-09-06,-0.024296033723100702,0.004242872517797467,0.005767574507547583
2007-09-07,0.08926670911598462,-0.017053037079487448,0.0040043174046696895
2007-09-10,0.04290901278210365,-0.0012736238921536895,0.005446757455131721
2007-09-11,-0.08019484969396437,0.013540236395020916,0.01185308086310311
2007-09-12,-0.0123434326935637,4.761615210455319e-05,0.016876982073767526
2007-09-13,-0.008045049761033535,0.00838431615381002,-0.007235141995013874
2007-09-14,0.006441239920395975,0.00020217561760197238,-0.011738774455446577
2007-09-17,0.06071901680085249,-0.0051335689917121445,0.00992178000222942
2007-09-18,-0.26330878314761463,0.028789581640806357,0.007892814244177317
2007-09-19,-0.015849746675464512,0.006067959764234633,0.01127789598804165
2007-09-20,0.020751735837782278,-0.006745938475255174,0.007869996532575047
2007-09-21,-0.07354394062992235,0.004598464335745744,0.0026517688962462956
2007-09-24,0.019286541578916284,-0.005270307770366357,-0.00493015818287859
2007-09-25,-0.04056391951707634,-0.0003426885186387916,-0.016482847615889914
2007-09-26,-0.05355965242107779,0.005396714632315107,-0.002450854985794014
2007-09-27,-0.03638860475098656,0.0038994820691835783,0.0330272427859414
2007-09-28,0.05715841383994862,-0.003027999733853695,-0.010804133070681452
2007-10-01,-0.00892862219116849,0.013202159881824788,-0.01951466561569759
2007-10-02,0.035786897315354844,-0.0002650794533767373,-0.003354436661867946
2007-10-03,0.016626796233665718,-0.004562248537264931,0.0
2007-10-04,-0.01933458216365976,0.0021087267359828203,0.02033973518965934
2007-10-05,-0.08661709320339823,0.009514881229474793,-0.0008868017760663132
2007-10-08,0.03200734408879464,-0.00322169799390635,-0.02984527723173224
2007-10-09,-0.07985170883564738,0.008063646659190855,0.011812898248537894
2007-10-10,0.03354991219931795,-0.0017137979492955384,0.014222811813905776
2007-10-11,0.12449241492700806,-0.005171809293999426,0.019528218071409132
2007-10-12,-0.06284502199890996,0.004742959110705808,0.004978249416133451
2007-10-15,0.08225296646627113,-0.008416732385427676,0.02694586674768672
2007-10-16,0.03922073601859925,-0.006594866980535926,0.009621277310355524
2007-10-17,-0.07680118723349032,0.001759846754610529,-0.005039677064132675
2007-10-18,-0.0021598774346231523,-0.0007529463052930716,0.01752863407238848
2007-10-19,0.21598279949220134,-0.02594931140710293,-0.009620569024137523
2007-10-22,-0.05921010580298588,0.0037911765191724826,-0.006225379617760706
2007-10-23,-0.058518456427875114,0.008764339431983929,-0.0050565744786813735
2007-10-24,0.018927980681870578,-0.002444407502362128,0.01818019527634323
2007-10-25,0.017632138723154382,-0.0009767946012353228,0.03619831345074566
2007-10-26,-0.07909845144753282,0.01369345687603249,0.013736936733480684
2007-10-29,0.015724461496818033,0.0037057710835717533,0.018211745546804763
2007-10-30,0.05863911453226722,-0.006484372289334848,-0.032406044673364
2007-10-31,-0.12845913597904662,0.011920661356754998,0.03583238197203559
2007-11-01,0.2251921034878112,-0.026778888689808898,-0.010091530503545462
2007-11-02,-0.008654266846627864,0.0008018866808870676,0.025964061041399294
2007-11-05,0.054958852365058854,-0.004967093437071673,-0.017418460543427088
2007-11-06,-0.1279642717995136,0.011977204894451742,0.030151990530679455
2007-11-07,0.21384380008378837,-0.029809726361574727,-0.00021452302989436467
2007-11-08,-0.012535773887539911,-0.000576178474867469,-0.004837906024713953
2007-11-09,0.0856725665184774,-0.014390061812011598,0.004194224432024354
2007-11-12,0.0869821417039987,-0.010038452592368512,-0.012961911055652078
2007-11-13,-0.25467437265337506,0.02867778438776126,-0.03484674721348898
2007-11-14,0.07357434315125785,-0.007094477743350598,0.028083301193800037
2007-11-15,0.07855885616512637,-0.013300488548972065,-0.012445749377837365
2007-11-16,-0.0960588462328682,0.005216680351984779,0.015287615225976865
2007-11-19,0.020194878851578744,-0.017614482080618145,0.007177801640730364
2007-11-20,-0.04441685412059093,0.004476163998967163,0.03419408751356238
2007-11-21,0.07582908364884168,-0.01605507806431886,-0.006830285007212004
2007-11-23,-0.0469103937445919,0.016749426122977584,0.009653860974237663
2007-11-26,0.12120462670624128,-0.023512966551297514,-0.004605434528939584
2007-11-27,-0.09537933100575025,0.014819795556490158,-0.029814847949040258
2007-11-28,-0.0861815022361068,0.028159623399831912,-0.029728500581175613
2007-11-29,-0.0058236977081105685,0.0004763614252619821,0.004554845011810667
2007-11-30,-0.04697697506974666,0.00774018490674295,-0.021964117465308002
2007-12-03,0.03184433221831279,-0.005904735888843634,0.017297981246857608
2007-12-04,0.007594985849749132,-0.006561737772241493,-0.003011258280599637
2007-12-05,-0.054417577877475844,0.015075915045568595,-0.011684223873160371
2007-12-06,-0.07223196914799401,0.014924972509290384,0.01891814923867868
2007-12-07,-0.0052618492323803735,-0.0017795035510103797,-0.017224460263773514
2007-12-10,-0.005289774775107627,0.007481894107170777,-0.006791949055984698
2007-12-11,0.12875870812230022,-0.025595871370425172,0.021907262250071363
2007-12-12,-0.048641844248998284,0.006031879025493236,0.04380896058419591
2007-12-13,0.003997347318176327,0.0012235755203020807,-0.020415385123774023
2007-12-14,0.03098659402894699,-0.013841622651711093,-0.00467875607919295
2007-12-17,0.05232413275096378,-0.015134854466995853,-0.00437208608278455
2007-12-18,-0.07977090336101142,0.006260159463819628,-0.012899116564784149
2007-12-19,-0.04332803572817148,-0.0013617568126454338,0.014978259809414094
2007-12-20,-0.05207046394910434,0.004888236191244567,-0.0065804810996321385
2007-12-21,-0.10817196966382601,0.01653242266561838,0.017236183907437273
2007-12-24,0.007013844193391791,0.008044560385114575,0.002592330992808217
2007-12-26,0.0032205860136454933,0.0008083090331470757,0.013287866936831766
2007-12-27,0.08226632287583907,-0.014385263354659774,0.00890209707226534
2007-12-28,0.023415681647847703,0.0015026405620078627,-0.00954106193359373
2007-12-31,0.08145111744476151,-0.00687516831107418,-0.0003195949526974563
2008-01-02,0.029343032526700372,-0.014543083003997034,0.041635707175525
2008-01-03,-0.029787585942899743,0.0,-0.0024559761643021915
2008-01-04,0.06247996664382297,-0.02485797022395527,-0.008333785165140042
2008-01-07,-0.006285359639427327,0.003218075231744636,-0.025108563749322008
2008-01-08,0.06666422863607817,-0.018522757462586335,0.012109888673896377
2008-01-09,-0.052888184781576836,0.013532109841889144,-0.012321762406836656
2008-01-10,-0.028170879226052582,0.007916711897125965,-0.023046215122220895
2008-01-11,0.009760295476276335,-0.013688651328566238,-0.012548601786693436
2008-01-14,-0.033493929001168425,0.010811976648879808,0.020110449967772042
2008-01-15,0.01903173949389577,-0.025240900594804327,-0.02109914915715018
2008-01-16,0.043594456234074916,-0.005627885721787485,-0.016401113758537145
2008-01-17,0.15473647086269213,-0.02952417654491263,-0.008415196925284472
2008-01-18,-0.04601814054183872,-0.006063769329588801,0.005393915177666036
2008-01-22,0.1318283205423103,-0.011147057387661741,-0.008779957430029637
2008-01-23,-0.06632447726314447,0.02121552966457579,-0.020906618608276556
2008-01-24,-0.04366890118665891,0.010012438257546078,0.02789180652264646
2008-01-25,0.04573428799827207,-0.01599923900826646,0.020337443952247986
2008-01-28,-0.045734287998272144,0.017396130410481235,0.005266588108636731
2008-01-29,-0.016697338511285627,0.006140880526633927,0.006761970970623982
2008-01-30,0.010921154833961952,-0.004775378708849709,0.005744326019386521
2008-01-31,-0.052780738479257426,0.016633152629790867,-0.0034643284460979
2008-02-01,-0.08687260417743486,0.012163219167380696,-0.030500537918958927
2008-02-04,0.0788250041374219,-0.01051799001944954,0.010676247573951962
2008-02-05,0.08302756467329618,-0.03251847341534413,-0.017632437849256232
2008-02-06,0.025521383559147754,-0.007652849389237926,-0.011778176074370456
2008-02-07,-0.04627346735925033,0.007854842639587953,0.008281893762560118
2008-02-08,0.01257427672339223,-0.0042125802217774285,0.038020652816168586
2008-02-11,-0.01474581089897891,0.005871726706863654,0.017146010462574583
2008-02-12,-0.0471068159338583,0.007239627380711977,-0.007189238230408608
2008-02-13,-0.056644736470880634,0.01351235803840717,0.0049414547184312265
2008-02-14,0.026181652311463136,-0.013512358038407142,0.019525280035439727
2008-02-15,-0.020570363116520326,0.0008373973796748068,-0.005585202422752726
2008-02-19,0.022526132799815975,-0.0008966759003646298,0.04069095351873921
2008-02-20,-0.047618539469340214,0.00830627798826117,-0.0014214581811138188
2008-02-21,0.02908125834381926,-0.01295086452748304,-0.022398967363819276
2008-02-22,-0.04311368665934607,0.007849720529112649,0.007969038524401607
2008-02-25,-0.043752944701767674,0.013718145806112506,0.006985136662297676
2008-02-26,-0.05031112424411038,0.006894091743071527,0.01805687878018182
2008-02-27,0.03543770292514018,-0.0009198674497638418,-0.012137345222370081
2008-02-28,0.03635190959208904,-0.008982092990434256,0.026411184268222327
2008-02-29,0.12037683147921757,-0.027463395019370087,-0.00796027140461876
2008-03-03,-0.009844843655719951,0.0005334101903081006,0.0037890650512316607
2008-03-04,-0.029345743330435933,-0.0034535854252285467,-0.029901285378872378
2008-03-05,-0.03671601796882043,0.005224655309318044,0.04137970169694174
2008-03-06,0.11325604946080463,-0.02225985852476442,0.009498247375453317
2008-03-07,-0.002180214054870182,-0.008445928205016419,-0.0022440456202766326
2008-03-10,0.06649184832979445,-0.015584285792662654,0.017236859416651644
2008-03-11,-0.10846640939217919,0.03645713261332977,0.01041025894373223
2008-03-12,0.032104239208781866,-0.009036278359461814,0.009644521233389582
2008-03-13,0.002568396270787515,0.005113823424050402,0.011879886099017281
2008-03-14,0.1326148478372965,-0.021002274391494557,-0.012538799823008867
2008-03-17,0.034072753594419615,-0.008999054083631237,-0.04280525574918436
2008-03-18,-0.2232211143074833,0.0415348964290097,0.036760664184280624
2008-03-19,0.14586292505652712,-0.024586996626083605,-0.046935086651124475
2008-03-20,-0.11418693595570656,0.023662286124141837,-0.003381444990918638
2008-03-24,-0.03400523599078442,0.01520524258521512,-0.005193745680406202
2008-03-25,-0.0003887358301343273,0.002301247732709045,0.00738303131332051
2008-03-26,0.013899861460600679,-0.008804405138629654,0.033142477631632083
2008-03-27,-0.007698296928246321,-0.011526658548939027,0.009665630028035036
2008-03-28,-0.006590451536803154,-0.00798195753141577,-0.011783470890087156
2008-03-31,-0.003897061624039463,0.00567113539282709,-0.034011153873247525
2008-04-01,-0.12149943172870835,0.035267092136393355,-0.001297001049987662
2008-04-02,0.03253377322943205,-0.0019359429314110361,0.03511543476660674
2008-04-03,-0.009434084703743819,0.001300791782277431,-0.01192629035912043
2008-04-04,-0.033292532668758965,0.0007956797214259201,0.022949661196597436
2008-04-07,-0.0013372271252474793,0.0015603804918229909,0.02112885480776301
2008-04-08,-0.0026797454634756752,-0.005113082927238636,-0.007494911117596956
2008-04-09,0.01992533729950614,-0.008124990899776953,0.019832174667507006
2008-04-10,-0.03706608473388331,0.004464073140925598,-0.0024923100983627643
2008-04-11,0.0651638760511902,-0.02058459743950069,0.00507033176119833
2008-04-14,0.015228746915115672,-0.00338952276199069,0.009973058150522985
2008-04-15,-0.04464256295390087,0.0045893291868171725,0.015717110708306618
2008-04-16,-0.10399572368470823,0.02243764859546432,0.00963262714479702
2008-04-17,-0.007823993038605991,0.0006227205936699851,-0.0020436574963894074
2008-04-18,-0.01185207347717441,0.017976453606154175,0.013165623114472152
2008-04-21,0.01821368818334384,-0.0015547328014771577,0.004466853406041593
2008-04-22,0.01788787515717538,-0.008849273303171198,0.0131957523853941
2008-04-23,-0.029664251183772757,0.0028957208430831897,0.004388821165732135
2008-04-24,-0.009920754206987787,0.006421614900284473,-0.01837142474008976
2008-04-25,-0.023708516165257452,0.006473736528735971,0.017340473197387574
2008-04-28,0.002549032103836022,-0.0010521548912095745,0.003432314471631689
2008-04-29,0.030092561261517825,-0.0038962732556066196,-0.028763312215216254
2008-04-30,0.026811312795956152,-0.0038537184080868875,-0.01841770719438752
2008-05-01,-0.09636902964039777,0.016995468403442283,-0.007752681109188895
2008-05-02,-0.03778101073075282,0.003230375437438833,0.036083160943369746
2008-05-05,0.03883979634633387,-0.004543891610429601,0.029501175105467896
2008-05-06,-0.037191058418573786,0.007622805755977705,0.019471867746158233
2008-05-07,0.0801694533696819,-0.01827985274237049,0.016568834373106505
2008-05-08,-0.01686725042722686,0.003662835326675613,0.004242106634684307
2008-05-09,0.000515342913721707,-0.006748165663026327,0.02062597460631915
2008-05-12,-0.08715183617884119,0.01096049229248502,-0.020056230344976438
2008-05-13,0.010623450443095568,-0.0003847453519088049,0.009635269893065094
2008-05-14,-0.017957817048367294,0.00399758328062347,-0.01821483008602457
2008-05-15,-0.08013712552888892,0.010528841196037529,0.0062988195476476674
2008-05-16,0.010375441492253511,0.0012496171021445246,0.01906204763429411
2008-05-19,0.0322609173646249,0.0008976426143178004,0.0005598856063530077
2008-05-20,0.03296046805372351,-0.009316856535458926,0.021985850754654923
2008-05-21,0.055861922024199435,-0.016183786536071224,0.03731146496881302
2008-05-22,-0.029478167430640325,0.002613959343079893,-0.01664110825129071
2008-05-23,0.07982960489556284,-0.013298434194715,0.0080892749561438
2008-05-27,0.0045930244430179255,0.006822892512121779,-0.02508989316607081
2008-05-28,-0.02945186823995343,0.003955058916479667,0.020213581420179445
2008-05-29,-0.0499969925691359,0.005320756886204072,-0.03134220870096279
2008-05-30,-0.017236983444182546,0.0015150183743460114,0.006989461022295435
2008-06-02,0.10631351108822043,-0.010559822954777745,0.0018765094662087842
2008-06-03,0.020464894426569246,-0.005804642134554054,-0.027238440563421767
2008-06-04,0.02729211691661656,-0.00032674973242131163,-0.020107725904123408
2008-06-05,-0.11017981046141224,0.019308535254153512,0.04358967944578194
2008-06-06,0.2347771965493274,-0.03137633801853779,0.07657475112198119
2008-06-09,-0.018852256012206834,0.0007933736546294128,-0.027836839332444754
2008-06-10,0.0025917709738850696,-0.0024410485020095888,-0.0218179439420598
2008-06-11,0.03975155557598831,-0.017038681020649288,0.030072931343938004
2008-06-12,-0.03330132388994101,0.003274332291770189,0.00789345740586396
2008-06-13,-0.09479598193570665,0.014934189182590988,-0.007227138673449256
2008-06-16,-0.012805418042120532,8.086652661084205e-05,-0.0029648964394221934
2008-06-17,0.008555109125036662,-0.006794362473468583,-0.007376298869189535
2008-06-18,0.05119866718059181,-0.009759291491304709,0.02013690476337249
2008-06-19,-0.030125502796344177,0.00374530209313213,-0.03308305285769935
2008-06-20,0.05805908843592086,-0.018716929874510457,0.02143528524588123
2008-06-23,-0.010107818354518338,5.3071430313939166e-05,0.007755721080109622
2008-06-24,-0.009764805329035323,-0.0028188104950155795,0.004038651675172466
2008-06-25,-0.05878646947674493,0.005826400535617632,-0.015732107881594133
2008-06-26,0.12396596310292508,-0.029805014810582432,0.04012793944168219
2008-06-27,-0.020688927180295608,-0.003724356139002652,0.003426830858194931
2008-06-30,0.021524368219593602,0.0012664227601932253,-0.0034268308581949032
2008-07-01,-0.012605256904289628,0.0038286256531538474,0.005989296605314296
2008-07-02,0.09165177561936953,-0.0183713449871704,0.025200480244368967
2008-07-03,-0.044977970516851866,0.0010933244042243555,0.012537240383954833
2008-07-07,0.03956212023519361,-0.008420790350197398,-0.029243318474879435
2008-07-08,-0.10760426009178604,0.016936119626383927,-0.03909950201641058
2008-07-09,0.08603898045527171,-0.023039556424807296,0.0010989280494354224
2008-07-10,0.014167911625150372,0.006965436311526433,0.03912775735894565
2008-07-11,0.07162063771665976,-0.011151895352082091,0.01717204472477479
2008-07-14,0.03537977661946135,-0.00906885749704109,-0.003952762103574485
2008-07-15,0.002104573656821308,-0.010961111207184446,-0.03658382429300793
2008-07-16,-0.12843878279169837,0.02475460487471305,-0.02141692048719806
2008-07-17,-0.003592107294594686,0.011940981372926736,-0.035525244627686026
2008-07-18,-0.03914078921242494,0.0002856861755844398,-0.006736646849713912
2008-07-21,-0.04246922848538407,-0.0005395795681692814,0.01841755363016749
2008-07-22,-0.08460838176139403,0.013401856087015563,-0.023345563727392566
2008-07-23,0.006119066467226479,0.004055930696717993,-0.03343587299999366
2008-07-24,0.0952675664436759,-0.02339598696581199,0.009136849091502154
2008-07-25,-0.022870497687753705,0.004158848046300204,-0.015301588041813498
2008-07-28,0.056018026130914444,-0.01877165431708631,0.010544911034291912
2008-07-29,-0.09518632395309237,0.023087430794461804,-0.025187389121153925
2008-07-30,-0.03793246657120911,0.016534539279929733,0.03515032566251284
2008-07-31,0.0784094095701539,-0.013230903287162038,-0.02485387683988159
2008-08-01,-0.01626055767371035,-0.005594012357643428,0.0016118390440890652
2008-08-04,0.03995321161888014,-0.009006523604902408,-0.028589711574612403
2008-08-05,-0.10540783735681224,0.028314087237507637,-0.02500342848170492
2008-08-06,-0.04400032301851847,0.003348736157926132,-0.005965053540200856
2008-08-07,0.044473258904201375,-0.018096496701488593,0.007323549790626205
2008-08-08,-0.023440431150068143,0.02361186756964235,-0.03919355168668525
2008-08-11,-0.026485069362885905,0.006918740696878146,-0.005840756977106477
2008-08-12,0.05087070180770558,-0.012123868402247892,-0.013582521786279767
2008-08-13,0.017790692395888614,-0.0029199218388871536,0.02065784142252425
2008-08-14,-0.05778638302425656,0.005506612147370432,0.0018489909125261018
2008-08-15,-0.03808076491643666,0.004067649803148502,-0.009989892005935223
2008-08-18,0.06906094794326062,-0.015212941748937444,-0.005434559194258797
2008-08-19,0.014198115591518425,-0.00935855756629458,0.011634729089976177
2008-08-20,-0.04125288026786343,0.006178207156833316,0.009753608428074744
2008-08-21,-0.029823302968279296,0.0024918568436600886,0.04947284570154831
2008-08-22,-0.05230289858375572,0.011268937664792816,-0.05332778690226345
2008-08-25,0.10870419724892472,-0.019820570527915714,0.0009651293736592042
2008-08-26,-0.02315586108925379,0.0036795944289534067,0.005247965202343862
2008-08-27,-0.036277247177581226,0.007950961127648376,0.013775430983836112
2008-08-28,-0.01684142480703985,0.014731106544230111,-0.01779640750007331
2008-08-29,0.06089702183816061,-0.013818705278780862,-0.0010515741618026856
2008-09-02,0.06287249322428758,-0.004100911602328969,-0.05136257906072022
2008-09-03,-0.025795970432146202,-0.0020371521529357994,-0.002587790604888072
2008-09-04,0.11451125459681583,-0.03037885772284698,-0.01642129176603956
2008-09-05,-0.04120358664145611,0.004420977784567912,-0.02100943971158587
2008-09-08,-0.018381265305441763,0.02030266101316487,-0.006264116279482014
2008-09-09,0.11778303565638346,-0.03473448601838737,-0.03042737550664809
2008-09-10,-0.03801213229537202,0.006130591871801976,-0.013747596316430414
2008-09-11,-0.005315942533837661,0.013711937637728922,-0.013529546968952685
2008-09-12,0.05076016603779866,0.0021192868823826515,-0.0006146661213767249
2008-09-15,0.2113833517097622,-0.048282984679058116,-0.034827875917046426
2008-09-16,-0.045169017614921994,0.017371525271791654,-0.0547394538532325
2008-09-17,0.17846379882192412,-0.048288032671884897,0.06108597920158738
2008-09-18,-0.0900782498737719,0.04242880631709865,0.0036836973272803084
2008-09-19,-0.031612232094819115,0.039467377977745945,0.04538764737355554
2008-09-22,0.0540179500914831,-0.03898680450101769,0.06255382277013037
2008-09-23,0.053771835901897755,-0.01575611173219346,-0.02831098650701984
2008-09-24,-0.014948877874060284,-0.0019796860163376574,-0.006130558650466571
2008-09-25,-0.06972383594498215,0.019465810036084243,0.020768692145939127
2008-09-26,0.05685373276458912,0.003376721569391682,-0.010185516727057147
2008-09-29,0.2962805555199707,-0.09218959234553593,-0.09687599092168435
2008-09-30,-0.1706604031603096,0.052758158003824995,0.04361862165822521
2008-10-01,0.010606210020631964,-0.004554344139591543,-0.029356075339528054
2008-10-02,0.1283054316120401,-0.04112494871855385,-0.0513319882171444
2008-10-03,-0.0026548452523095906,-0.013598565792345264,-0.0034289902828908295
2008-10-06,0.14243602253507148,-0.03927926970654148,-0.07558359324943939
2008-10-07,0.030835717945359827,-0.05910779118196403,0.011643274385892194
2008-10-08,0.06926603130813377,-0.011397406925517297,-0.0035499155037866815
2008-10-09,0.1053257431553289,-0.07922406331313588,-0.020357509458787993
2008-10-10,0.09014838467180471,-0.011828976472150513,-0.10945533238615363
2008-10-13,-0.2406292764409357,0.10957196759533848,0.04448114126653504
2008-10-14,0.002542670933224056,-0.005336349813536854,-0.038559949752328834
2008-10-15,0.22802909309137306,-0.09469512488423501,-0.05134266871132392
2008-10-20,-0.28347273775349946,0.046582877325231545,0.03431813653729642
2008-10-21,0.0026395073249091943,-0.03128399253606999,-0.032595443793651986
2008-10-22,0.27111747620710047,-0.06295307968785188,-0.07751203693281289
2008-10-23,-0.026920482176097556,0.012554897845818378,0.021466656596636175
2008-10-24,0.15452979495383146,-0.03512077795125528,-0.060501358469237126
2008-10-27,0.011684288158362487,-0.032279789320129516,-0.010367813498489161
2008-10-28,-0.17868091056125024,0.10245735847393653,-0.018406418169860692
2008-10-29,0.043828224555491534,-0.011140907177516441,0.0824257734115214
2008-10-30,-0.10637744909876048,0.025476650236373046,-0.027250519340061702
2008-10-31,-0.049036651880039674,0.015248545898600415,0.024956741672086034
2008-11-03,-0.1094690377366419,-0.002532248295049081,-0.07698553912781926
2008-11-04,-0.1174803769214048,0.040014478457390035,0.09398659718868993
2008-11-05,0.13374091727838186,-0.05411525893116383,-0.07126392921208986
2008-11-06,0.15456950762296456,-0.05157120827951978,-0.07446857208895474
2008-11-07,-0.12673476099907802,0.028446181972100103,-0.0013940032211322594
2008-11-10,0.06687538035954181,-0.01273389618685711,0.029719671687032913
2008-11-11,0.02404990079875019,-0.02228720025294257,-0.05873284105706187
2008-11-12,0.07853918266315896,-0.05328886594572081,-0.061825759703077
2008-11-17,0.0419374016142788,-0.026149349993598612,-0.036231090941869916
2008-11-18,-0.022078565170134425,0.00979029048544131,-0.009025528647995563
2008-11-19,0.09337296250899048,-0.06310549598420712,-0.002317477481653499
2008-11-20,0.08514679424503567,-0.06948184541277702,-0.07297824919535352
2008-11-21,-0.10679065232917585,0.06132800111506746,0.022823994578703
2008-11-24,-0.11616746509266374,0.06271423081455647,0.09199659211871984
2008-11-25,-0.06052795456770201,0.0065294136139663166,-0.06868832614874355
2008-11-26,-0.10335565221196269,0.03471840142238202,0.06850284378619081
2008-11-28,0.006533609817859129,0.009596913918806831,-0.008006680723086962
2008-12-01,0.21456859381887117,-0.09353652163820918,-0.1089189109610428
2008-12-02,-0.08416254279162035,0.03916366397642246,-0.054183096770369775
2008-12-03,-0.03654405521330046,0.02550804791981371,0.0
2008-12-04,0.04696904068771469,-0.02974649977384212,-0.07207861206066653
2008-12-05,-0.06006497431659747,0.035849090941538375,-0.06195585277028041
2008-12-08,-0.024321391410718308,0.03766888346678524,0.08856184291950304
2008-12-09,0.0071550247918298815,-0.023388944476325925,-0.04450409403000154
2008-12-10,-0.05549225957591876,0.011824007505509534,0.020732369976244686
2008-12-11,0.0008967669476080834,-0.028938762495764388,0.11126282487454302
2008-12-12,-0.027259547837434363,0.007003831230512167,-0.020896273134903536
2008-12-15,0.04467601024288052,-0.012766830411484197,-0.03978112515177468
2008-12-18,-0.051462270231680755,-0.021389823129044905,-0.04883405132796341
2008-12-19,-0.05224987743475337,0.0029325919817233524,0.014652262710496907
2008-12-22,-0.008269103436371592,-0.018471576686337164,-0.05970173393069795
2008-12-23,0.010270219208646224,-0.009764984984231137,-0.026648689379470278
2008-12-24,-0.018155858517044543,0.005764496357789291,-0.09751776680423123
2008-12-26,-0.01895245710852369,0.005341881620716298,0.04695443261775
2008-12-29,0.01191582481816196,-0.0038801175284807,0.05525988532502687
2008-12-30,-0.05309326797495888,0.024114018863220666,-0.009913283349412839
2008-12-31,-0.039941632750291514,0.014059048160206564,0.12706591917508375
2009-01-02,-0.020457876944270106,0.031118816254462313,0.028542471515277373
2009-01-05,-0.002810703141075814,-0.004679288447595494,0.056163087650166046
2009-01-06,-0.013395368671852521,0.007786737413759767,0.018173238408075935
2009-01-07,0.11801348038688017,-0.03046912022057231,-0.09697390440705289
2009-01-08,-0.01931410844305344,0.0033913156919744315,-0.02629119636545242
2009-01-09,0.006090398734027267,-0.021533214293202936,-0.005612317128445543
2009-01-12,0.06815179970059845,-0.02282258762866887,-0.03458488179744334
2009-01-13,-0.05769751091915792,0.0017565152157664873,0.04377270356431762
2009-01-14,0.1272137898563339,-0.0340324644901829,0.005561130777716826
2009-01-20,0.205862154953739,-0.054262014623913155,-0.06544081415457131
2009-01-21,-0.1991616530083049,0.04257205806919397,0.03159110935993371
2009-01-22,0.018568514614727957,-0.015278446440878557,0.008184957374952227
2009-01-23,-0.0004230215264691183,0.005363250283092426,0.0635879617311624
2009-01-26,-0.0339964289706948,0.005537850154850269,-0.029583608728764314
2009-01-27,-0.07827507171528827,0.010866329534482322,-0.07126180106706924
2009-01-28,-0.06326123455893315,0.03300683868264074,0.02640347377527392
2009-01-29,0.07221513658835173,-0.03368106446667382,0.01107430992482117
2009-01-30,0.05054234577429905,-0.023052821010677113,0.01051717688482883
2009-02-02,0.015051198267494624,-0.0005329099748901644,-0.045938988338781295
2009-02-03,-0.055557276045679456,0.015709938442946172,0.005915879180994511
2009-02-04,0.01818016019178112,-0.007517697439794895,0.0015867552272008
2009-02-05,-0.0027403290636226845,0.016233188600758928,0.05099874602533951
2009-02-06,-0.008266421737573656,0.026540681935397104,-0.005395502566697588
2009-02-09,0.006206213759511743,0.0014840917192800343,-0.004120110515574898
2009-02-10,0.06712737374882759,-0.05036866949414839,-0.031118031732160923
2009-02-11,-0.0469384288070793,0.007923477223390516,-0.007424982549503687
2009-02-17,0.1252864448744266,-0.04662949981810491,-0.08595068978994647
2009-02-18,-0.004118637723633662,-0.000950817478245573,-0.04087109104314535
2009-02-19,-0.02889037521145997,-0.012096896898495146,0.060234766646568225
2009-02-20,0.04607574428871334,-0.011478592263616477,-0.003239979520588373
2009-02-23,0.06517218974029232,-0.035315317490224964,-0.018246091670968884
2009-02-24,-0.14560369683408977,0.0393200492217266,0.03434211097844048
2009-02-25,-0.018190464106077678,-0.010715025437918897,0.0354058502432467
2009-02-26,-0.0002238513779687174,-0.01590567684576375,0.04709033966267588
2009-02-27,0.03714301609571229,-0.023846484170292854,-0.008648927270764812
2009-03-02,0.12744500847047233,-0.04774188875107267,-0.08947977190094769
2009-03-03,-0.03321412067296326,-0.006427378038351219,0.03192248958341339
2009-03-04,-0.06846004619107957,0.02347535830991525,0.053098222396436426
2009-03-05,0.05342510130166002,-0.04346330218569738,-0.04817326492378203
2009-03-06,-0.016884749635029457,0.001215314395986425,0.02557458345720701
2009-03-09,0.007069991403925354,-0.01007424513030657,-0.0129260244533865
2009-03-10,-0.11303890245015016,0.0617186323188922,-0.004419829255660172
2009-03-11,-0.017277045467548914,0.0024428307358472247,-0.05931047656980043
2009-03-12,-0.05733378683993403,0.03992107486845256,0.08229997751257295
2009-03-13,0.028251826131462727,0.007709235009042813,-0.006950499059735845
2009-03-16,0.03205851848046489,-0.003522120560965446,0.012562392094753518
2009-03-17,-0.06958099091172812,0.03163425945298957,0.0375968795764656
2009-03-18,-0.018303698192093702,0.020643391776914963,-0.012096118744013463
2009-03-19,0.08651197390474898,-0.013064127999233972,0.06124151488195427
2009-03-20,0.04935687668315019,-0.01996742895118435,0.01079612125296937
2009-03-23,-0.0597125270159122,0.06836638735773641,0.04299066718639519
2009-03-24,-0.0069637987453598695,-0.02062636109659859,0.0005608821116385042
2009-03-25,-0.015966535541969775,0.009580332245017488,-0.03325722175648235
2009-03-26,-0.04576514319508988,0.023052602239829925,0.032509261439829705
2009-03-27,0.016708012562592,-0.020524717385895695,-0.028074673178498537
2009-03-30,0.10404385756871477,-0.035439323427820704,-0.07986632956131111
2009-03-31,-0.031224693738438992,0.013044168377756998,0.025510493626140943
2009-04-01,-0.04305225487080533,0.016421043179743085,-0.01617729413709943
2009-04-02,-0.005692564343875828,0.028322225961306003,0.08523788202163604
2009-04-03,-0.05727036087551667,0.009684722294469393,0.013556999434146504
2009-04-06,0.030512091049590125,-0.008367275616680818,-0.02327225469223166
2009-04-07,-0.013281083496484148,-0.02414366931764816,-0.019718412494163635
2009-04-08,-0.03887417692637559,0.011714557086847552,0.007197753610334096
2009-04-09,-0.061574230146758384,0.037347090620733756,0.046766708037129276
2009-04-13,0.03443984683294731,0.0025301658560268466,-0.03616216945204893
2009-04-14,-0.003709681127503557,-0.02026851722493524,-0.0034582226167919347
2009-05-04,-0.02205446627629331,0.03330724358772585,0.032209865383915307
2009-05-05,-0.03447088026348594,-0.003798929477293887,-0.008463765261747424
2009-05-06,-0.027657129125126093,0.01725461832941929,0.036822924792965846
2009-05-07,0.03005228048785501,-0.013290338985760736,0.005682836942088943
2009-05-08,-0.042455587587169316,0.023783902379113705,0.0291443393311789
2009-05-11,0.02526319561897231,-0.02174719020275387,-0.011416831385820123
2009-05-12,-0.03309408938666385,-0.0009793349834762966,0.007970915392306792
2009-05-13,0.05654683564199586,-0.02726319853661259,-0.010409505522922443
2009-05-18,-0.09097175352471389,0.029936594996533384,0.04351934715496967
2009-05-19,-0.04879018309154183,-0.0017383460198724435,0.007666737452460145
2009-05-20,0.007954441038554286,-0.00514467268804702,0.027949304957799733
2009-05-21,0.07688447755752212,-0.016899558030336284,-0.01095264591296745
2009-05-22,0.04001786409235331,-0.0014983325081699614,0.014083547842388421
2009-05-26,-0.06357872570182468,0.02596220760015714,0.0075398307928106895
2009-05-27,0.055269693414035904,-0.019153424774368058,0.020365958544858974
2009-05-28,-0.021553248092010154,0.015301255166552454,0.029791775328755717
2009-05-29,-0.09083646303091013,0.013483445887850906,0.017397056238451097
2009-06-01,0.0379964574442086,0.025489943861423548,0.036711061008423966
2009-06-02,-0.013742524111175427,0.001981336974747815,0.002938109196582557
2009-06-03,0.04584483924374175,-0.013834465750709849,-0.03416969489581087
2009-06-04,-0.027452709053884354,0.011418220142166204,0.04205987209971252
2009-06-05,-0.018729626278569847,-0.002517857488816695,-0.005399542617942937
2009-06-08,0.005051353231373954,-0.001011065454445827,-0.006753793196819388
2009-06-09,-0.05170000250630296,0.003497059761173111,0.025310521930632688
2009-06-10,0.0066983725947311525,-0.003486401379967999,0.016807121969256083
2009-06-11,-0.012374153861380544,0.006093297249542341,0.013886159537647954
2009-06-12,0.001421934402967498,0.001396020848219796,-0.012192747953832097
2009-06-15,0.0902919542402945,-0.02405559125359691,-0.02108934987681857
2009-06-16,0.05892398405543497,-0.012801901027885946,0.011454813402962482
2009-06-17,-0.035506668767714536,-0.0013825234667824294,0.008647025686379964
2009-06-18,-0.04905970570183476,0.008375815004881833,0.0029596116359741865
2009-06-19,-0.07034960951046658,0.0031093582232429103,-0.02666817743965571
2009-06-22,0.10760880087682768,-0.03107836433082392,-0.032462261311750805
2009-06-23,-0.019109898220898553,0.0023040684995177824,0.026809671811737462
2009-06-24,-0.05132774097107555,0.0065032488243266596,-0.006854853706325915
2009-06-25,-0.0971707242461778,0.021217583998248746,0.02099848267511596
2009-06-26,-0.016447121468976728,-0.0014789203486033056,-0.012401033173131168
2009-06-29,-0.022621866234481824,0.009024296841261898,0.02959260686740183
2009-06-30,0.038689544379093145,-0.008567351633166496,-0.024094041726536848
2009-07-01,-0.004945837316700313,0.004352444623651702,-0.007386551385825239
2009-07-02,0.06389477474998889,-0.029577684825958017,-0.03160332932831608
2009-07-06,0.03687860308878474,0.002562462104257053,-0.03979099352939042
2009-07-07,0.06184093273022992,-0.019879785362884782,-0.012885211158371816
2009-07-08,0.01448131045434081,-0.0016699311679349972,-0.04529318940732424
2009-07-09,-0.04978102285791189,0.003540946062317481,0.011026165780543103
2009-07-10,-0.025851787083015734,-0.004029938077684044,-0.009537944720084802
2009-07-13,-0.09803618847657115,0.024627948777227286,0.002805020735805221
2009-07-14,-0.0502735514188709,0.005301983236099628,0.0027972372778035746
2009-07-15,0.0341812468539713,0.02919943487510086,0.03598612630368785
2009-07-20,0.0024620228367520074,0.011366702462731141,0.01608296220457415
2009-07-21,-0.021960641155912675,0.0036207145224277037,0.006451155648219148
2009-07-22,-0.016899494902612836,-0.0005344193762499699,0.005071555220639881
2009-07-23,-0.0017057150619199121,0.023022599224312996,0.029901112707465188
2009-07-24,-0.014617635569904412,0.003037543443477206,0.015333103969658776
2009-07-27,0.05025336449678872,0.0029773891259700837,0.006943950148306008
2009-07-28,0.029622759569550634,-0.00260984710734954,-0.013220753223822525
2009-07-29,0.02370717000284148,-0.004573406026934112,-0.04912649055595481
2009-07-30,-0.008233765037984345,0.01182538418815696,0.05241249051886854
2009-07-31,0.020265715421515503,0.0007395090837835546,0.022425259118199377
2009-08-03,-0.013986265812452322,0.015225607827281227,0.02547478349703085
2009-08-04,-0.026562516757519677,0.0030075704221065014,0.009876231510964725
2009-08-05,0.0004016962930512071,-0.0029178446171664904,0.016423406055331293
2009-08-06,0.03045520970456196,-0.005640532654178876,-0.009046227544236382
2009-08-07,-0.036093540794743154,0.01334970053225195,-0.01670980138696944
2009-08-10,0.00924627862751271,-0.003350556724880266,-0.001223690956033186
2009-08-11,0.03923610415894026,-0.012740935609429686,-0.014250733386794237
2009-08-12,-0.020996066872358297,0.011459230792872048,0.0059167741885267555
2009-08-13,-0.02950779002487191,0.0068564507961441,0.008061859011397643
2009-08-14,-0.01796694434982744,-0.008567949977279207,-0.014668844056557188
2009-08-17,0.1390271411553469,-0.024559960849173303,-0.026164524188618463
2009-08-18,-0.06327240761657076,0.010094533393885528,0.025611949043232093
2009-08-19,0.0030511054520550142,0.006837483447019444,0.030214514040573872
2009-08-20,-0.04557751113068505,0.010889227984113237,-0.017036573794781018
2009-08-21,-0.003193612418812283,0.018451479725420602,0.011659576033147722
2009-08-24,0.005184424842855629,-0.0005459459189837834,0.0009430744069218207
2009-08-25,-0.008789481903188725,0.002366663818367554,-0.033409492967078694
2009-08-26,0.001203155795455609,0.00011671995565297763,-0.0023698089782944894
2009-08-27,-0.010880641373768587,0.0027779002715912853,0.011931337274218317
2009-08-28,0.0032362456579170477,-0.001990307732377177,0.0038540828631340473
2009-08-31,0.04925163119991175,-0.008109198540382183,-0.0440958735741956
2009-09-01,0.11397381144973813,-0.02237222631680637,-0.027953459343345977
2009-09-02,-0.008613317791319382,-0.003301884345751011,-0.0010340453125412135
2009-09-03,-0.06430783995671306,0.008498582450941842,-0.008013114398315292
2009-09-04,-0.07031161597864516,0.013032243708161282,-0.004479670717943049
2009-09-08,0.014151203242167294,0.008806045829839553,0.03817255169568962
2009-09-09,-0.052074284675930935,0.007752259025442712,0.005888759022380978
2009-09-10,-0.032173256483773484,0.010368292776658143,0.0004295050359186346
2009-09-11,0.02515857623688711,-0.0013513389885911676,-0.03155475352749354
2009-09-14,-0.012080922052429038,0.00631910740710653,-0.0037001446932142103
2009-09-17,-0.0016899419061388722,-0.003064329005571477,-0.0016756758028557365
2009-09-18,0.011351833463833404,0.0026338675941077866,-0.003219759938585123
2009-09-21,0.00583575607764696,-0.0034131142078887163,-0.03757312494780266
2009-09-22,-0.041584250015355574,0.006553348588268071,0.02643447014434266
2009-09-23,0.017608350592753813,-0.0101195584531233,-0.036677529793921436
2009-09-24,0.06029906384924037,-0.009556548191774188,-0.047746411113241675
2009-09-25,0.026109071267719067,-0.006109360827818336,0.004463963617579178
2009-09-28,-0.02891868990424975,0.017652853549567058,0.0065825006167237465
2009-09-29,0.012382877425962124,-0.0022320656428964163,-0.0007632306288784469
2009-09-30,0.01653581247828753,-0.003333852135212442,0.0532230520717504
2009-10-01,0.09881826385407687,-0.026097211493280956,0.001735900113728781
2009-10-02,0.014398838474078217,-0.004515705309363511,-0.01631979581965929
2009-10-05,-0.0663067085835634,0.014765453960324762,-0.0004408019932127854
2009-10-06,-0.043402296201040136,0.0136124155690534,0.007613457696364353
2009-10-07,-0.04049781018503955,0.002707936560526622,-0.02003603656370744
2009-10-08,-0.02046735359484757,0.007442145876693546,0.037530867720819844
2009-10-09,-0.04482777770444805,0.005624810543572637,0.0032911722124989596
2009-10-12,-0.004769166108864656,0.004376777568566423,0.019242254775527844
2009-10-13,-0.0008695851749563842,-0.002791504630813565,0.014468823642459244
2009-10-14,-0.005670643753169772,0.017393743058258578,0.00962202541453024
2009-10-19,0.002795876277725849,0.009361366739513969,0.010080193998858322
2009-10-20,-0.027838559285173342,-0.0062586491870243255,-0.006838279638695494
2009-10-21,0.06124361259072026,-0.00889323391718201,0.031226708142685786
2009-10-22,-0.07134223573953949,0.010587374358508142,-0.0022613112651143127
2009-10-23,0.0735899842546418,-0.01225331535289976,-0.007448168827823865
2009-10-26,0.08764726453494504,-0.011786514446438598,-0.02125827306498736
2009-10-27,0.021164830088030804,-0.0033233071166753813,0.00850625094709318
2009-10-28,0.11693244563366699,-0.0197343861452413,-0.026793091528602018
2009-10-29,-0.11975558502067898,0.022270124333967762,0.02833198317990876
2009-10-30,0.21470742897291523,-0.028466028015250756,-0.03707033711251682
2009-11-02,-0.03009983572019363,0.00643565319102102,0.017792971595987205
2009-11-03,-0.033114519753926645,0.002423064313306145,0.020173935466311632
2009-11-04,-0.03856838100826547,0.0010420772415051826,0.009936371934050246
2009-11-05,-0.08622455811629197,0.019052887220614025,-0.011473883418931904
2009-11-06,-0.04999024473509351,0.002500124319576515,-0.027559200400181397
2009-11-09,-0.04394458264548616,0.021995084915274347,0.02473432399081655
2009-11-10,-0.01348137258552885,-6.399214138483759e-05,-0.00347777318265842
2009-11-11,0.008718484095579333,0.005019357795690984,0.005789619994287084
2009-11-12,0.050772276194674205,-0.010312359059078017,-0.025071136951044785
2009-11-13,-0.03697896767070425,0.005722887256427731,-0.006201690289913365
2009-11-16,-0.020325076788164982,0.01436397656849818,0.04161055178158625
2009-11-17,-0.021192826296008462,0.0009189839116237261,0.002662768073081523
2009-11-18,-0.035426079838459114,-0.00046835078426778063,0.0063115583453426955
2009-11-19,0.04519522139499522,-0.013516805711666349,-0.023296856873134077
2009-11-20,-0.019634661548459092,-0.0032201022062016984,-0.0056833329393184235
2009-11-23,-0.047529161233042204,0.013523913934335078,0.0033622447670615574
2009-11-24,-0.03315223364974465,-0.0005334495209037495,-0.012993945972921653
2009-11-25,0.0004884116903590125,0.004494006880236033,0.025566316158323055
2009-11-27,0.18897257989328795,-0.01738369996793421,-0.01619367238909986
2009-11-30,-0.009340150834527544,0.0037858184300650394,0.016576041632133776
2009-12-01,-0.11168174131794745,0.012002902588402555,0.01115202604700496
2009-12-02,-0.03717896698588821,0.00034263999883941797,-0.018699282505538525
2009-12-03,0.061515409973235576,-0.008437597492034073,0.006144455628258863
2009-12-04,-0.05537901317729945,0.005494312254292437,-0.010777676586997508
2009-12-07,0.03922073041435473,-0.002471432926803079,-0.014160631030740735
2009-12-08,0.06947541492950197,-0.010304492069516176,-0.016357017387910795
2009-12-09,-0.04445179184822154,0.0036656453959778533,-0.03795011598614614
2009-12-10,-0.01511812502570094,0.005822720019583755,-0.007348369694622265
2009-12-11,-0.03325287224611783,0.0036763280289124935,0.00027823352570736053
2009-12-14,-0.020590364138349016,0.006935296207216683,0.0001391408010037793
2009-12-15,0.015947812547905355,-0.005562408837016108,0.002223200295937356
2009-12-16,-0.045213450930488376,0.0011275940949076902,0.020605123738092736
2009-12-17,0.09158541601333757,-0.01188091353803201,-0.0024503183791579324
2009-12-18,-0.03756947443882866,0.005812952040880973,0.00516582505935304
2009-12-21,-0.05645323956742733,0.010448977120226209,-0.010358579023829029
2009-12-22,-0.0474732576117468,0.0035572134993947157,0.0064186117324840225
2009-12-23,0.008662381246092159,0.002296020686836971,0.026729116837853097
2009-12-24,-0.012251290597476263,0.005242407471724702,0.011333814541836258
2009-12-28,0.023351365419824868,0.0011534152818410755,0.01314869108493728
2009-12-29,0.004006010496928913,-0.0014020340886091167,0.004130100046295362
2009-12-30,-0.0025019350188011068,0.00019541047723540855,0.00501060204514009
2009-12-31,0.0826599656326056,-0.010100435863962351,-0.001282360713152649
2010-01-04,-0.07865986874615888,0.015916082167126387,0.02771455330697698
2010-01-05,-0.035037882711671804,0.003110831966759719,0.0058489818167098
2010-01-06,-0.009867674611151348,0.0005453718878234133,0.016002348933605807
2010-01-07,-0.005232894372593416,0.003993218354654243,-0.004651137514219974
2010-01-08,-0.05002389172924773,0.0028775830750962126,-0.001719049851767337
2010-01-11,-0.032514072037455495,0.0017452316285846302,-0.004927957688783903
2010-01-12,0.03911117358896017,-0.00942544643894456,-0.020840563649508887
2010-01-13,-0.02216155043199965,0.008291456333360418,-0.012562889537835619
2010-01-14,-0.012401580789298185,0.002423486421414183,-0.006276813951823226
2010-01-15,0.015757258745714202,-0.010882126301208588,-0.009165481874642504
2010-01-19,-0.018597319635700774,0.012422151207737096,0.0067209332769626135
2010-01-20,0.06069156122051371,-0.010654386601861304,-0.017018891895771382
2010-01-21,0.17578705268671796,-0.019126657272987804,-0.02306262383917095
2010-01-22,0.2040124141057789,-0.02238977963010898,-0.023744415930912564
2010-01-25,-0.07211012460318689,0.004587559053796009,0.011739154538361826
2010-01-26,-0.03443096816347395,-0.004212057847785588,-0.005442951480070743
2010-01-27,-0.05914912777450747,0.004868282868611808,-0.014430306892171157
2010-01-28,0.025177355768109352,-0.011888125534279259,-0.0015238711000726678
2010-01-29,0.03681910368660482,-0.009877799049982582,-0.009332168653842222
2010-02-01,-0.08605181760919507,0.014165305546369656,0.02282732487010701
2010-02-02,-0.050385088905071464,0.0128895204452028,0.0395573057480625
2010-02-03,0.0055710840212487844,-0.005489350382538535,-0.0018423402182277864
2010-02-04,0.18847540178231623,-0.031635856049806906,-0.05121012174609943
2010-02-05,0.0011496719541274063,0.0028929303608266027,-0.035849182204677886
2010-02-08,0.015203622847528454,-0.008902803100374192,0.007444619691821619
2010-02-09,-0.019425490913244487,0.01295584177358637,0.02840456251285624
2010-02-10,-0.023347379015484476,-0.0022350694280074235,0.005668138038395988
2010-02-11,-0.058363423969406816,0.009633882335101287,0.007006033497238936
2010-02-12,-0.052700117311324034,-0.0027483661199411307,-0.002055520027259483
2010-02-16,-0.021343609113017598,0.017840653536261433,0.037425268830336506
2010-02-17,-0.024108545160028243,0.004229004596710374,0.007765703386259916
2010-02-18,-0.05148717704930361,0.006563157733795463,0.01960468087096284
2010-02-19,-0.030014489650524813,0.0021842348635910053,0.0052574803271487605
2010-02-22,-0.004004005435470061,-0.0010464051249203224,0.005357132209520456
2010-02-23,0.06926031728570058,-0.0121766449451987,-0.017452009792109445
2010-02-24,-0.052846125555405736,0.009673519697189884,0.010815045000718271
2010-02-25,-0.008422149003594115,-0.0020832085528651543,-0.02332008067581472
2010-02-26,-0.03030536847392214,0.0014043925568579447,0.016896625604885026
2010-03-01,-0.012384047315929621,0.010107257423603737,-0.009062684601537611
2010-03-02,-0.010438548047527947,0.0023277310028862693,0.016638043162204838
2010-03-03,-0.012140531588905705,0.00042910952140039855,0.013593548489079222
2010-03-04,-0.005858904247674105,0.00372915607957138,-0.008999351950697572
2010-03-05,-0.07197345856563178,0.013910282801603982,0.01704262004735867
2010-03-08,0.0210175773367425,-0.00017561143217653642,0.007233778473657539
2010-03-09,0.00728085866348422,0.0017112720239721047,-0.006983412113414643
2010-03-10,0.03562994712654911,0.00451435490421295,0.007107700848535733
2010-03-11,-0.02784784051326585,0.00403337431350597,-0.002488239340262015
2010-03-12,-0.026937630500326173,-0.0002173695700926971,-0.011148100673561416
2010-03-15,0.023609869978948532,0.00045209262343589776,-0.019074840953220148
2010-03-16,-0.017372219534668096,0.007749014983159959,0.014403375405382094
2010-03-17,-0.04509438447453756,0.005804795332563638,0.03653036969911389
2010-03-18,-0.017298313964267082,-0.00032589912668909416,-0.005873679642198555
2010-03-19,0.02084019886112588,-0.005099426451612706,-0.019832158394321033
2010-03-22,-0.005910092478852701,0.005082359099180065,0.008228492626907407
2010-03-23,-0.03130902563022129,0.0071453777848001715,0.001984570669150309
2010-03-24,0.07082598576479658,-0.0055084478872883084,-0.013473185391517893
2010-03-25,0.04729673744334908,-0.0017056210833286789,-0.00012563130104573098
2010-03-26,-0.03483897595585296,0.0007374506159884132,-0.004027691936381795
2010-03-29,-0.01018110050287433,0.005667146312798056,0.023433669383940137
2010-03-30,-0.02649930408016035,4.26584629303888e-05,0.0013542705968632206
2010-03-31,0.02649930408016024,-0.00327824231803275,0.017319596316420924
2010-04-01,-0.00684548258246254,0.007386454005524301,0.01571629967694393
2010-04-05,-0.026095934800838886,0.007896729443087884,0.022015076223910402
2010-04-06,-0.04752779671914686,0.001682878875349027,0.0031390396568697163
2010-04-07,0.023745486600978166,-0.005894042967262019,-0.006521569578956273
2010-04-08,-0.008459343218288435,0.0033686614308549275,-0.009154979520032466
2010-04-09,-0.020846871678683335,0.00666166829683167,0.00023584381779800774
2010-04-12,-0.03531258948003348,0.0017650508571401095,-0.0007076083848102852
2010-04-13,0.03902325378767868,0.0006851660398368415,-0.0005899513179947271
2010-04-14,-0.03838159647613102,0.011088363099908616,0.016738264983995648
2010-04-15,0.019060309297605035,0.0008421839911768203,0.01177023333210063
2010-04-16,0.14448441628105374,-0.016257982418547083,-0.013629228437897191
2010-04-19,-0.057158438283734285,0.004511140739529798,-0.020679793398385323
2010-04-20,-0.09744629218328688,0.008026045737071379,0.006744386603925184
2010-04-21,0.03682164286759249,-0.0010195164357019706,0.010557211208390628
2010-04-22,0.009149171662403265,0.0022613206430901964,-0.00035010539135263175
2010-04-23,0.009066337423824226,0.0070982676832182495,0.018274876479931756
2010-04-26,0.04987824491900776,-0.004305704355093108,-0.0048253559221713305
2010-04-27,0.26671392804128613,-0.023659640178701643,-0.012166340302257227
2010-04-28,-0.07887429282908147,0.006441958378180898,0.0044202104936148295
2010-04-29,-0.13380247296354705,0.012860180281289574,0.008551974478643962
2010-04-30,0.17879032020206853,-0.016787810139866296,0.006194821958847192
2010-05-03,-0.08812510851608912,0.01303525745326214,0.017009140743372383
2010-05-06,0.2751591689812272,-0.032888440643963665,-0.034231349368131755
2010-05-07,0.22192333680032972,-0.015426646180907493,-0.019735051667033737
2010-05-10,-0.35058851122248774,0.04303470414561544,0.023361200150872882
2010-05-11,-0.01819505965805255,-0.003403075918466228,0.004607381486849591
2010-05-12,-0.1041057816355011,0.013645992401824483,0.00878228301908652
2010-05-13,0.04445175607175864,-0.01221949988922511,-0.013514511738463316
2010-05-14,0.15778508515912648,-0.018978981387949807,-0.03726033778239271
2010-05-17,-0.012886764002066555,0.0011087536210084368,-0.02731982161142382
2010-05-18,0.0842242870344639,-0.01429763178499772,-0.008961447980136318
2010-05-19,0.051412526418128913,-0.005143468860015588,-0.00999195256231621
2010-05-20,0.25961637956760114,-0.03975579583776626,-0.025425764891641955
2010-05-21,-0.13268945040236968,0.014912632585704338,-0.0022296000938832375
2010-05-24,-0.04540435112189736,-0.012992046323687721,-0.0071404173408709005
2010-05-25,-0.10182926985640793,0.00035387476465256084,-0.023025393335210885
2010-05-26,0.011776664646823868,-0.005677078693651669,0.03100248007867094
2010-05-27,-0.16544591134781583,0.032347311768677056,0.03989608021018489
2010-05-28,0.07744757560775381,-0.012451892345405802,-0.008609240930625182
2010-06-01,0.1027378442978453,-0.017314353324598773,-0.017856367535824653
2010-06-02,-0.16381079278721036,0.02551442810834267,0.014202081149455193
2010-06-03,-0.023814675742251053,0.004043191983442443,0.022258945557274493
2010-06-04,0.18593576458183836,-0.035017442089831104,-0.04502465315984896
2010-06-07,0.03025907927695492,-0.013624466165715648,0.0
2010-06-08,-0.08173036381884484,0.01091626764351899,0.0
2010-06-09,0.000889775504679736,-0.005959396741888012,0.0
2010-06-10,-0.09836850958225722,0.02907984566617691,0.04343204840468867
2010-06-11,-0.05999098949562165,0.00437011574261751,-0.012563683638796834
2010-06-14,-0.007320966592035554,-0.0018062939317567235,0.011367537990661078
2010-06-15,-0.09962314119388718,0.02322245059850045,0.013210232269377191
2010-06-16,0.0019308457891662515,-0.0005560893540954269,0.02514065917263948
2010-06-17,-0.03414107735330462,0.001282185812389404,0.006886915583629813
2010-06-18,-0.04490544136177523,0.0013162641384549061,-0.005863612466163046
2010-06-21,0.03809587842729903,-0.003864297943398893,0.0076413829616600966
2010-06-22,0.08362274294797212,-0.01620122508698942,-0.009945240408626892
2010-06-23,-0.005189018019194372,-0.00298993926106872,-0.022941895324092066
2010-06-24,0.09999497426740497,-0.016946283204951274,0.002618890856965121
2010-06-25,-0.04153674404301598,0.002855281931545411,0.021347618147680398
2010-06-28,0.016339640693575127,-0.0020360096106544403,-0.0068076354593343226
2010-06-29,0.16288096422763582,-0.03150823034220891,-0.028100835020216926
2010-06-30,0.011941305010714887,-0.01016445397333528,-0.005716204226606236
2010-07-01,-0.049861968041400875,-0.0032457133092441124,-0.03624429056044403
2010-07-02,-0.08706670038873675,-0.004673271754301508,-0.009584000329909316
2010-07-06,-0.015727318216710768,0.005344725887457727,-0.0027953139063871804
2010-07-07,-0.09956879478940246,0.030850023008263838,0.02842361878232248
2010-07-08,-0.04301333212055243,0.00936865495165787,0.016192459286892745
2010-07-09,-0.028804499295796985,0.007178063766629461,0.009458527818810897
2010-07-12,-0.022263588610730113,0.0007326336059528174,-0.014019795905580648
2010-07-13,0.005307183772430138,0.015261822735573064,0.030196953578393918
2010-07-14,0.013347010323616708,-0.00015514366479341991,0.0015642698877334185
2010-07-19,-0.010723989802926256,0.005964069587908596,0.0033114804869331825
2010-07-20,-0.08180908456157128,0.011351874168992774,0.007903076677608971
2010-07-21,0.06902069357467054,-0.012902699582286207,-0.011214557164542036
2010-07-22,-0.04018843018898546,0.022263687822425646,0.031989109338153264
2010-07-23,-0.048242197452194935,0.00818642018434479,-0.004765936174912301
2010-07-26,-0.03203736288135863,0.01113790871672976,0.0006454088993657722
2010-07-27,0.020035556571824643,-0.0010499083075197902,-0.017835567118706385
2010-07-28,0.04469544308640075,-0.006946032638280118,-0.0009198988389073914
2010-07-29,-0.004960772526220883,-0.004167292220516642,0.019916035305956023
2010-07-30,-0.026455423707158032,6.349719619899018e-05,0.0075753585606673675
2010-08-02,-0.06550351521275,0.021783528781166763,0.03321059160602354
2010-08-03,0.027779516623088814,-0.004807894641330393,0.022753282630280317
2010-08-04,-0.018733825875519007,0.006032878060028029,-0.0058224735684886285
2010-08-05,-0.00496497090015242,-0.0012693298432147424,-0.007203453976092583
2010-08-06,-0.01642375461986057,-0.0037109155663972966,-0.017927127938482664
2010-08-09,0.018232028547749267,0.005468087107405527,0.010300980862875429
2010-08-10,0.010334913305389716,-0.005985281603927613,-0.017311590203421996
2010-08-11,0.12663455865947454,-0.028583405997961563,-0.0249313232414977
2010-08-12,0.013302236825070849,-0.005393266400071399,-0.02768527305318373
2010-08-13,0.01962734685065302,-0.004031690712189038,-0.005443763562299806
2010-08-16,-0.00534962640891136,0.00012045128871151444,-0.003467623344209454
2010-08-17,-0.07022517528471187,0.012118489601347648,0.027409830957958105
2010-08-18,0.010629708773749458,0.0014816804859392602,-0.005997398418474113
2010-08-19,0.07253817274895275,-0.01708043585689712,-0.01541834768545806
2010-08-20,-0.03659182577359178,-0.003669753922919338,-0.013907697817999248
2010-08-23,0.006647143832218493,-0.0040484907945532,-0.008655712257412898
2010-08-24,0.0677970137584628,-0.014618768361991257,-0.01698678506952981
2010-08-25,-0.028066773018711084,0.003283944691638116,0.015083325843023857
2010-08-26,0.024783959734400795,-0.007714466580892417,0.020741393874637266
2010-08-27,-0.11281730659016735,0.016450710403283032,0.021494925318360534
2010-08-30,0.10695427202348279,-0.014828611113085734,-0.000652568398463596
2010-08-31,-0.04356678023655845,0.00039071808849260096,-0.02592050846463868
2010-09-01,-0.0865578031225667,0.029077736386750194,0.022651463317508176
2010-09-02,-0.029738761492214355,0.00903985298673457,0.007567909758446665
2010-09-03,-0.0845447532479277,0.013132393793160998,-0.0033854477492522546
2010-09-07,0.1105091275719851,-0.011537491412768315,0.01385942425639028
2010-09-08,-0.02338041658778363,0.0064180594909031665,0.005516020863321567
2010-09-09,-0.019106119150379595,0.0048206520589967215,-0.00899513840731234
2010-09-10,-0.036611218724766796,0.004851545040690317,0.008867274187617097
2010-09-13,-0.03611506874651994,0.01106912660314444,0.011069457182275607
2010-09-14,0.01636699585833582,-0.0007133739296067345,0.0016436552256721133
2010-09-15,0.02473790451474603,0.003534883802268771,-0.0031631580548553235
2010-09-16,-0.017344162332559684,-0.0003644100558466401,-0.005464150910138098
2010-09-17,0.013263442485142232,0.0008265141149324639,-0.0034463531239837582
2010-09-20,-0.02344397080374611,0.015095287889557545,0.014092794896689029
2010-09-21,0.03877340299395738,-0.0025673131207138568,-0.011411326289342624
2010-09-22,0.007133326959073418,-0.004837172794451643,-0.006011417161264038
2010-09-23,0.05866281042259057,-0.008366240177841381,0.0020505410826178946
2010-09-24,-0.09484953378980528,0.020972915547808245,0.009682864797859476
2010-09-27,0.037518607510091076,-0.005683553181933576,-0.0038110189304615036
2010-09-28,0.0026583739279075606,0.004838660735848585,0.0017802572191023063
2010-09-29,0.02835520887593372,-0.002591112883144724,0.025835367369858316
2010-09-30,0.019169948299257725,-0.00308848670645526,0.01888700943087386
2010-10-01,-0.051959771122248685,0.004406714359894576,0.017343593381737053
2010-10-04,0.044760922710600816,-0.008067386519721716,-0.005627761056281001
2010-10-05,-0.07820279941476672,0.02064672250716406,0.01855867688269468
2010-10-06,-0.012485732502410102,-0.0006722304595956211,0.002589774591731342
2010-10-07,0.003252021266236229,-0.0016478755817934904,-0.019348900551471593
2010-10-08,-0.040223090069560916,0.006103613171284074,0.007165902841285498
2010-10-11,-0.08828518266090632,0.00014582627318711122,-0.0036959512545533236
2010-10-12,-0.0015834671970587075,0.0038114836641496563,-0.002631280301771748
2010-10-13,0.007368422266893659,0.007095785561559261,0.013560329042031442
2010-10-14,0.041597755404064914,-0.003648032184403023,-0.0013004743990688713
2010-10-15,-0.04369744162314467,0.002025432873275127,-0.024914474507601342
2010-10-18,0.003147928340413181,0.007217634690706231,0.023019908739376295
2010-10-19,0.07758164067218151,-0.016004644029054833,-0.03952897842496324
2010-10-20,-0.04156948052632457,0.010469082613678416,0.03036055953193178
2010-10-21,-0.026627299695067767,0.0017723369527991779,-0.021399554922900507
2010-10-22,-0.02575699583881521,0.0023864087842906394,0.01371460596988831
2010-10-25,0.05541151600810789,0.00214467014688162,0.006967017142675228
2010-10-26,0.018468153282777625,1.6885142218022246e-05,0.0014354397595922953
2010-10-27,0.023944451566878418,-0.0026942096392165637,-0.005153109696551623
2010-10-28,0.008175091620792916,0.0011242172367564925,0.004315951809468045
2010-10-29,0.015209494844409475,-0.00043938381356833266,-0.005277627910831832
2010-11-01,0.029283949401263522,0.0009460857172530168,0.017524453759900867
2010-11-02,-0.01198172081403343,0.007729336064693736,0.009292555085120795
2010-11-03,-0.09781680894979457,0.003671306443685746,0.01129290290117336
2010-11-04,-0.05463538336781784,0.019099304409664532,0.018580678742156076
2010-11-05,-0.01413836623386944,0.003915079053611362,0.0012492263275861884
2010-11-08,0.0016416247575181877,-0.0021232098228606586,0.003964421284768452
2010-11-09,0.042286149562563324,-0.008084894540661062,-0.0014706406038171853
2010-11-10,-0.03249290498661731,0.004366533579725262,0.007106998724078838
2010-11-11,0.009162019478373333,-0.004251149890857143,-0.001687591430628247
2010-11-12,0.10046664800344592,-0.011878766244753407,-0.02820628106784394
2010-11-15,-0.020093782340269765,-0.0012181773094550822,0.004160900875092995
2010-11-16,0.11138191316624928,-0.016338157414688127,-0.022984078757885995
2010-11-17,-0.03699112283647901,0.0002121403759877297,-0.017261360180662693
2010-11-18,-0.14887968008978872,0.015240583543647691,0.021030945074901292
2010-11-19,-0.0386021870320907,0.0025371519119104955,-0.008383149826172654
2010-11-22,0.01812737952770139,-0.001576608885061296,-0.004515720849518913
2010-11-23,0.11602734149088692,-0.014387031590549965,-0.008492355187551348
2010-11-24,-0.05325964909980555,0.01481271551861717,0.030636926799850552
2010-11-26,0.12750611600623357,-0.007496591424233891,-0.003033423275908335
2010-11-29,-0.03154541004057509,-0.001379810265237083,0.02035687374356925
2010-11-30,0.08925379745577,-0.006088715610163862,-0.016391896678668232
2010-12-01,-0.09718109805803536,0.021386622263129783,0.03375804920660229
2010-12-02,-0.09676260488959139,0.012737100160620848,0.02027246572382414
2010-12-03,-0.07383026588045172,0.0025998540163515035,0.008017128494736977
2010-12-06,0.0005551056868191926,-0.0012990821033003648,0.0003280885915346569
2010-12-07,-0.001666242343565088,0.0005149475844580072,-0.0006562848605217689
2010-12-08,-0.013994071260302632,0.0036949257526148233,-0.0068072590498906614
2010-12-09,-0.028009820502044536,0.0038353835670092563,0.0024207893352772847
2010-12-10,0.02065481369011863,0.005983703744360294,-0.005620717981706636
2010-12-13,-0.003413050727946999,4.8319150458452794e-05,0.007816399809062307
2010-12-14,0.0034130507279471404,0.0009105416846800492,0.00021926143617582912
2010-12-15,0.01856592923226022,-0.0051356170153353965,0.010795567308731487
2010-12-16,-0.031137593131403733,0.006166045704273937,-0.005328682875221156
2010-12-17,-0.07645505819295859,0.0008364544598930705,-0.0004362625887325433
2010-12-20,0.018450660728144403,0.0025451114605429463,0.011604703929428176
2010-12-21,0.0048632268879392915,0.0060119938497866,0.004947833018665856
2010-12-22,-0.06514513169301307,0.0033738576255426243,0.004816756236156302
2010-12-23,0.06393151150041171,-0.0016456817776046477,0.006386381144601538
2010-12-27,0.070327788150448,0.0006125096248109704,-0.004253079554301548
2010-12-28,-0.008525179013007032,0.0007710265951420123,0.005631410423108139
2010-12-29,-0.013793308523969885,0.0010086365106648648,-0.0025461277073761898
2010-12-30,0.013793308523969955,-0.0015093576964174303,-0.01121630170060263
2010-12-31,0.013042404285116388,-0.00019080765268397786,0.017675116173587767
2011-01-03,-0.00791855875393745,0.01125129414776139,0.0009493786211152618
2011-01-04,-0.013146885617549748,-0.001313924652635054,-0.013908995188652108
2011-01-05,-0.020930921509076987,0.004994676074308499,0.0208440200916858
2011-01-06,0.022081034256075088,-0.002125214370637225,-0.010314830683568369
2011-01-07,-0.01505530673707864,-0.001846485769081899,-0.012669797606317238
2011-01-10,0.023069161580720372,-0.0013772751808198854,0.02507664737331289
2011-01-11,-0.037762344457729226,0.003718206258407198,0.01976168686972346
2011-01-12,-0.03924437404302551,0.008967253798850817,0.005211293942524291
2011-01-13,0.00919403487664941,-0.001712211240459357,-0.0006117360563381438
2011-01-19,0.08685381100839912,-0.010167165793385584,0.003674229465369237
2011-01-20,0.038531696904147116,-0.0012957984038339024,-0.016227138305869627
2011-01-21,0.026331721795172777,0.0024106376042604427,0.010505778380703034
2011-01-24,-0.04541199526859884,0.005819315234595438,-0.010195215937938125
2011-01-25,-0.0034051943421277995,0.00026342777361852736,-0.014177247840293034
2011-01-26,-0.05552116871088159,0.004212024148480004,0.027543712761981528
2011-01-27,-0.029889372665031708,0.002241791060799816,-0.005325197062770593
2011-01-28,0.21581029585341144,-0.018013805424182846,0.02062975254313755
2011-01-31,-0.025778541854573116,0.007633349932881147,0.015866260740636694
2011-02-01,-0.1023498312398844,0.016555791837834375,0.007200975407865681
2011-02-02,-0.018895491404016758,-0.0027262302593629275,0.005880049195530194
2011-02-03,-0.0358966877307838,0.0023514322901266806,-0.005683447008548511
2011-02-04,-0.04660562659314564,0.0028801110627525582,-0.019148362894581182
2011-02-07,0.021733259672379306,0.006220782345952654,-0.005826838122761737
2011-02-08,-0.02929472498903481,0.004176020375839696,0.006727927924815158
2011-02-09,0.0037878495645686273,-0.002789653077800705,0.018836697984866386
2011-02-10,0.013767443160521095,0.000749212207498601,-0.009373959181309087
2011-02-11,-0.025174430486962742,0.00549226150188646,0.005536322100965058
2011-02-14,0.016435277271826917,0.002382084644068833,0.01613649515096014
2011-02-15,0.025991625377035844,-0.003240154691578971,-0.014068251100667098
2011-02-16,0.02115512393964899,0.006237938698850808,0.020836109730251184
2011-02-17,-0.007805453189304235,0.0030709708803804935,-0.011532835774113731
2011-02-18,-0.009691162776456846,0.0019228727220244875,-0.00068255765138044
2011-02-22,0.2358439994040118,-0.020742204920454525,0.031303585346128295
2011-02-23,0.061981166112584404,-0.006130715010508629,0.050418466948533934
2011-02-24,-0.03728853115649204,-0.0009948719612429039,0.0009882810206468277
2011-02-25,-0.10369421716700959,0.010495248165324718,0.006979883185765903
2011-02-28,-0.04632177252745308,0.005545679951233036,-0.0030364972351825115
2011-03-01,0.13536893046173634,-0.015864861791058633,0.03186604540096474
2011-03-02,-0.014864788622555268,0.0016138978895201782,0.008025243215197356
2011-03-03,-0.10697213590002072,0.017072434579238578,-0.013498496580664989
2011-03-04,0.024430268977963295,-0.007405389789368721,0.010227167441560008
2011-03-07,0.08060758609958137,-0.008376215256269803,-0.008051645563561173
2011-03-08,-0.04150794280134847,0.008883161530176173,-0.017361272277830447
2011-03-09,0.019980666129118946,-0.0013626313929708095,0.02515420731583872
2011-03-10,0.07890075956399603,-0.019051280476330656,-0.004408548698446326
2011-03-11,-0.0858486481735623,0.007055564524569619,-0.013870366657957144
2011-03-14,0.050969500886311254,-0.006067696956773771,-0.001494424022574789
2011-03-15,0.14060525263927956,-0.011263544394845545,-0.04636504073315337
2011-03-16,0.18969561681985514,-0.019687481949372254,0.019166472538561543
2011-03-17,-0.10876762917897126,0.013309266231874258,0.03796126873925592
2011-03-18,-0.07600587603532484,0.0043009395825458095,-0.00847797074612027
2011-03-21,-0.1704447316384711,0.01487466793018228,0.009000006418242447
2011-03-22,-0.019598938401889088,-0.0035568853410381704,0.006416374016266441
2011-03-23,-0.05283092507740427,0.002909742258502921,-0.0012972446920567514
2011-03-24,-0.06297480314124997,0.009297393435475379,0.0014701275255979464
2011-03-25,-0.005012550343247858,0.0031561510021889394,-0.0011240750324116892
2011-03-28,0.08197361895147537,-0.002751618499391395,-0.0068579051555659664
2011-03-31,0.0016925638801745457,-0.001831177104975248,0.019184238206185415
2011-04-01,-0.019351779682477692,0.004950712944456072,0.011353136870379548
2011-04-04,0.005730696632532733,0.0003451501808517552,0.01968699439084621
2011-04-05,-0.014388737452099556,-0.00018007145753026058,0.00953643915789206
2011-04-06,-0.020498544120514346,0.002181296758153027,0.0006543581916526284
2011-04-07,0.012349524219459994,-0.0015211626992252944,0.0030207404718151695
2011-04-08,0.043460252558278,-0.004012483000974196,0.031929580377692036
2011-04-11,-0.07432326273465698,-0.00279728829140217,-0.021307099145496545
2011-04-12,0.029693392656053946,-0.007807095445724583,-0.024991134581623095
2011-04-13,-0.009997147368813642,0.0001902174903101045,0.01607909227905779
2011-04-14,-0.03917340932078577,8.36730908616908e-05,-0.004240722776754863
2011-04-15,-0.06016380497403499,0.003917728825568014,0.008868666799725106
2011-04-18,0.10169843198983564,-0.011078997728577972,-0.015016983058756319
2011-04-19,-0.06895070730884936,0.005714810218094469,-0.002305086856527676
2011-04-25,0.07094246838144636,-0.0015939395500958124,-0.0026650062179330893
2011-04-26,-0.009557292917469819,0.008939507790192994,0.003874062324104623
2011-04-27,-0.017436638200322832,0.006230397799828821,0.007943218858267142
2011-04-28,-0.04872505239071753,0.0035491184714345463,-0.0008794772746415826
2011-04-29,0.008852636291892677,0.002298019742020782,0.006934807277381825
2011-05-02,0.08072042974597282,-0.001754249109045456,-0.006135206181291823
2011-05-03,0.04344525257590385,-0.0033850263710526606,-0.021570540272888104
2011-05-04,0.022499418785859582,-0.006878914252832363,-0.010343176350021415
2011-05-05,0.06351345210893386,-0.009111217180694528,-0.08963278026955027
2011-05-06,0.010929007880390319,0.003812642995876722,-0.015186994899108843
2011-05-09,-0.06976955871514139,0.004533870101931407,0.06018795655416927
2011-05-10,-0.07563325240874326,0.00804161600966336,0.014816318111832693
2011-05-11,0.06332004607863076,-0.011173689687885626,-0.043968833967290906
2011-05-12,-0.055805869381146254,0.004883493672167491,0.00363559395402557
2011-05-13,0.06286050947195818,-0.008100047045425269,0.007495281813244558
2011-05-16,0.06629445316939162,-0.0062237186380957365,-0.009710514588027453
2011-05-17,-0.03856306565829866,-0.0003686285233300362,-0.024606175687986235
2011-05-18,-0.0781925531178266,0.008765271983703134,0.020784455772462015
2011-05-19,-0.044731809071559596,0.0021755725891674884,-0.007867060760581378
2011-05-20,0.11606333279042583,-0.007717974612614023,0.008668131940655422
2011-05-23,0.04706751840481784,-0.011997264840988668,-0.02058593022991163
2011-05-24,-0.024938990528199548,-0.0008277226453314669,0.021830812044497123
2011-05-25,-0.042998885988750984,0.0031781131566695725,0.021103408121882158
2011-05-26,-0.05912454844075664,0.003945322767699228,0.001043592970880092
2011-05-27,-0.006860058795599718,0.004072615318765918,-0.00017388971098868008
2011-05-31,-0.03372892069363531,0.01053701485636789,0.014670651126798974
2011-06-01,0.16929202715823813,-0.023048225700640405,-0.01902681767142166
2011-06-02,-0.011541710314559759,-0.001225586114047521,0.008780011525764148
2011-06-03,-0.007769150404256466,-0.00978149266519151,0.00259309874687364
2011-06-06,0.029639875582473423,-0.010818516013722313,-0.011809732452378143
2011-06-07,-0.02297694530474654,-0.0009568650426676839,0.01989164783086184
2011-06-08,0.0390717744339484,-0.0041956644216076975,0.00912080403212788
2011-06-09,-0.055813194222516405,0.007350409328991669,0.014489354944707511
2011-06-10,0.059531641640499386,-0.014078482881846339,-0.006628939068506329
2011-06-13,0.03899636176522446,0.0006685325595012269,0.0026904312388035087
2011-06-14,-0.07132678363133586,0.012532913485107313,0.00886075494325757
2011-06-15,0.1549326972821581,-0.01758556950725801,-0.025795960919657607
2011-06-16,0.06404003274168413,0.0017527979756827483,-0.026654415411294062
2011-06-17,-0.03948467872509901,0.003040390291799793,-0.0071293491587795755
2011-06-20,-0.08896880193767574,0.005380689090158733,-0.013517294591528008
2011-06-21,-0.0581888274949561,0.0133341790614636,-0.0066475765386080875
2011-06-22,-0.01819205563224196,-0.006489459844407726,0.0289592291734418
2011-06-23,0.04073562044358388,-0.002831992858193941,-0.06278303757518591
2011-06-24,0.08968618418227677,-0.011795077176858442,-0.020153232606791242
2011-06-27,-0.025925643949755668,0.009142536655730837,0.00824214901978077
2011-06-28,-0.0700008535739844,0.012861292735996777,0.025982752888909607
2011-06-29,-0.10437564237253523,0.008248633534913173,0.032736468261971706
2011-06-30,-0.04439912286238242,0.010068371595162745,0.0007115068720440855
2011-07-01,-0.040141268475327285,0.014306869106082431,-0.00633229954384899
2011-07-07,-0.024157281497606094,0.010399582892092554,0.04281256379389696
2011-07-08,0.0,-0.006985458106936123,-0.002194788225675445
2011-07-11,0.1423481881543561,-0.018256166936573934,-0.00925424924891696
2011-07-12,0.07740409337301885,-0.004443369829837216,0.0043406352748393785
2011-07-15,-0.06300116998040314,0.005539055540283086,-0.008999106069338703
2011-07-18,0.07018690273821669,-0.008163117539368405,-0.010372550736596884
2011-07-21,-0.08354108793706973,0.013455262786265243,-0.005431562022689725
2011-07-22,-0.0022804461573577074,0.0009074395131127662,0.009823061722257831
2011-07-25,0.0993493275536799,-0.005658995223243947,-0.00617047497447792
2011-07-26,0.04447418936170339,-0.00411342006232854,0.002878643391056973
2011-07-27,0.12745762394882737,-0.02051772480729147,-0.007212270688045247
2011-07-28,0.032537127039813284,-0.0032392071555055867,-0.0005962749403744875
2011-07-29,0.061664776181036204,-0.006471427287173138,-0.005296917558804062
2011-08-01,-0.06504030362032044,-0.004140860866230743,0.0005994407903430918
2011-08-02,0.046654530877367,-0.025888909190623945,-0.0030008037192723585
2011-08-03,-0.058559462829848474,0.0050031459527175165,-0.028126680574689797
2011-08-04,0.30317312948471975,-0.0490016550437416,-0.054258620164854846
2011-08-05,0.010681853166440157,-0.0005750829892724604,0.01957409665176284
2011-08-08,0.4054651081081644,-0.06895836939262512,-0.05284890612879329
2011-08-09,-0.3141400922450653,0.04631744106338802,-0.011342258987069075
2011-08-10,0.203906650888555,-0.04515679702747437,0.039288212830451995
2011-08-11,-0.09740592342173438,0.04525059436377155,0.01248266191330213
2011-08-12,-0.07009236003402193,0.005247875067275939,9.259094144436643e-05
2011-08-15,-0.13180413133335822,0.021550727976033655,0.01725292737074738
2011-08-18,0.3009720478763144,-0.04561859893236344,-0.03318472310798267
2011-08-19,0.008866158863652942,-0.015122756128207963,0.01512022570897455
2011-08-22,-0.014270931764199269,0.0002580078732242726,-0.002396555043330482
2011-08-23,-0.15710031547155867,0.03371024838647402,0.008728837121519756
2011-08-24,-0.010253627917988005,0.013034651368546804,0.007655227130046324
2011-08-29,-0.09761689822381693,0.027887505012164332,0.0046586417174056755
2011-08-30,0.01872083605794035,0.0023442750237692416,0.01894699837741269
2011-08-31,-0.03937878332105937,0.004909908712070555,0.0072530736874510116
2011-09-01,0.006305154996403678,-0.011942460792303735,-0.004887829929195172
2011-09-02,0.06390974362318579,-0.025607017291752767,-0.017298101965918845
2011-09-06,0.08691315570208864,-0.007464076457609708,0.004972903912699581
2011-09-07,-0.102960962411877,0.028243824959147193,0.025450703625737654
2011-09-08,0.02777131549534588,-0.01066889038730246,-0.010853155951811862
2011-09-09,0.11544933308602358,-0.027068562510962152,-0.015661119064547764
2011-09-12,0.0018155806898890782,0.0069415681820229275,-0.004621789853865558
2011-09-13,-0.044510666595751563,0.009078726180354301,-0.0032122862576588742
2011-09-14,-0.06462887494472323,0.013389760518230381,0.004547710670320862
2011-09-15,-0.07905569636918895,0.01704104671810514,0.025820305401682155
2011-09-16,-0.03145612138132284,0.00569047556193546,-0.0274230152361141
2011-09-19,0.054950254314411855,-0.009850948688080358,-0.02782978503488079
2011-09-20,0.003964056656392645,-0.0016623864527241425,0.012745998521720947
2011-09-21,0.1272732366184475,-0.02983099508714744,-0.001629699807798196
2011-09-22,0.10254301676628279,-0.032402456759229786,-0.04513161343646822
2011-09-23,-0.0024212717874641976,0.006063588829469748,-0.01451373371237207
2011-09-28,0.08559614264109512,-0.02090819585269548,-0.0315741030689197
2011-09-29,-0.05607078228150384,0.008081486435358656,0.0013477032589539859
2011-09-30,0.1008187815376994,-0.02529127447886567,-0.01151379191585842
2011-10-03,0.05634340852038327,-0.02886360290378494,-0.0102705753940691
2011-10-04,-0.10744068750426934,0.02223930613115467,-0.019057630565393367
2011-10-07,-0.001931826008410288,-0.00819681118762265,0.0014176449238901224
2011-10-10,-0.09194568755219439,0.033555643919288364,0.028582681961619172
2011-10-11,-0.004857321171782458,0.0005438556372526529,0.01620580264640242
2011-10-12,-0.04991679886821752,0.009747046937638061,0.005673366040592293
2011-10-13,-0.018076652870607075,-0.0029781023951361333,-0.002247494977860034
2011-10-14,-0.08352327492443873,0.017230948802478146,0.031624936587140086
2011-10-17,0.16751703115593075,-0.01955993759944958,-0.040211756012328376
2011-10-18,-0.0563659566203956,0.02021304938031121,0.008946766474362872
2011-10-19,0.08732816062894928,-0.012729818787026607,-0.025144825941721242
2011-10-20,0.009823834143644138,0.004543839821084399,0.012560355243726423
2011-10-21,-0.10478561244948577,0.01863406749243458,-0.001823861329176062
2011-10-24,-0.06803545796447948,0.012790806680371788,0.01710371033843329
2011-10-25,0.0963660122210066,-0.020248346199382077,-0.004766828209881818
2011-10-26,-0.07606760308384558,0.01048143054408723,-0.018287317526999296
2011-10-27,-0.15941125538166515,0.03371659116813434,0.028691031653092683
2011-10-28,-0.03721167090735096,0.00038915352854135727,-0.019551035965811665
2011-10-31,0.19996624182822698,-0.025048616612977612,-0.003189560288833043
2011-11-01,0.14889183109455228,-0.02834005962159464,-0.00018253439763750244
2011-11-02,-0.06015733597571205,0.015976363304397206,-0.001827527739510388
2011-11-03,-0.07087093959617,0.018607607200930413,0.013535252334860495
2011-11-04,-0.011210145532890866,-0.0062998195371895644,0.010233476865308287
2011-11-07,-0.010331685462308806,0.006276008211166596,0.022867692727016647
2011-11-08,-0.0827264019220845,0.011667310321725162,0.0038334464620727905
2011-11-09,0.274495080608096,-0.037385347098988095,-0.023669245126407654
2011-11-10,-0.0972201424753009,0.008587201099481741,0.012388456348365785
2011-11-11,-0.08820353145600127,0.019293223004513554,0.003949665662115934
2011-11-14,0.035642100121649506,-0.009596036687554769,-0.02008476488261932
2011-11-15,0.0028869355989902972,0.00480559827730043,0.004458719734813698
2011-11-16,0.07078495856716757,-0.016755798341954984,-0.0045481163151165505
2011-11-17,0.02940523681211393,-0.016942671987706433,-0.03326064028998352
2011-11-18,-0.0755131856730705,-0.0003947564904724282,-0.006117394791841906
2011-11-23,0.060974161178281694,-0.02234297045859626,-0.01860736100645062
2011-11-25,0.01431731317004287,-0.0026891193002505226,-0.00581011026729893
2011-11-28,-0.07029920957095136,0.028821079038609924,0.02414229098063256
2011-11-29,-0.047483881419015495,0.0022112069693969918,0.01655937845626296
2011-12-02,0.004005124951172153,-0.00024101537332728125,0.00867866933825181
2011-12-05,0.011560811248108576,0.010234463299265799,-0.0011832072626121965
2011-12-06,0.010362751720553426,0.0011051379065262915,0.009065423539252899
2011-12-07,0.019014689888726632,0.0020163207826575202,-0.011618527725135065
2011-12-08,0.06482188059458883,-0.021368498950929855,-0.013049240240401664
2011-12-09,-0.14806704767505136,0.016742412907085384,0.004706344942519689
2011-12-12,-0.02728311762076882,-0.01502638690477899,-0.01259976442169802
2011-12-13,-0.010180206528114803,-0.008723953020305214,0.020668735785400794
2011-12-14,0.02449106117182846,-0.01141325149713759,-0.041773773011550455
2011-12-15,-0.0363676550222635,0.003237852858081692,0.0006663147851364589
2011-12-16,-0.033201416770990866,0.003210989101900451,-0.01669581966655319
2011-12-19,0.025605916275193444,-0.011802198458557732,0.002802078441170187
2011-12-20,-0.0706567502823588,0.029389295930944068,0.02937896257369181
2011-12-21,-0.08022212297237571,0.001947608164854339,0.009140109484299207
2011-12-22,-0.012679223947122,0.008231577169829831,0.001669762043333565
2011-12-23,-0.020530695413446605,0.008994480783105519,0.000648595763474583
2011-12-27,0.05536124227756756,7.910481903918606e-05,0.012061073191638749
2011-12-28,0.07090799585009548,-0.012556506256502386,-0.01577304415862014
2011-12-29,-0.037691307406054794,0.010650172463280615,0.0041750265058864275
2011-12-30,0.032576170974418214,-0.004300570740064627,-0.005849915792192561
2012-01-03,-0.01854701925366769,0.015355483670177897,0.04328496856189592
2012-01-04,-0.033196233498517434,0.00018790634443729306,0.013904485937885335
2012-01-05,-0.03387050497983953,0.002939392669493865,-0.008479110210915429
2012-01-06,-0.04037596192658846,-0.0025401850025391333,0.002834365948108726
2012-01-09,0.021103926929279832,0.0022590443626086362,-0.0054099783867186885
2012-01-10,-0.018199695762391194,0.0088465236130604,0.007353967902902092
2012-01-11,0.017250006314429255,0.00030954934463217333,-0.00922320240792524
2012-01-12,-0.027940157755029157,0.0023338827385691882,-0.008769592914010608
2012-01-13,0.021267140013971748,-0.004960204447869401,-0.007397414679361716
2012-01-17,0.059864817101697484,0.003546657768174128,0.009821192893249224
2012-01-18,-0.06082177689380483,0.011046689130222281,-0.00783113149807373
2012-01-19,-0.05005944755114046,0.004926501717244016,0.008010477672991788
2012-01-20,-0.08340349521126209,0.0006692357932856269,-0.015266114766102507
2012-01-23,0.021110358051409393,0.0004712319220408503,0.006532423998233412
2012-01-24,0.01277291296112497,-0.0010263438252235968,-0.004986212680883492
2012-01-25,-0.032243545082321017,0.008641694717196025,-0.0020014674109289266
2012-01-26,0.01410002941192694,-0.005770508287989055,0.00888494841959265
2012-01-27,-0.0021562815776575575,-0.0015941475452909452,0.006029248131226573
2012-01-30,0.045881969052743776,-0.0025253090863453726,-0.006390365002190979
2012-01-31,0.0020597800984979817,-0.0004570511280779364,0.0020746262206049054
2012-02-01,-0.04686307857976045,0.008860237474265962,0.005212505729194262
2012-02-02,-0.031209744340761503,0.0010945478306671234,0.004561132465810679
2012-02-03,-0.05018151776708531,0.014499725948107648,0.022149611620155423
2012-02-06,0.037870264634729735,-0.0004239640135311185,0.011713278353714078
2012-02-07,-0.006212988685224795,0.0020213375254701533,0.0025844522227088545
2012-02-08,0.028485603004440523,0.0021578809333250354,0.008310835566589476
2012-02-09,0.025551774795347742,0.0014730251258786603,0.011790283992257502
2012-02-10,0.10969900634075187,-0.006910122643616179,-0.010852152390229772
2012-02-13,-0.08793006845919248,0.006777023326497382,0.005271247983598797
2012-02-14,0.02592161602100748,-0.0009399650039259267,0.0019484385262756889
2012-02-15,0.07870325810156524,-0.005397747536216691,0.006495418089240777
2012-02-16,-0.09521558375363712,0.010965365833276902,0.009872907342838065
2012-02-17,-0.07787709911183284,0.0023461758829402962,-0.004422375882863148
2012-02-21,0.02279775318524723,0.0007196637576957368,0.01724468022859671
2012-02-22,0.0,-0.0033456974121455286,0.01014072999386519
2012-02-23,-0.07949318089383792,0.00426290318060624,0.005841337461466713
2012-02-24,0.029905497339419138,0.001670841175508428,0.014854329451582675
2012-02-27,0.04958768355441875,0.0013536425518792066,-0.010415116218254755
2012-02-28,-0.012725009991845157,0.0033507134923147753,-0.021325853813249182
2012-02-29,0.025832776342231942,-0.004748242756953383,0.00909060418446404
2012-03-01,-0.06558808932426767,0.006139156544532941,0.028451595871584058
2012-03-02,0.0017366537303545333,-0.0032510350278581205,-0.02041291961746469
2012-03-05,0.043017289864314204,-0.0038772005028211405,0.0012123785934729653
2012-03-06,0.14516711879076255,-0.015489506127544145,-0.0148102605125342
2012-03-07,-0.09019635769213531,0.006876921722994126,0.01739173731994907
2012-03-08,-0.06052624617152485,0.009770049174722241,0.010578714356218924
2012-03-09,-0.04792703386156333,0.0036246730207315234,0.004295614775503571
2012-03-12,-0.08983136650756689,0.00016044778678812074,-0.005093175261216979
2012-03-13,-0.055204563411187506,0.017969133090434228,0.006996410248201849
2012-03-14,0.0338790434200462,-0.0011969780885961415,-0.009952707561665622
2012-03-15,0.0071591360053037695,0.0059494657015602215,-0.011427761130453469
2012-03-16,-0.0635878139855573,0.0011187724767004654,0.018126855822328935
2012-03-19,0.038635756887973,0.003965971514071157,-0.0007951533136495233
2012-03-20,0.03527471956036078,-0.003005028734390367,-0.012728797935267894
2012-03-21,-0.029308500181580762,-0.0018729499037742287,0.0006442832194394753
2012-03-22,0.02866643088155813,-0.007232634226897842,-0.008571230401561254
2012-03-23,-0.04936836696988123,0.0031040360075561585,0.016031260400637123
2012-03-26,-0.038519168239013295,0.013790299964088289,0.004147101206349201
2012-03-27,0.08917126182046484,-0.002820749754246321,-0.0008758359513842935
2012-03-28,-0.007727011011186045,-0.004953758683289016,-0.011053354252109782
2012-03-29,0.0006461567442357963,-0.0016092239433873861,-0.014358423522682864
2012-03-30,0.0012911853349168536,0.003691613621621361,0.003995584640312781
2012-04-02,0.008991733143546546,0.007476626120982405,0.020539589421999894
2012-04-03,0.0012779237501105423,-0.003996611820141247,-0.0045547219477345535
2012-04-04,0.04860774129443181,-0.010254926852538038,-0.02038909064133476
2012-04-05,0.015691342994415703,-0.0006292401524213991,0.008870172347747103
2012-04-09,0.11897984981301525,-0.011423437999542612,-0.006176388110307745
2012-04-10,0.08065593973177483,-0.017229025277185804,-0.023006588580622413
2012-04-11,-0.018312757900103144,0.007421289800123757,0.0024994019077368597
2012-04-12,-0.15182236857604123,0.013685315235975748,0.012650536919158026
2012-04-13,0.12806581922998678,-0.012553467125056119,0.0009854870316415622
2012-04-16,0.0,-0.0005037272401734527,-0.02619584740186572
2012-04-17,-0.05736906792683063,0.015367979157954645,0.000842234316666902
2012-04-18,0.009703597033754667,-0.004063533761746023,-0.006842667109381601
2012-04-19,-0.015135358077369078,-0.005952075477202332,0.00025425926434131723
2012-04-20,-0.051407969332490144,0.0011685826213373295,0.006420043417688685
2012-04-23,0.08409229864712987,-0.008443113102887432,-0.00042113153021257647
2012-04-24,-0.04694678840307742,0.003673019641628904,-0.004643867137215818
2012-04-25,-0.07334332294627904,0.0135523428987414,0.008091742217098486
2012-04-26,-0.035091315761353666,0.006657952133507798,0.006693427092350265
2012-04-27,0.004914010196641713,0.002411413929023093,-0.0007507515505122722
2012-04-30,0.04960682053235149,-0.0038910622753696145,-0.0030087829280750723
2012-05-01,-0.032595433026214614,0.005642435719684134,0.0015891145193892271
2012-05-02,0.01672672110759015,-0.0024998055766587628,-0.012276339412772029
2012-05-03,0.039494118343474806,-0.0076883511035068415,-0.018098454803395683
2012-05-04,0.08720120678517083,-0.016278995721590046,-0.025300149939254567
2012-05-07,-0.011548648623565397,0.000350519582897646,-0.000176695615162404
2012-05-08,0.0057909455681224384,-0.004287853134969311,-0.0038071699606222116
2012-05-09,0.05265722950063516,-0.006724827531781949,0.0041605299751222725
2012-05-10,-0.06427295240669122,0.0025142474063852525,-0.004160529975122212
2012-05-11,0.05476572356218939,-0.0033930913342817433,-0.004177980291604467
2012-05-14,0.09489881088287494,-0.011175073102338487,-0.0061654346735612025
2012-05-15,0.004561982080337887,-0.005762408276502476,0.0059872228917002635
2012-05-16,0.013562646681707613,-0.0044135439289479245,-0.004733197374318367
2012-05-17,0.09502435979369832,-0.015165797405604461,-0.03850841927597314
2012-05-18,0.024602999717589166,-0.007415201826754865,-0.0032614153551640867
2012-05-21,-0.1313709553983719,0.01590868439583931,0.015466834769539152
2012-05-22,0.021129098724974236,0.00048621879514186843,-0.0036828500722066214
2012-05-23,-0.006694942226927723,0.001692270514548765,-0.026640880946395402
2012-05-24,-0.03601934820357741,0.0013790801585880884,0.009334898679196997
2012-05-25,0.010161718274376284,-0.002167980702760717,0.0026244159115062613
2012-05-29,-0.034123410140839486,0.01101805527882847,-0.001405100923209305
2012-05-30,0.13792016802018991,-0.014438629304797283,-0.030551974759967043
2012-05-31,-0.0033195020359348655,-0.0022792610600432576,-0.015584209850899493
2012-06-01,0.1026136206774618,-0.024951295414361523,-0.03435187882205772
2012-06-04,-0.020462972488940353,0.00010954819498779878,0.004257895438764598
2012-06-05,-0.05670812513565133,0.005710514594359025,-0.00010119011079458187
2012-06-06,-0.10770435640914626,0.022787776048048256,0.01804744281790429
2012-06-07,-0.020055391541126965,-0.00010647016016737382,-0.007079842959835362
2012-06-08,-0.02281820929917,0.008081420799989608,-0.004613840491197797
2012-06-11,0.1041350819623545,-0.012700423815401067,-0.01488862476582383
2012-06-12,-0.0644253117758245,0.011583389901239803,-0.008814248036188759
2012-06-13,0.09411601426022582,-0.007048030071104175,-0.00010297149752549232
2012-06-14,-0.1128508479519876,0.010756592649869777,-0.0010300626803270239
2012-06-15,-0.026643299874678675,0.010284745652146795,0.005959756983304406
2012-06-18,-0.1417535481852229,0.0014437039589353582,-0.016111032452674274
2012-06-19,0.003269728679481154,0.009767834417612748,-0.003023837429272229
2012-06-20,-0.0640308193080602,-0.001687780512771723,-0.03258446533066923
2012-06-21,0.1524920390646908,-0.022513208183375856,-0.03804327469402818
2012-06-22,-0.10325998542624705,0.00714898923450435,0.01942239550615562
2012-06-25,0.11808968101753194,-0.016083502390603004,0.00032967502239785395
2012-06-26,-0.03292067226057718,0.004761368161020215,0.021845073645906342
2012-06-27,-0.013786205064603435,0.00894478141961743,0.005146948586990342
2012-06-28,0.013278965424603774,-0.0021120283457667526,-0.02315368370621046
2012-06-29,-0.14321789082117195,0.024614793734920246,0.068116855656408
2012-07-02,-0.016529342897415596,0.002456292158706836,-0.004714641461365827
2012-07-03,-0.008368213416389917,0.0062127715684242545,0.033737206514788086
2012-07-05,0.0491902533497088,-0.004698041566321199,0.00019859612081504457
2012-07-06,-0.023122395112683266,-0.009477418655581979,-0.025241367373774803
2012-07-09,0.050181517767085355,-0.00164017617051813,0.021460671797285887
2012-07-10,0.040332430785793544,-0.00815912178959069,-0.023703752026067833
2012-07-11,-0.0420022769317862,-1.4923688990578574e-05,0.022806256712558568
2012-07-12,0.02094890025149116,-0.004999574352459078,0.008345764538043497
2012-07-13,-0.09073800630078978,0.016362759247573275,0.013073384439446977
2012-07-16,0.021862072187735355,-0.0023169958916205513,0.011167889806369602
2012-07-17,-0.037515626871911,0.00738235580991176,0.0043362818284345996
2012-07-18,-0.019608453053774056,0.006658275330085007,0.011092135544473886
2012-07-19,-0.044930052652173515,0.002713415248511383,0.02479465209849145
2012-07-20,0.051713958367934146,-0.010112620534169033,-0.00903888368664992
2012-07-23,0.13491336755414113,-0.008948979003707246,-0.033988702958305486
2012-07-24,0.09472404920867501,-0.00908205019242412,0.001548249123657916
2012-07-25,-0.05678486821430124,-0.0003139107221179555,0.009239710638928415
2012-07-26,-0.09826175981202437,0.01640566286495112,0.008395440318461999
2012-07-27,-0.04850497299517483,0.018900814490450273,0.0114297665713145
2012-07-30,0.07662831019101972,-0.00048347644461061725,-0.002539186719856798
2012-07-31,0.048710906043783475,-0.004326172766220222,-0.012125942525128728
2012-08-01,0.0015834671970587101,-0.0029041929017454256,0.009863518216797944
2012-08-02,-0.07613856370970122,-0.007531963624136046,-0.0005663887475202763
2012-08-03,-0.11636112776111868,0.018861288185302486,0.028302027350049018
2012-08-06,0.019627060203807327,0.002326560724057678,0.005583799532602629
2012-08-07,0.002504695259246882,0.005093762742592908,0.022117777396405174
2012-08-08,-0.04280436813944679,0.000620633807453193,0.0012492139576678744
2012-08-09,-0.002614378129687933,0.00041359999517301903,0.009584754137442954
2012-08-10,-0.03597989502941656,0.0021860506671047943,-0.002387623494855007
2012-08-13,-0.0731690523214241,-0.0012526850781939547,0.005738276959667737
2012-08-14,0.08060407202507898,-0.00012815461201997174,0.0037780681091437764
2012-08-15,-0.01492566808252677,0.0011389916294490677,0.019281483503303807
2012-08-16,-0.02351423358208983,0.007075420387505465,0.00557583706341323
2012-08-17,-0.06058089740547146,0.0018703837394767023,-0.027667541945670854
2012-08-20,0.041505822390387345,-2.1175053652821643e-05,-8.796566915628e-05
2012-08-21,0.06889776255572581,-0.003503666814444632,0.008233404279793029
2012-08-22,0.005974076750158761,0.00022637762345679676,0.0023524669430676427
2012-08-23,0.05472884084873483,-0.008104999597722566,0.0008698545398794
2012-08-24,-0.05010680234053385,0.006433988343262266,-0.01242365767517844
2012-08-27,0.07424912860345381,-0.0004891344205224454,-0.01177781346024921
2012-08-28,0.008526202016725055,-0.0008085090427962799,0.002846467756992078
2012-08-29,0.03398238806739672,0.0008439929642994782,-0.00035537416009497774
2012-08-30,0.0441459168372183,-0.007836429729673381,0.0009769582832996851
2012-08-31,-0.020397342754384595,0.005060469767645165,0.01690030681831138
2012-09-04,0.028774918742170783,-0.0011666393226880797,-0.0034098340329988272
2012-09-05,-0.013438039604457028,-0.0010682316532888013,-0.00959222370789485
2012-09-06,-0.12855102527073461,0.020229536612006892,0.003530778988996473
2012-09-07,-0.08143257845743888,0.0040417949889430295,0.006674321284338847
2012-09-10,0.124099042500396,-0.006166805654652836,0.004889537066653711
2012-09-11,0.007953493051893868,0.003130052101452872,0.005125800455552257
2012-09-12,-0.03788094369878176,0.002090505602596938,0.004840928861735101
2012-09-13,-0.11738754274955804,0.01617817215384428,0.008073585372623874
2012-09-19,-0.02138357930186419,0.0011848517443742584,-0.0348777184090195
2012-09-20,0.013595886112795186,-0.00054087999282134,0.016864081522149993
2012-09-21,-0.006417145374995349,-7.532185571705149e-05,0.012553783371317326
2012-09-24,0.012086893068773943,-0.002235150069379947,-0.014555250782246185
2012-09-25,0.08659908902289469,-0.010557389418567714,0.00581132485928879
2012-09-26,0.08566022949714093,-0.005753253211740956,-0.003718957859581498
2012-09-27,-0.1246476676288535,0.009602727708234702,0.01774422771910715
2012-09-28,0.05824343994743472,-0.004487808236766832,0.0033867880040869794
2012-10-01,0.03682164286759249,0.002647997667994667,-0.0017810757812919383
2012-10-02,-0.03809387614073774,0.0008719067272658147,-0.005541690448423499
2012-10-03,-0.017983768542576908,0.003617857293033645,-0.030948147155169848
2012-10-04,-0.05872267942672297,0.007148821731697362,0.03996004958572298
2012-10-05,-0.015235770210417873,-0.0003216410840751239,-0.004986699485940501
2012-10-08,0.05300151704708027,-0.0034627238474289053,-0.0017869639450864322
2012-10-09,0.08009368908650151,-0.009940182135141966,0.023684390124965062
2012-10-10,-0.0048989638338371565,-0.0062072555664811424,-0.0014858034248933893
2012-10-11,-0.04392178595851936,0.00019537043698457742,0.011998033406587436
2012-10-12,0.034670932168485866,-0.002970544956016541,-0.00946471988989478
2012-10-15,-0.055410475817204846,0.008045470752666933,0.010242258406495421
2012-10-16,-0.0032797792303757693,0.010217555817170515,-0.0063239553093098946
2012-10-22,-0.026129670836173846,0.0004394856785508615,-0.006375802110326583
2012-10-23,0.12484449869464619,-0.014549234970738009,-0.01093310929981197
2012-10-24,-0.02691228092796908,-0.0030901524835878326,-0.00370200819559259
2012-10-25,-0.011522710759227782,0.002991064948394708,0.005916624456777621
2012-10-26,-0.017256279614961973,-0.0007292475686444066,0.009723110754905078
2012-10-31,0.04340153391310116,0.00015586755128053293,-0.007789327846574771
2012-11-01,-0.10835183155587838,0.010867212600985972,-0.0048877193374812266
2012-11-02,0.05252079775176004,-0.009423718242892513,-0.02328838361282887
2012-11-05,0.04610646754490679,0.002161471345057592,0.01921246496491624
2012-11-06,-0.04667514705185274,0.00782250912272711,0.030532502364709363
2012-11-07,0.08187877410428987,-0.023990484179204748,-0.03901545837672194
2012-11-08,-0.03141062900115488,-0.0122799333135091,0.004017385753418247
2012-11-09,0.006469070430775006,0.0016972512798215903,0.01984834612745916
2012-11-12,-0.10948868822461551,0.00013047937654856286,-0.003021028792914938
2012-11-13,-0.0018002217111527802,-0.003993383474745327,-0.007454114041431184
2012-11-14,0.07350721828890117,-0.013948870444327605,0.012392855694785541
2012-11-15,0.0038986234354567873,-0.001594815957016726,0.012421418349824704
2012-11-20,-0.0105541777194771,0.0006631664358276915,-0.009153954483204682
2012-11-21,0.015136879557076556,0.002317493660971613,0.009334417025293832
2012-11-23,-0.011165966391767914,0.012942202068968308,0.004679604004694722
2012-11-26,0.02349975323936263,-0.0020316442693263446,-0.004138549262268743
2012-11-27,0.02673616128336923,-0.005240293685227754,-0.009511330528430968
2012-11-28,-0.02609119326307343,0.007825330760125263,-0.0032819849164203367
2012-11-29,-0.02944274171075498,0.004260553566881813,0.011349828794942042
2012-11-30,0.052388277092427875,0.0001624943340681183,0.0042344421942650135
2012-12-03,0.047378871386110716,-0.004756519166260062,-0.0027909555443556573
2012-12-04,0.028438021020956845,-0.0017112757910542108,-0.009784476120374874
2012-12-05,-0.03931428010666043,0.0015836076545869759,-0.009421508593729505
2012-12-06,0.0072640054780070545,0.0033011358587093772,-0.016494061934545546
2012-12-07,-0.041878059871205166,0.002916661999350491,-9.345607523147366e-05
2012-12-10,0.009389716806476461,0.0003385032499758963,0.0028925160376685297
2012-12-11,-0.030362835795191383,0.006527531315292975,0.006315617654984622
2012-12-12,0.024112851026890914,0.000448139333956705,0.01370071404809252
2012-12-13,0.03753129943470224,-0.006341489977008348,-0.014626968944213078
2012-12-14,0.02622322734895913,-0.004143975679491531,0.011425516663261491
2012-12-20,0.017699546258612024,0.005473104693568626,-0.001450885853724232
2012-12-21,0.009574845055680528,-0.009422944450144789,-0.011224242834922476
2012-12-24,0.0,-0.0024432789712663986,-0.0015612637199026007
2012-12-26,0.08794513901023088,-0.0047989567899257195,0.020649267960343585
2012-12-27,-0.0005134905979660733,-0.0012191849162664064,-0.0024338285753063766
2012-12-28,0.1543707795136159,-0.011111445674961485,-0.0016258724606095993
2012-12-31,-0.23176328604759575,0.01680002726988578,0.004419777693622348
2013-01-02,-0.20499623360837071,0.025086115958697298,0.012165823180382698
2013-01-03,-0.008207972386542544,-0.002087795423524574,-0.002938445016756675
2013-01-04,-0.05143793142825514,0.0048532999789810665,-0.007429005681023606
2013-01-07,-0.0028964511211800503,-0.003128003259122683,0.0008082616187420915
2013-01-08,-0.012404396719983116,-0.0032476391807331087,0.004835694082686577
2013-01-09,0.013853705487239874,0.00265234535868163,-0.0016093012100152732
2013-01-10,-0.02344434455330311,0.00756870010921085,0.0011625063015527413
2013-01-11,-0.009683510842197847,-4.751511497752233e-05,-0.011234558524756195
2013-01-14,0.011904962062388738,-0.0009311049049197806,0.011145161944453488
2013-01-15,0.0022164569290063604,0.001128033295304306,-0.014222889857150362
2013-01-16,-0.00964042417345501,0.0001969725099562613,0.002806552504961584
2013-01-17,0.011115314129145322,0.0056270605413545815,0.0
2013-01-18,-0.08533793493691184,0.003397492378151099,0.0
2013-01-22,-0.0024105863466912063,0.00441833162771152,0.016231334854091617
2013-01-23,0.0024105863466912614,0.001506341924293118,0.003374524832243893
2013-01-24,0.018290732238712026,6.61466154430249e-06,0.004246253050879978
2013-01-25,0.015637594926335773,0.005430708661868184,0.0
2013-01-28,0.05140960777186402,-0.0018513342747921247,0.0017640203529416447
2013-01-29,-0.019345787424330265,0.005093003781205059,0.0077247332688478
2013-01-30,0.07314147628789791,-0.003907244671751714,0.00471082534355198
2013-01-31,-0.0027972020093996125,-0.002566591958392015,0.005641164996331817
2013-02-01,-0.10163265641561234,0.010002513224009682,0.010417201150722236
2013-02-04,0.12857731555923896,-0.0116058327096515,-0.009984621243191483
2013-02-05,-0.06694995559508811,0.010362632222059643,0.00792696024266622
2013-02-06,-0.022853955845557564,0.0005490198591339299,0.0018007011413778016
2013-02-07,0.006688999529461137,-0.001807031055856767,0.0043594931990113064
2013-02-08,-0.03620301350546102,0.0056419945850431485,0.01405971890834429
2013-02-11,-0.006163415294043464,-0.0006063012476382776,-0.0064971268201077965
2013-02-12,-0.023456840764557958,0.0015940011376042063,0.004476601982778563
2013-02-13,0.02654326012877516,0.0005920877747906565,0.0005054980085703087
2013-02-14,-0.024962271345822393,0.000690433265053607,-0.0011799359805379338
2013-02-15,-0.015923888242412206,-0.001045627796013619,0.0
2013-02-19,-0.01211154213703485,0.007309694441361245,-0.0089793504198992
2013-02-20,0.1760740696910832,-0.012481711430005843,-0.016472560262203423
2013-02-21,0.036124326003229054,-0.00632300546566533,-0.018068834614441906
2013-02-22,-0.0714833108913622,0.008734213386774423,0.005008135070667396
2013-02-25,0.29278545368466136,-0.01847927558477439,0.0029754460205556367
2013-02-26,-0.11837556646647333,0.006090876862567387,-0.015232549384284708
2013-02-27,-0.13565074690739015,0.012645699119019574,-0.00748063272073903
2013-02-28,0.05159879254792174,-0.0008644534614572404,-0.004389753908429939
2013-03-01,-0.009718286577712716,0.002321159449526721,-0.008837605837598406
2013-03-04,-0.09199532868183533,0.004600126548349631,-0.002811967846737415
2013-03-05,-0.038564305160517724,0.009520551872499975,0.013712477318609244
2013-03-06,0.0037023509212115225,0.0010839250554146814,-0.004940083305541012
2013-03-07,-0.03535526646844239,0.0018148436172064244,0.0008100803076181406
2013-03-08,-0.036651295802175556,0.00447112871295497,-0.0027027318412489038
2013-03-11,-0.08535196063277141,0.0032438188658736856,-0.005699542766821797
2013-03-12,0.05960639648711898,-0.002406145396801988,-0.00518489075043865
2013-03-13,-0.03651862448926903,0.0013131891571707575,-0.010359031922848932
2013-03-14,-0.04583592894361689,0.005587352158971998,0.008259215044540824
2013-03-15,0.0,-0.0016197737499887566,-0.0003656390933261309
2013-03-20,-0.12729654440303323,0.006675163815817943,0.011750186383977583
2013-03-21,0.09910577196233179,-0.008316923756005078,-0.011564030859232303
2013-03-22,-0.030481320959227315,0.007148643803299891,0.0017663969367069537
2013-03-25,0.012449818778362782,-0.003345629300947282,0.004725899566316674
2013-03-26,-0.0732125642448864,0.007754963194634991,0.010941151282183524
2013-03-27,0.029323023723418388,-0.0005885230525645966,0.003013029683753237
2013-03-28,-0.0348197511686162,0.004048463396191122,0.0030039092547110534
2013-04-01,0.06699613806638684,-0.004483616865356026,0.009588541987425425
2013-04-02,-0.060716688457323614,0.005158933898853431,-0.00351715546892459
2013-04-03,0.10606451673840966,-0.010602133218841155,-0.032877173978881416
2013-04-04,-0.022776763310012278,0.004040279012737101,-0.0072148758364494895
2013-04-05,0.002157478903647557,-0.004304145168907639,-0.02109736713308129
2013-04-08,-0.05386772547118251,0.006282958765270947,0.0051729294292262905
2013-04-09,-0.026893624770370793,0.003538065806577469,0.014889550457942961
2013-04-10,-0.03809988589298462,0.012115443329548888,-0.0041505807396603036
2013-04-11,-0.009756165867939072,0.0035459561795765683,-0.014472349046002902
2013-04-12,-0.014815032291556814,-0.0028407983185492532,-0.01118727115760202
2013-04-15,0.35907669257175284,-0.02323412455036433,-0.026733790825642985
2013-04-16,-0.2127748185980618,0.014205840828064486,-0.000298867043787522
2013-04-17,0.16777017172844338,-0.014431313685984552,0.0
2013-04-18,0.0616572859984052,-0.0067235559695443025,-0.012331635241907703
2013-04-19,-0.15957534152453354,0.008808989051054724,0.005231969633250321
2013-04-22,-0.03951467151143022,0.004650798215427389,0.00739853265244471
2013-04-23,-0.0653264732322714,0.01036531280555277,-0.000797228066850144
2013-04-24,0.009597719912171674,6.340170072840042e-06,0.0140569112473382
2013-04-25,0.0007345008813468661,0.004026614564991384,0.01637942680625765
2013-04-26,-0.0007345008813467347,-0.0018438118015177635,-0.0024204880979179152
2013-04-29,0.007320704919040104,0.00716031536940742,0.006281065174669251
2013-04-30,-0.013955391883565378,0.00248181741858196,-0.013968553925498485
2013-05-01,0.06928863606366584,-0.009351472649564404,-0.023923697348065553
2013-05-02,-0.06412450114573706,0.009364003810320709,0.028601570849438023
2013-05-03,-0.05599039836341755,0.01047956394817034,0.012944577593341175
2013-05-06,-0.014896436364314336,0.001905961128483939,0.012115546564704562
2013-05-07,0.013338768017743682,0.005216639159837863,-0.010102035356811374
2013-05-08,-0.013338768017743684,0.004130538866696586,-0.0005749275678377038
2013-05-09,0.03645229236741839,-0.00369391802877331,0.0012451980377417796
2013-05-10,-0.041996836854667804,0.004312343771584845,-0.005374785426496964
2013-05-13,-0.0031821794002347592,4.288844886953105e-05,-0.010545291448343702
2013-05-14,0.01737802511546021,0.010091066969150287,-0.002141965794745116
2013-05-15,0.0031274427743554034,0.005101103490210887,0.010471317682848823
2013-05-16,0.02009335562119179,-0.005022331985410747,0.0011567645847483207
2013-05-17,-0.04859889669615025,0.010247411986562578,-0.000771027692472155
2013-05-20,0.044766064348275625,-0.0007078684047072334,0.0
2013-05-21,0.026526710615399015,0.001720904683002348,0.0018302026679637552
2013-05-22,0.03310341370301803,-0.008308074265778554,-0.0126872572430888
2013-05-23,0.017928053179136687,-0.0029281151046060853,-0.0015606327006824653
2013-05-24,-0.0057020771194753305,-0.0005515174989888943,0.0019504291969810311
2013-05-28,0.034425583027055395,0.006320962109160131,0.015372313597357476
2013-05-29,0.02388379566121611,-0.007072936243165862,-0.017420386530408463
2013-05-30,-0.020436691800838177,0.003663625114313425,-0.002345791912832337
2013-05-31,0.11494960180217968,-0.014410576921857085,-0.017771254891339426
2013-06-03,-0.001227658254978314,0.005918439859741687,0.016498257090910295
2013-06-04,-0.0006144533852458998,-0.005526048005605536,0.01149550244398429
2013-06-05,0.07287793156307845,-0.013875554543922225,-0.001939082917317512
2013-06-06,-0.05099263818966034,0.008454454144230643,0.005516584913308209
2013-06-07,-0.09386797205396971,0.01274991452694569,0.009127189812117084
2013-06-10,0.019621246733543936,-0.0003468736036370341,-0.005851061020551351
2013-06-11,0.10036100150906509,-0.01020526418482108,-0.009569430550279017
2013-06-12,0.08530129101296816,-0.008404776908050976,0.0051344146423762844
2013-06-13,-0.124732914137886,0.014676069097359318,0.00731689164073167
2013-06-14,0.04410725556528632,-0.005902401062457968,0.00038362823287926774
2013-06-19,0.0018044383420473377,-0.013948301328481997,0.0009428312549406356
2013-06-20,0.2081275523671112,-0.02532842439229829,-0.03812821895012868
2013-06-21,-0.08077504919837863,0.002666219053525561,-0.012213269433977223
2013-06-24,0.062055332253196704,-0.01221936895962692,0.002474391235640326
2013-06-25,-0.0850694771003211,0.009452456559302368,0.000988029635327808
2013-06-26,-0.07065720000884726,0.009544789666190033,0.003942460403614052
2013-06-27,-0.020546568251172372,0.006180691300296602,0.01134593561743404
2013-06-28,0.0,-0.004298788980467904,-0.006439636088214066
2013-07-01,-0.02949354612527835,0.005389199609389811,0.00818874065854965
2013-07-02,0.004266979463699207,-0.0005450566900508968,0.00966191091173689
2013-07-03,-0.01470613277992456,0.0008237078945754475,0.01678149716085408
2013-07-05,-0.08432141958017769,0.010150045703225963,0.018362882973357655
2013-07-08,-0.00741497230003386,0.00523780521383603,-0.0026958037564393245
2013-07-09,-0.029524928664267747,0.007203661934863007,0.003530920386428436
2013-07-10,-0.009804023995360737,0.00018157596462801376,0.006471958413487995
2013-07-11,-0.014174568107576517,0.013463212765353812,-0.007214226252340975
2013-07-12,-0.012208415471288684,0.0030817302206288433,0.009975091458866428
2013-07-15,-0.0036192721757275035,0.0013739351515561534,0.0025699765144621394
2013-07-16,0.04467244810871265,-0.0037156554177069927,0.0028377078955364047
2013-07-17,-0.045397890940130685,0.0027702066483981415,-0.00036570593876893376
2013-07-22,-0.020137611688711227,0.0020309625424268186,0.0007400040167775577
2013-07-23,0.029661484189234005,-0.0018536538683364202,0.0024933904356792486
2013-07-24,0.04025314756554663,-0.0038185027297184216,-0.011409573463794991
2013-07-25,-0.01606153331227964,0.002553209985188819,0.004282254504951519
2013-07-26,-0.019463440011734407,0.0008279514379092263,-0.004468896345425914
2013-07-29,0.05133260643850972,-0.0037430341753677174,0.002609253047474094
2013-07-30,0.0,0.00037374708533409457,-0.005038201407323175
2013-07-31,0.0044709065235009554,-0.0001364185159984208,0.007362162547074224
2013-08-01,-0.03865583522193807,0.012462588230416578,0.01694023188688714
2013-08-02,-0.07708470216823374,0.0016391140879470276,-0.0054007543335009445
2013-08-05,-0.011754912133295124,-0.0014809308775636419,-0.0022972673278869532
2013-08-06,0.07169193656145638,-0.00573947283055402,-0.004795256787833544
2013-08-07,0.02023409710428977,-0.0038131256619417632,-0.006863934325860408
2013-08-08,-0.01944829939922207,0.0038779210740465357,-0.007098872763941618
2013-08-09,0.05203930930504814,-0.0035763480414268737,0.014332501319939583
2013-08-12,-0.04577453724931701,-0.0011535858605248943,0.006906422696570711
2013-08-13,-0.03981417438177858,0.002772210007268357,0.007770032880864932
2013-08-14,0.05760957928929866,-0.005190063227858108,0.0034542099540575727
2013-08-15,0.12186464582444938,-0.014384564947961866,0.00822383806322466
2013-08-16,-0.02474350727051885,-0.003310067623478068,0.0005398376856243965
2013-08-21,0.0667995284945896,-0.005796369467346862,-0.0030915097244714235
2013-08-22,-0.07691081235808137,0.008582441743413965,0.0008192979172072355
2013-08-23,-0.054293130617744656,0.00393924191021318,0.010319629709693297
2013-08-26,0.06975559278405667,-0.004047839230058562,-0.002795668977113291
2013-08-27,0.11220830628616084,-0.01600153922918335,0.032256536764814096
2013-08-28,-0.01683748044022971,0.0027438773089689754,0.019483665975150444
2013-08-29,0.019219792958821733,0.0019614766490956537,-0.012512541222208377
2013-08-30,0.011827504213201763,-0.0031793671926351754,-0.010036314961311833
2013-09-03,-0.02379645949225945,0.004155575226959593,0.014541578465709472
2013-09-04,-0.04494449734563655,0.008084187928560308,-0.006678515909645341
2013-09-05,-0.0069510330231502115,0.0012091315394673384,0.003041219403621761
2013-09-06,0.0050600943883335634,5.442965978223178e-05,0.0074336982668574275
2013-09-09,-0.01397737263551903,0.009943282138970118,-0.020884865292305585
2013-09-10,-0.07297669255082656,0.007318940484802409,-0.02195937647073643
2013-09-11,-0.050098662947094655,0.0030476346138184848,0.0022446698538239494
2013-09-12,0.03344319301494903,-0.0033861418278017777,0.010083494773548233
2013-09-13,-0.009138911782696098,0.002711001653103429,0.0013309218815590284
2013-09-19,-0.03215232508865938,-0.0018446541484815583,-0.016776435885898635
2013-09-20,-0.0030441395090345987,-0.007243053962847499,0.004220568494598431
2013-09-23,0.08682084809836652,-0.004730758941951058,-0.009752561747647479
2013-09-24,-0.016203277580386175,-0.002600521497731875,0.004428012039361955
2013-09-25,-0.0049839686253434785,-0.0027432251543777135,-0.00294985184566425
2013-09-26,0.003562539541285011,0.0034793658479979504,0.00818281947984379
2013-09-27,0.09492212939950463,-0.004082121663443529,-0.005325038664621557
2013-09-30,0.07114667271586274,-0.006047479981190951,-0.0023962638824428333
2013-10-01,-0.06598537585786003,0.007966724683406784,-0.003975783470714755
2013-10-02,0.06598537585786005,-0.0006668918703408628,0.011513966576546625
2013-10-03,0.06246557230671425,-0.009019972500552986,-0.0017416241560785832
2013-10-04,-0.054067239260736415,0.007028466704283861,0.004211295122592679
2013-10-07,0.14798733793103674,-0.008542747536819599,0.0020078606847422284
2013-10-08,0.04680100880266078,-0.012408749931083476,0.004366849627469364
2013-10-09,-0.03705981242306421,0.0005737417306057981,-0.010035720551932711
2013-10-10,-0.17338208899480903,0.021595622882836497,0.024813420905564675
2013-10-11,-0.04721369271677762,0.006266595617327234,-0.004662051372046739
2013-10-14,0.022020356771392056,0.004066441145288558,-0.002159031642015956
2013-10-15,0.14942802648290832,-0.007088789613758755,-0.009773850032475858
2013-10-16,-0.2378546500353119,0.013732804307132302,0.008151494526223872
2013-10-17,-0.08732046568118315,0.0067213144137370845,0.0009917560155054477
2013-10-22,0.012835214164794,0.005721116239627231,0.003005346555455986
2013-10-23,0.00672900876148791,-0.004735753240036749,-0.019929925638833515
2013-10-24,-0.016529322085914275,0.003252838544355574,-0.007542334600459903
2013-10-25,-0.008368223564076772,0.0043852143927746775,-0.0005609345613357492
2013-10-28,0.01666707235480597,0.0013288165192369688,0.02475419917348271
2013-10-29,0.007485021981479091,0.0055686612140941685,-0.005488976059111279
2013-10-30,0.017738807769545655,-0.0048878496945693045,0.0077671927332820965
2013-10-31,0.0072993304281119935,-0.003846770567938354,-0.009327953201874262
2013-11-01,-0.03477970017188369,0.0028992144122096126,-0.02728916883518441
2013-11-04,-0.02670890755478211,0.0035641993780981683,0.003016874959401793
2013-11-05,0.025955666454333202,-0.0028095308483402836,-0.008508290160107948
2013-11-06,-0.04626888248557834,0.004256468712287575,-0.0008548603589944995
2013-11-07,0.09337099461102806,-0.013270435999594777,-0.017058380147162364
2013-11-08,-0.07538071316936788,0.013338208792264144,0.015917525138089292
2013-11-11,-0.02910153419951051,0.0007226700649729084,0.012103010384147572
2013-11-12,0.02288068009104172,-0.002373205445619954,-0.00556058140593363
2013-11-13,-0.023679025453315163,0.008062752720499361,0.012304717180574702
2013-11-14,-0.012053225081637843,0.004825596820450657,0.013169050047036904
2013-11-15,-0.01465826808275496,0.004213146273881077,9.214736795582537e-05
2013-11-20,0.0007464931456587958,-0.003642235996161311,0.01060573167760442
2013-11-21,-0.05680727382570117,0.0080957054207559,0.01852078499603004
2013-11-22,-0.032105455486217384,0.0049491905000291735,0.008773187002483173
2013-11-25,0.04232166343113233,-0.0012641407872397545,-0.00045037650903681796
2013-11-26,0.0015625360574167374,0.00014979323550383503,-0.001081690641502839
2013-11-27,0.013183527343490889,0.002481998677460743,0.003870568900907429
2013-11-29,0.05398614290272991,-0.0007859984571164318,-0.014660851891168702
2013-12-02,0.0379565610210183,-0.002722723534716429,0.015917804769003275
2013-12-03,0.022238626793582014,-0.0031979559918936147,0.010443311764947614
2013-12-04,0.010256474083103033,-0.0013043434697867973,-0.006592500430118828
2013-12-05,0.02552187671100003,-0.004349015813080098,-0.008076808638552093
2013-12-06,-0.08942566848159729,0.011175194876875877,0.005660621990383683
2013-12-09,-0.021995035786046172,0.0018154512479509814,-0.02009118458412607
2013-12-10,0.03065934171281095,-0.0031847248956570497,-9.143974394033143e-05
2013-12-11,0.10305737811721288,-0.011381397674606988,0.002921306653893977
2013-12-12,0.007751969401831143,-0.0037776883791563434,-0.009433589236980608
2013-12-13,0.014057756467950962,-0.00010141528650587885,0.0014712983077972118
2013-12-16,0.016986910503797224,0.006300152129396221,0.01495695340139306
2013-12-17,0.011166269811923929,-0.0031058059363714124,-0.0005432593149495635
2013-12-20,-0.025770908091322535,0.004807155440690711,0.013329889744074118
2013-12-23,-0.05592213546580699,0.0053040288862060605,-0.0018806174881767295
2013-12-24,-0.043894227311626004,0.002911504304306033,0.0030430880789292618
2013-12-26,-0.012092015272914564,0.004734304621132077,0.0007146849447480761
2013-12-27,0.01048820543227691,-0.0003366410106074713,0.0017844129018812047
2013-12-30,0.08460079703657139,-0.00017926996201467877,-0.00868442920227125
2013-12-31,0.011730328303046744,0.003951856349111548,-0.0036934957422076822
2014-01-02,0.03649773817236457,-0.008901413016629188,-0.027634700676650945
2014-01-03,-0.033586530793792854,-0.00033302052016060914,-0.008291838603708645
2014-01-06,-0.015379287736968327,-0.0025149272537594355,-0.0014979501973134022
2014-01-07,-0.047610057142523546,0.006063345375391041,0.005792197732283455
2014-01-08,-0.0038774915435928767,-0.0002122315034510835,-0.0018647739505609784
2014-01-09,0.0015528308699426319,0.0003482485435141758,-0.007118154368824456
2014-01-10,-0.059946029674265267,0.002304030490455301,0.008050976016777843
2014-01-13,0.08975331002905208,-0.012655966458794009,-0.00467290569939237
2014-01-14,-0.07828722296671742,0.010759876119934082,-0.0033780703173853267
2014-01-15,0.0,0.005152889134682223,0.006931442845275746
2014-01-16,0.020153846622839672,-0.0013480284864258142,-0.00037345642039895223
2014-01-17,-0.0072086940170318714,-0.0039027803200150837,-0.0002801660550838325
2014-01-23,0.06992703583850501,-0.00892932476457093,-0.006393302452104133
2014-01-24,0.2756270650561546,-0.02109642142734084,0.0027846989464283866
2014-01-27,-0.040500435236234436,-0.004888221853339347,-0.01109201672537777
2014-01-28,-0.09760902369928423,0.006121875622432071,0.0067258656180856306
2014-01-29,0.09358257627484785,-0.01026170390849596,0.004088036982373514
2014-01-30,-0.0034641757331346033,0.011204044372218206,0.0009267700037045327
2014-01-31,0.06276563431020976,-0.006486290214250376,-0.014462537442200125
2014-02-03,0.15236437415533383,-0.023096604704486576,-0.0033892011938939067
2014-02-04,-0.1150465709209663,0.007612043683081426,-0.00245493595680156
2014-02-05,0.0430173913874123,-0.0020302824086565886,0.004433353706710671
2014-02-06,-0.14657715760644072,0.012363054453375717,0.008808175675338299
2014-02-07,-0.11945300652593607,0.013214193504296921,0.02196062815222443
2014-02-10,-0.00196397659095356,0.0015680048032540356,-0.008616024470255935
2014-02-11,-0.05039695818494864,0.011001375944254965,0.0004602002043355572
2014-02-12,-0.01457853206620801,-0.00026929864772088686,0.0010116394823695921
2014-02-13,-0.01125186585528611,0.005793211978776681,-0.0005516509648476059
2014-02-14,-0.041146233390904015,0.004797689385548304,0.0
2014-02-20,-0.046888749781733345,0.006013341826934013,-0.0015400480070191943
2014-02-21,-0.007465230168557295,-0.0019205666731810659,-0.004088168987200621
2014-02-24,-0.031133664042065624,0.006167455552331448,0.007165896899897486
2014-02-25,-0.040148723615863954,-0.0013485906767746498,-0.010265793045108352
2014-02-26,0.04854631247190522,2.1699742124629578e-05,9.126153402346418e-05
2014-02-27,-0.021839572908241716,0.004935881408416543,-0.005126316330078285
2014-02-28,-0.0028530662653855803,0.0027788242813380905,0.0010090411438851924
2014-03-03,0.13353139262452257,-0.007405866200454787,0.019340479229945813
2014-03-04,-0.1264138978010685,0.015152322676141788,-0.017233931269192388
2014-03-05,-0.015005642955199744,-5.335274966455346e-05,-0.01418987117735066
2014-03-06,0.02277676331001225,0.0017169334968570882,0.003150158603650539
2014-03-07,-0.007062203260677835,0.0005379445771157059,0.00829117169941983
2014-03-10,0.006358209642334816,-0.0004633536412194934,-0.008476171635539702
2014-03-11,0.04138524248237769,-0.005095096975215844,0.004339213844540953
2014-03-12,-0.022549634560207265,0.0003051243232100062,-0.004894560350363742
2014-03-13,0.1141674472566513,-0.011770091695883623,-0.005849301901160595
2014-03-14,0.09407639856319429,-0.002825766417445165,0.010928061246273778
2014-03-17,-0.1304896478484509,0.009567717695038962,-0.00027634636270510457
2014-03-18,-0.07430471614567431,0.0071936822454731885,-0.016254479313579193
2014-03-19,0.0404913222594699,-0.006150525096734505,-0.00884131459121919
2014-03-20,-0.04049132225946989,0.0060223340875217475,0.005652379505635089
2014-03-21,0.032523160179136756,-0.002936980116608755,0.004405511474227566
2014-03-24,0.005982081789402222,-0.004876580959363224,-0.0010293419011184162
2014-03-25,-0.07354736863440765,0.0043942708488222335,0.0016838199397431427
2014-03-26,0.06288771773433496,-0.007024936954876045,0.00037380540716329744
2014-03-27,-0.020982185497603324,-0.0019018913439770551,0.007446772283878692
2014-03-28,-0.014468047071533397,0.004629489243409657,0.002223232616282712
2014-03-31,-0.037473436098721516,0.007892871384796676,-0.0028726105651295485
2014-04-01,-0.05783670399674948,0.007014688044213445,-0.020058778642912074
2014-04-02,-0.0007636677482945074,0.0028492638318384613,-0.007889417059529419
2014-04-03,0.02116479097568416,-0.0011270852130106552,0.01289484630037545
2014-04-04,0.0431827175124959,-0.012616542925313997,0.005355391081678665
2014-04-07,0.10914986617884637,-0.010808312332149784,-0.008469059013614446
2014-04-08,-0.04465609649247632,0.0037435379801772804,0.0173314422293804
2014-04-09,-0.07457307349584794,0.010859039341965573,0.0028750790571639875
2014-04-10,0.1395732058974995,-0.02110596773738724,-0.004827379097644236
2014-04-11,0.0692865328395166,-0.009532059739897396,-0.0012104592274934291
2014-04-14,-0.055536299918970605,0.008183708150740607,0.01608165758919228
2014-04-15,-0.031528522541815075,0.006734579517703411,-0.003030183070201212
2014-04-16,-0.09607916990802474,0.010433867948766148,0.000551670398617024
2014-04-17,-0.05956740021485708,0.0013629237070939353,0.006687110719648275
2014-04-21,-0.008267589978457232,0.003768015655572547,0.0038272160541658797
2014-04-22,-0.0045386175162532745,0.004083788996127826,-0.006203836383703987
2014-04-23,0.0060469479242697246,-0.0022157668625220617,-0.0014652996002788704
2014-04-24,0.003760759360900529,0.001715488275330875,0.011119338107460016
2014-04-25,0.0540672740260857,-0.008129344743501644,-0.0068209985483556395
2014-04-28,-0.006421723843917782,0.003230811162502344,-0.013413146008686132
2014-04-29,-0.018786696026673558,0.004749460504633521,0.007922663146823765
2014-04-30,-0.022124810441720027,0.00298754980270127,-0.008385247466956786
2014-05-01,-0.012003133482691424,-0.00014327174433229932,-0.0028726105651295485
2014-05-02,-0.025995359393036526,-0.0013493550298709083,0.0076727365785491134
2014-05-05,0.029009676815607666,0.0018694675823397822,-0.008044009229037793
2014-05-06,0.03765673612972353,-0.009029031461991046,-0.006145877114443133
2014-05-07,-0.02941392749555062,0.005600754871033284,0.00994477939556373
2014-05-08,0.002236354769609471,-0.0013745692327864058,-0.0008326441583239722
2014-05-09,-0.03871452899902473,0.0015183231948788392,-0.001389353492297906
2014-05-12,-0.05488459199005212,0.009626256172315509,0.004808185547296867
2014-05-13,-0.008210179879013407,0.0004216687882830338,0.007626907596736788
2014-05-14,0.003292180877959125,-0.004712089565017091,0.008658893605900438
2014-05-15,0.07896760827974651,-0.009405904183934792,0.00226623851211328
2014-05-16,-0.057024467968413005,0.0037399628190006033,-0.00018114889486871985
2014-05-19,-0.00160897093162446,0.003837414189704193,-0.009554605813372967
2014-05-20,0.042559611219405456,-0.006519604608543308,0.002921573220680809
2014-05-21,-0.08448932331210483,0.008083340547746922,0.007809707228111573
2014-05-22,0.010025137234215763,0.0023594441947138818,-0.0017201800290457267
2014-05-23,-0.05730512471874735,0.004239392917884754,0.0016296998077981188
2014-05-27,0.01311785954833625,0.0059699502115288725,-0.004715317752152971
2014-05-28,0.014661760908876453,-0.0011146927500584232,-0.001910559558664148
2014-05-29,-0.00946248869903124,0.005352758657361124,0.0014560350465546382
2014-05-30,-0.01480219289092031,0.0018419804431013698,-0.005105285463041597
2014-06-02,0.015666143618233135,0.0007275613640587,-0.005315278427252269
2014-06-03,0.024734733423961715,-0.0003792884695348666,-9.191027950738823e-05
2014-06-04,0.017536987210557724,0.0018898766063629325,-0.0038670351714509723
2014-06-05,-0.033673182662800755,0.006504082119662981,0.0035913237666187897
2014-06-06,-0.08483448954757637,0.00461708354801898,-0.0016559369369307856
2014-06-09,0.038395949713027865,0.0009383308564868176,0.01262594323537513
2014-06-10,-0.014453716104438548,-0.0002460138818795375,-0.0042822828181189035
2014-06-11,0.0540193834084825,-0.0035433111516659397,0.0039185389160371255
2014-06-12,0.07951206345138516,-0.00711413908891029,0.027539075254676144
2014-06-13,-0.030721907111791437,0.0031296591990707602,0.003444838618547574
2014-06-16,0.037861897680585566,0.0008363553307868065,-0.00167676372791914
2014-06-17,-0.04776295892469258,0.0021702124448891515,0.0020293449360609226
2014-06-18,-0.12809730582564763,0.007689243160729406,0.007114387666273314
2014-06-19,0.0009420847703326789,0.001276663295165036,0.006977138224058486
2014-06-20,0.021426110107156275,0.0017285634956760601,-0.002175143375630364
2014-06-23,0.01191027924573505,-0.0001324728528989271,-0.006028016428178113
2014-06-24,0.09960633799979128,-0.006456106498617479,0.00297485856950039
2014-06-25,-0.04553906187335616,0.004885557422717193,-0.0040269605877944585
2014-06-26,0.003445305853582317,-0.0011795794276391145,-0.006953955391460447
2014-06-27,-0.0323313333321929,0.0019090452380837368,0.0007947019661222168
2014-06-30,0.027158871790585154,-0.00037232599700135415,-0.00833118730100715
2014-07-01,-0.03697605113551721,0.006655572896822518,-0.000623188930462601
2014-07-02,-0.030043218480046298,0.0006585960751231936,-0.00939480857572142
2014-07-03,-0.047312514731429806,0.005464550227672394,-0.0021598088496319117
2014-07-07,0.0933703378239961,-0.003931239054323629,-0.006870413424983556
2014-07-08,0.05578448617052974,-0.007073762181680688,-0.011862493521263758
2014-07-09,-0.02793240720911899,0.004633516553259208,-0.006076840893565235
2014-07-10,0.07759671290849807,-0.004139628324473722,0.003595296752559037
2014-07-11,-0.0413516739850797,0.0014698419980472353,-0.018669510718203528
2014-07-14,-0.02175820003158707,0.004831860726996926,0.002995692975303043
2014-07-15,0.011774765552674125,-0.0019339645679456246,-0.009014208585731048
2014-07-16,-0.08367247891366138,0.004192285009448555,-0.0016047407310581525
2014-07-17,0.2790081966834145,-0.011904605927478003,0.001038672598167309
2014-07-18,-0.18700924338865843,0.010212608899671183,0.012007637684110076
2014-07-21,0.060331922572478984,-0.002322946423904652,0.004094575282848516
2014-07-22,-0.04551689028092212,0.005003611167300126,-0.0032556511770382704
2014-07-23,-0.06062456338050922,0.001752900777012884,0.006500737475747069
2014-07-24,0.027398947339175996,0.00048803681255066896,-0.008926131709292321
2014-07-25,0.06933060631622369,-0.004860946046109087,0.012253004876656353
2014-07-28,-0.010297054210549106,0.0002881133935528325,-0.007594032589672704
2014-07-29,0.05574192949167162,-0.004538068413714011,0.0013934836686676814
2014-07-30,0.0037580045264439723,6.091091941020138e-05,-0.011296381763891623
2014-07-31,0.24025075037049498,-0.02020193215523012,-0.004611173615244089
2014-08-01,0.0047086561567203635,-0.002863216231298331,-0.011192380371703397
2014-08-04,-0.11895817181181262,0.007163314449646609,0.005422199483926372
2014-08-05,0.1095185831224219,-0.009732679197336652,-0.007618387818459103
2014-08-06,-0.030086503655374474,1.5638426360123552e-05,-0.000191245437989724
2014-08-07,0.017560184930168796,-0.005572115446733026,0.008094184156433806
2014-08-08,-0.05490119757731324,0.011465422557972033,-0.003991317663651599
2014-08-11,-0.10275705006960173,0.0027556250258418476,-0.003242695667739251
2014-08-12,-0.007052175137263678,-0.0016379823741559415,-0.01598496902508835
2014-08-13,-0.09107292299925164,0.006684767102510805,0.01215646580710937
2014-08-14,-0.03791919914816693,0.004336398273697699,-0.0220087087234768
2014-08-15,0.05711364696650603,-6.137480757126603e-05,-0.0005884015492141528
2014-08-18,-0.06519779628005654,0.0084954832196601,-0.003438946960707747
2014-08-19,-0.008968642087758483,0.004988190179197795,-0.0003937873284641459
2014-08-20,-0.03585213569139349,0.0024747482825436223,0.007064405690646526
2014-08-21,-0.0016991936222382096,0.002945547280270624,0.003416122407571707
2014-08-22,-0.02496900751131426,-0.0019945749188226202,-0.003318335476415103
2014-08-25,0.01985387107967765,0.004776353863603847,0.003513232910585163
2014-08-26,-0.006000849130864477,0.0010505288952435787,-0.001462359751349587
2014-08-27,0.012815179184739331,4.998604328455613e-05,0.0021440532469803103
2014-08-28,0.022661520209823278,-0.0016913305449461642,-0.002534382249848013
2014-08-29,0.0033140014824179992,0.0033149143290199016,0.007099503211357545
2014-09-02,0.013147259743034722,-0.0005442142177026967,-0.028007590227850276
2014-09-03,0.0089394872618864,-0.0007794447528015455,0.023929066413350318
2014-09-04,0.022400991627698687,-0.001535599204712169,-0.00918867480739308
2014-09-05,-0.04448773863262003,0.005023247704958486,-0.009968028537511772
2014-09-08,0.046068727415572705,-0.003077845854315851,-0.006168587433448694
2014-09-09,0.06424228078110973,-0.006566521532685439,-0.01043341409579326
2014-09-10,-0.047013955883011826,0.0036394436003678032,-0.011359176100089942
2014-09-11,-0.006230543734639407,0.0008815167647232053,0.00040792285867667074
2014-09-12,0.039070478106710875,-0.0059804054920065425,-0.009939127965473282
2014-09-15,0.05907656002677168,-0.0007104037481093734,-0.004748141449403323
2014-09-16,-0.10363084735034064,0.007456507324556423,-0.0002069978544981846
2014-09-17,-0.00630419159205524,0.0012948050790884346,0.023927562655154062
2014-09-18,-0.0502536772281403,0.004879257127339826,-0.012915258429941545
2014-09-19,0.006628021424970496,-0.00047738351040339826,0.007037638861553512
2014-09-22,0.12263407943437839,-0.0080456025302185,-0.014537501769367423
2014-09-23,0.08670702334251204,-0.0057932500796262516,-0.001238290806985602
2014-09-24,-0.11786674915129201,0.0078019767586544365,0.0010319761130830254
2014-09-25,0.16432587422849995,-0.016300913265170507,0.0005156282923688754
2014-09-26,-0.05183186613184217,0.00853926112400154,0.0
2014-09-29,0.07333802075518579,-0.0025500508569158233,0.0020597015663247013
2014-09-30,0.02044047219664825,-0.0027898165443120183,-0.02637353927035385
2014-10-01,0.024228903929372672,-0.013337106112637435,-0.00540163895492273
2014-10-02,-0.0334682441674828,5.143328250229687e-06,-0.007890066370712075
2014-10-03,-0.10494803692420254,0.011103635523902509,-0.011952983919565681
2014-10-06,0.06066503890031174,-0.0015663860013981836,0.0051864336775941065
2014-10-07,0.10665338254961267,-0.015241618619128634,-0.007355363605269982
2014-10-08,-0.12955267461326223,0.01731094749805919,-0.007956915548061074
2014-10-09,0.21637020221551378,-0.02087784845431496,-0.014661500566859267
2014-10-10,0.12415922981915418,-0.011517080026210946,0.0017751700081449118
2014-10-13,0.1484849282968003,-0.016605033202522507,-0.014740632132487658
2014-10-14,-0.07804923046463763,0.001577619680866768,-0.044277898587678215
2014-10-15,0.10329605608508899,-0.008133300726077349,-0.014927443850987869
2014-10-16,-0.0027739147222563057,0.0001449672004417697,0.008202155242178464
2014-10-17,-0.13625623063453352,0.012801813377146141,0.0008283497774339582
2014-10-20,-0.1690404352274108,0.009101116121281314,0.01012131269379793
2014-10-21,-0.14397109992463616,0.01938537082775091,0.00955606481503419
2014-10-22,0.10554711712842045,-0.007326100661612184,-0.017668535841316717
2014-10-23,-0.0779464227623072,0.012228305721599457,0.024718557524689336
2014-10-24,-0.025736718296899868,0.007028690175716194,-0.008094454248079865
2014-10-27,-0.004354575559253832,-0.001502696878837878,-0.003489133848652589
2014-10-28,-0.10855211475842898,0.011868364566910393,0.002327441380351189
2014-10-29,0.05146696201815541,-0.0013863159906425204,0.012590451707144287
2014-10-30,-0.04247346585278467,0.006210797247873184,-0.010152427761202981
2014-10-31,-0.03432916584140575,0.011663114233148569,-0.004416012484827227
2014-11-03,0.04868832431590759,-0.00011892891639947338,-0.012658418379086949
2014-11-04,0.01080367035561261,-0.0028338532526650333,-0.023390077093397674
2014-11-05,-0.04956281066641045,0.005684311060804489,0.0015684054135101588
2014-11-06,-0.035923402769796414,0.003768403644328259,-0.0010855358308098611
2014-11-07,-0.041065881523668704,0.00034952512678080786,0.006375946764338572
2014-11-10,-0.034900774438642736,0.003115327019558855,-0.012671418913354649
2014-11-11,0.01953950390489064,0.0006964516302874351,-0.008170256916276306
2014-11-12,0.007710167679362837,-0.0007013625789179808,-0.015921360098934977
2014-11-13,0.05745701710000975,0.0005297044284002311,-0.031082719015968818
2014-11-14,-0.03542802510548905,0.0002402413485468054,-0.00231273789020819
2014-11-17,0.04982710838355777,0.0007350887776586797,0.019994295367236275
2014-11-18,-0.009335803326005733,0.005120849353688389,-0.010647791616460522
2014-11-19,0.00718913107582218,-0.0015022868756188182,-0.004726364387546999
2014-11-20,-0.027597983554378324,0.001965164013202754,0.015626353087264375
2014-11-21,-0.051370834716109884,0.0052232126037382535,0.012900157146547365
2014-11-24,-0.021944433751480898,0.00285992981373923,-0.00849793043558958
2014-11-25,-0.029756911054112517,-0.0011506914684172845,-0.017087922351052304
2014-11-26,-0.014802927165122349,0.0028020524716035632,-0.007432143695964289
2014-11-28,0.09929411864152692,-0.0025456646370122207,-0.10286272275921436
2014-12-01,0.06040394902245218,-0.006852789344834434,0.033502318175627134
2014-12-02,-0.0970772364620043,0.006364166758848178,-0.027958208689010878
2014-12-03,-0.027615196719332973,0.0037576738340269794,-0.008828232627318829
2014-12-04,-0.009646367807789399,-0.0011625717317858438,-0.004012599023820288
2014-12-05,-0.04038453692285974,0.0016638315989210529,-0.008218627453079736
2014-12-08,0.17824820521591891,-0.007283022149715385,-0.0425910476668756
2014-12-09,0.07716955409112845,-0.00023785182583414743,0.009772217922351875
2014-12-10,0.18827557846849668,-0.016486121183048656,-0.03967561255339602
2014-12-11,0.0803332136708786,0.004525433971620777,-0.008755490056145915
2014-12-12,0.04860042902987509,-0.01634646579165845,-0.029158472160601304
2014-12-15,-0.03180990358114839,-0.006362786271721939,-0.012855064370282646
2014-12-16,0.14345988752764774,-0.008525259865380821,-0.019848497176706576
2014-12-17,-0.19264187749601136,0.02014807324329562,-0.0010028644224691545
2014-12-18,-0.14535891085410158,0.02373137488570905,-0.008902364675292259
2014-12-19,-0.019219792958821844,0.004559637967419008,0.034980783070163064
2014-12-22,-0.0781746196380482,0.003803222479927145,-0.020907839388290744
2014-12-23,-0.029952309395860525,0.0017448386297044874,0.025945593755405002
2014-12-24,-0.02948450153050391,-0.0001393062410745646,-0.023785209605753768
2014-12-26,0.00900595729947262,0.0033041099821209488,-0.013200975384545502
2014-12-29,0.03789360080821302,0.000861403428089447,-0.026763715752843403
2014-12-30,0.05553393497382835,-0.004900593034504285,0.0003454907154001625
2014-12-31,0.18733413356159467,-0.01036438356125046,-0.009893332073495444
2015-01-02,-0.0762737656293902,-0.0003400214731352804,-0.016000405739298503
2015-01-05,0.11308770284569483,-0.01844721353258727,-0.06045842719332634
2015-01-06,0.05849624258802025,-0.00893325469070017,-0.03858077857750887
2015-01-07,-0.08959742979111619,0.011562735844876304,0.0009780548800754378
2015-01-08,-0.126821648919881,0.017730168127155693,-0.003721528930789184
2015-01-09,0.031252486576047685,-0.008439322147078786,-0.01682039214643258
2015-01-12,0.1104756792596721,-0.008126616843470486,-0.05496565482814224
2015-01-13,0.047817828912186486,-0.0025818854358163217,-0.017869017219899228
2015-01-14,0.04377483371810692,-0.00583002896797565,0.044087712885997
2015-01-15,0.04149215502115005,-0.009290903004567546,-0.021171411184138476
2015-01-16,-0.06647572056535206,0.013334893186267299,0.00041947270824256653
2015-01-20,-0.051921620605776465,0.001548752433400387,0.0062709873315708155
2015-01-21,-0.053704128048387,0.004720465022189361,0.021439639920577708
2015-01-22,-0.13923162256133706,0.015154313070630327,-0.010456237255690979
2015-01-23,0.01572931600995626,-0.005506656279301935,0.005549299082012005
2015-01-26,-0.07088108332960535,0.0025651679986232745,-0.012996594760184747
2015-01-27,0.10394191487454535,-0.013478287815857576,0.029462005134981352
2015-01-28,0.17142233233886708,-0.01358750281102202,-0.023045727925194628
2015-01-29,-0.08576683568496396,0.00948951705826357,0.013524792879148598
2015-01-30,0.11136585639104273,-0.013077099006318498,0.07563338025868385
2015-02-02,-0.07627453307387483,0.012879170000215516,0.03267412051677869
2015-02-03,-0.11437917977067641,0.014336238577453099,0.056112709906173966
2015-02-04,0.05609995836427453,-0.0041647065724529616,-0.06694745281611852
2015-02-05,-0.08418837825184554,0.010238810710909235,0.04353617817374114
2015-02-06,0.025777673208937757,-0.00342402761187852,0.02150995851828043
2015-02-09,0.07034139527817063,-0.004256239310481708,0.009299204576381713
2015-02-10,-0.07381772395262162,0.010618979554062366,-0.03328702966597872
2015-02-11,-0.015794447589819655,-2.9034010158247172e-05,-0.03186875968075054
2015-02-12,-0.10039377049602104,0.009598295065916026,0.04279588522657316
2015-02-13,-0.043296844265169485,0.004066459227779422,0.005941998550203085
2015-02-17,0.07284299048374784,0.0015962996977983961,0.08577636057221094
2015-02-18,-0.02240096110629207,-0.00031435862322874816,-0.032507332320642214
2015-02-19,-0.010409973552381732,-0.0010626217157189283,-0.005300653465897855
2015-02-20,-0.06693946684211022,0.006107842721055837,0.00016610705352689117
2015-02-23,0.018018520984404013,-0.000303385211985694,-0.022163426760509655
2015-02-24,-0.06161246293934012,0.002754972468831103,-0.004083055615724521
2015-02-25,0.010897352565632288,-0.0007660169636026022,0.049390721357164775
2015-02-26,0.0050450337510371925,-0.00147711863025381,-0.025971246484321704
2015-02-27,-0.041840943039847,-0.0029606830486323707,0.041268231679236045
2015-03-02,-0.022745498352724706,0.0061062381811330165,-0.049797396535851524
2015-03-03,0.06098541541786991,-0.004548872603817568,0.024553315826079364
2015-03-04,0.02634541094184929,-0.004398161230154572,-0.007732229391441411
2015-03-05,-0.013441984052200456,0.001195365251036089,-0.0011567330965113133
2015-03-06,0.0793850194232402,-0.014275356362467066,-0.012478325222101147
2015-03-09,-0.009253165069142574,0.003936662357975969,-0.020294976633228008
2015-03-10,0.10276751943766035,-0.017106820937141425,-0.037247595451769276
2015-03-11,0.01072717663256296,-0.001919520676484767,0.020188547039212378
2015-03-12,-0.089871573222055,0.012522702206037068,-0.008026549347169013
2015-03-13,0.036923349156871114,-0.006093237090196838,-0.04313874527333205
2015-03-16,-0.024677009706211055,0.013442909023855906,-0.02275557588346774
2015-03-17,0.0031979682852878465,-0.0033256977077820026,-0.00018711184920557742
2015-03-18,-0.11419748843554198,0.012085101501628708,0.04537086062801051
2015-03-19,0.007132657053160405,-0.004884489126950175,-0.026827774256518427
2015-03-20,-0.07755817749755382,0.008972382193259682,0.016219023227137558
2015-03-23,0.02951401397599996,-0.0017472566067133015,0.01078756390136848
2015-03-24,0.015538606404026779,-0.006158345701590925,-0.014590866211076945
2015-03-25,0.12542222510043294,-0.014665926527239062,0.024555386109811003
2015-03-26,0.02304843468536551,-0.0023803307374738966,0.04686600042112521
2015-03-27,-0.04730395971689352,0.0023657607295033602,-0.04810614045432556
2015-03-30,-0.03786790971768249,0.012162382647149434,-0.002129529306494393
2015-03-31,0.052360934775902146,-0.008834686217530795,-0.0211857167701161
2015-04-01,-0.011842263882984972,-0.0039732542018475255,0.03547289096874644
2015-04-02,-0.029552156207520802,0.0035234523037141535,-0.038380395205162406
2015-04-06,0.004760273877682206,0.006587072647165644,0.05608612559044639
2015-04-07,0.0027100262199033945,-0.002064032708587167,0.016721078269133164
2015-04-08,-0.055647193391672574,0.0026789415573472003,-0.06194739624210283
2015-04-09,-0.06577911248284371,0.004447575873625805,0.018195301609051445
2015-04-10,-0.03974034637104448,0.005189376899456221,0.0227202931681911
2015-04-13,0.1026541300231562,-0.004591806820961145,0.0010362932479443094
2015-04-14,-0.01955871891376825,0.00162843225851382,0.008594071412733308
2015-04-15,-0.06263834617137357,0.005134989044995592,0.03183425685114506
2015-04-16,-0.018868465912800163,-0.0007787467579851993,0.0013254115632442087
2015-04-17,0.09747233725070595,-0.01137570418905323,0.04926307598099424
2015-04-20,-0.043405131914837844,0.009192748586536723,0.0
2015-04-21,-0.003766497136443946,-0.001481702504767951,-0.021828300814614263
2015-04-22,-0.041608464229533175,0.005074582853386292,0.010415889441242504
2015-04-23,-0.0182617619411985,0.0023549408425523675,0.03323709242180648
2015-04-24,-0.015341405787459452,0.0022502668247534868,0.00660880472326105
2015-04-27,0.065351854319272,-0.004149913240734652,-0.006917204525510264
2015-04-28,-0.05563518787235546,0.0027654044373465075,-0.00293508266032485
2015-04-29,0.07600559842235986,-0.003747348127573222,0.01839409597694765
2015-04-30,0.08308282138311034,-0.010180553033248205,0.014176115488568905
2015-05-01,-0.13598902828037443,0.010863776563455257,-0.0048033670852029595
2015-05-04,0.01174186258153601,0.0029364331477630206,-0.00015050991720569893
2015-05-05,0.10761478186408995,-0.0119080033585301,0.01597406133645417
2015-05-06,0.05704188388417954,-0.004465681140931977,0.0036957690437256553
2015-05-07,-0.0013209714117521246,0.003766710469475405,-0.03345891237415322
2015-05-08,-0.16255784325158099,0.013368147987361164,-0.002291325000489812
2015-05-11,0.07416356806376284,-0.005102556456082039,-0.00736758077552719
2015-05-12,0.0007217088147076654,-0.002953996439367266,0.029599138657115054
2015-05-13,-0.00724111985194358,-0.0003050012906516677,-0.0007481567258944725
2015-05-14,-0.07701921696064191,0.010721604261760033,-0.003298372267213172
2015-05-15,-0.028664355677943884,0.0007681188278664758,-0.00030034009931642364
2015-05-18,0.027879100109408386,0.003043312472570502,-0.004516765583597661
2015-05-19,0.009382464417714065,-0.0006435815978420154,-0.03454177333871628
2015-05-20,0.0023318885337834856,-0.0009309494507940488,0.015653201003661563
2015-05-21,-0.06164420034672275,0.0023351459087448084,0.02295460123970697
2015-05-22,0.0016502031758452804,-0.0022363851494835974,-0.01773980470880511
2015-05-26,0.14765218383673945,-0.010335204907502334,-0.025564975441430736
2015-05-27,-0.0578280333869863,0.009120918929110081,-0.026396823050472723
2015-05-28,0.003009781093195853,-0.0012675639174870542,0.008344086351484158
2015-05-29,0.03904729728121657,-0.006338515184097658,0.04651994913620417
2015-06-01,0.009349231168656014,0.002057343499147661,-0.010426349162467942
2015-06-02,0.019142697527350715,-0.0010091051653478204,0.009358059136881322
2015-06-03,-0.041583046938439616,0.0021166294697559994,-0.026144248218330498
2015-06-04,0.07405569423438678,-0.008660562215101069,-0.028135059086657397
2015-06-05,-0.034581592413088925,-0.0014372152327325357,0.020425196941780754
2015-06-08,0.07325307265254886,-0.006495560338305542,-0.00984139286775382
2015-06-09,-0.0551214583487213,0.00041826551900276467,0.03433744409407961
2015-06-10,-0.09034670447496196,0.011970491752514406,0.012559511566778403
2015-06-11,-0.028387013594802463,0.0017371167565281324,-0.009020722417742396
2015-06-12,0.06987440517992623,-0.007018874653102703,-0.01922840577270276
2015-06-15,0.11049972395144418,-0.004633289621771348,-0.019924731344541292
2015-06-16,-0.038415313545916235,0.005673730515753803,0.00031939408600518754
2015-06-17,-0.021154007186513838,0.0019776843950728407,0.019605337258535964
2015-06-18,-0.09468971451055078,0.009854000054008836,0.0060876360810329985
2015-06-19,0.056737165150839666,-0.00531761523794962,-0.01948524333834842
2015-06-22,-0.09144946788840772,0.006076367981542122,0.005064899926610043
2015-06-23,-0.05071510296376066,0.0006356664251933869,0.01737263851489199
2015-06-24,0.09072047280414063,-0.007380465718305258,-0.015007242415345234
2015-06-25,0.05501937466715889,-0.0029780041565964136,-0.004578126394430991
2015-06-26,0.0007135375712560152,-0.00039015574492238484,0.0009488781200343605
2015-06-29,0.2960280198739356,-0.02108696950861153,-0.01995755605056603
2015-06-30,-0.033444370551028266,0.0026549623524674106,0.025160592384767567
2015-07-01,-0.12487059309242127,0.006912096434637041,-0.02516059238476746
2015-07-02,0.04258555512988953,-0.00030807018954653404,0.0009671402148153975
2015-07-06,0.013017894245912135,-0.003869232698897424,-0.09331440705091816
2015-07-07,-0.055603449375801695,0.006062560593868743,0.005467824898102316
2015-07-08,0.2003881364699924,-0.016792964912141516,0.003511869578806049
2015-07-09,0.01564500608618887,0.0022596476448199895,0.02697727796720356
2015-07-10,-0.1710681093743687,0.012262986385007718,0.0020453208379362354
2015-07-13,-0.19127419097672288,0.011005268507355188,-0.015097234476839402
2015-07-14,-0.03887543013845879,0.00444327323650017,0.011344223850094688
2015-07-15,-0.010526439027886638,-0.0007352563007372865,-0.02526958817839523
2015-07-16,-0.08845541431178576,0.007982733444475738,0.008030753605098435
2015-07-17,-0.01330026679820605,0.00110557162445071,0.00017390483111921415
2015-07-20,0.02479467457429293,0.0007709366240016023,-0.015240706961918527
2015-07-21,-0.0024519613955023426,-0.004270796242723094,0.006860777747448053
2015-07-22,-0.008217004396385256,-0.00239056502019028,-0.016082344173241066
2015-07-23,0.042009444681472906,-0.0056922102113794535,-0.015440173855930162
2015-07-24,0.08344485425581512,-0.010761020696661188,-0.011830177637316914
2015-07-27,0.12695966857254215,-0.005791755065064178,-0.021279324699849396
2015-07-28,-0.14903563483515622,0.012310073801889353,-0.0031844549325847865
2015-07-29,-0.07250665956526697,0.007292142927383681,0.00149984712829228
2015-07-30,-0.030046911917760995,2.836690402236809e-05,-0.0013122073908839764
2015-07-31,-0.00082476119164599,-0.002274103801051709,-0.020849926708163977
2015-08-03,0.03566022325017647,-0.0027606939449045503,-0.05289739226662553
2015-08-04,0.03443216301251183,-0.0022522391669328678,0.009446381381172986
2015-08-05,-0.03842101468680697,0.003109838185490679,-0.00803381542349798
2015-08-06,0.09596400320938224,-0.007783195922562142,-0.0014125659576749903
2015-08-07,-0.02798416064079574,-0.0028790228563377145,-0.018547354006901974
2015-08-10,-0.09061627307380854,0.012726835632025084,0.036360281454147936
2015-08-11,0.11423358408713478,-0.00960306468018227,-0.02470252207427385
2015-08-12,-0.00732070491903998,0.0009496036382146948,0.00971273401404006
2015-08-13,-0.008856138184716292,-0.0012760258683812036,-0.00889970724350173
2015-08-14,-0.050162480571868596,0.0039043322743591373,-0.0038677389977908815
2015-08-17,0.014700499257905047,0.005197891709402951,0.0
2015-08-18,0.05745701710000975,-0.0026289829356331003,-0.004497092731576357
2015-08-19,0.10063581401448807,-0.008289136409597112,-0.0343891656008657
2015-08-20,0.22720085108259072,-0.021325960454146156,-0.011516461737117758
2015-08-21,0.38149503553749253,-0.03236924252187817,-0.02519681241130407
2015-08-24,0.3739350623246345,-0.04021144434651928,-0.06286812968425769
2015-08-25,-0.12313609954173135,-0.013614249742655897,0.012107260155029305
2015-08-26,-0.1722668017474006,0.03829129943453164,-0.0016213019431320105
2015-08-27,-0.14987222176466056,0.02400725448969004,0.09754147388464537
2015-08-28,-0.0019175900324734378,0.0006085511568762156,0.0510303898201871
2015-08-31,0.08742719748532295,-0.008427078663984055,0.07873551110805767
2015-09-01,0.09936294436829488,-0.030022649842427997,-0.08857391715513507
2015-09-02,-0.18525577576833296,0.01812767142321464,0.018789251810707563
2015-09-03,-0.01856918095317524,0.0011641156994188924,0.0035580251932456402
2015-09-04,0.08205306920874379,-0.015448308754276238,-0.021338922858607782
2015-09-08,-0.11016820510213336,0.024773637197038505,-0.0018158009955954646
2015-09-09,0.05203598827627688,-0.013995035769084717,-0.03996409426184069
2015-09-10,-0.07355087435260296,0.005264075444935658,0.027160320747858197
2015-09-11,-0.049200590516681394,0.004477006444986281,-0.015459444430126316
2015-09-14,0.044264305825907124,-0.00409804122304381,-0.037460744307496456
2015-09-15,-0.07312506815396823,0.01274968763143236,0.0055914583576592534
2015-09-16,-0.05423979168745604,0.0086677407153759,-0.0004290102468980667
2015-09-17,-0.00988480597185764,-0.002564344442560099,0.05163653367075032
2015-09-18,0.05252249430779115,-0.01629623095438354,-0.03335369887178202
2015-09-21,-0.10098158889302568,0.004555392033672697,0.030088315110917706
2015-09-22,0.1081372474688786,-0.012394930019378313,0.0032653837608642385
2015-09-23,-0.013910988313779642,-0.002050744229593947,-0.027472590223523444
2015-09-24,0.05878886446655086,-0.00336865187130644,0.008757315703043762
2015-09-25,0.006370865693216574,-0.00046590180122054944,0.008887116879979137
2015-09-28,0.15680826226149064,-0.026001211162809106,-0.02626789220069051
2015-09-29,-0.029381446967405838,0.001232093912981713,0.01862561728054454
2015-09-30,-0.09084754404324566,0.01889589860356512,0.0028985401630913844
2015-10-01,-0.08293808543522975,0.001971938678337173,-0.014158061238780101
2015-10-02,-0.07407380116887692,0.014213793016405511,0.009184001993386762
2015-10-05,-0.06919753747792971,0.018124593518502156,0.02300366211078365
2015-10-06,-0.007190647062750681,-0.0035946893441432997,0.05279466951088911
2015-10-07,-0.05292240252300491,0.008003519857552759,-0.011428624884563095
2015-10-08,-0.0547316680788572,0.008779780144558488,0.03295943843405134
2015-10-09,-0.019710791910466947,0.0007248485605153577,-0.007568583116935752
2015-10-12,-0.05475050558630943,0.0012746644773328382,-0.05444717722482106
2015-10-13,0.08871061234205974,-0.006848823690127077,-0.012512754933001033
2015-10-14,0.020168784649409688,-0.0047274309119391435,-0.0018294577651934367
2015-10-15,-0.11632827325786999,0.014743551351355088,-0.008992548615543045
2015-10-16,-0.06433079817255777,0.004560061373697022,0.00041051843855563887
2015-10-19,-0.00466205633754711,0.0002705089438730595,-0.00246556384808226
2015-10-20,0.05012441774089169,-0.0014221010558937615,0.002055045409526479
2015-10-21,0.05856839983606351,-0.005842448911134253,-0.01781324301281477
2015-10-22,-0.14471436374890906,0.016490847012594123,0.004795242300285103
2015-10-23,0.0006918180099253128,0.010969953969042788,-0.0018736374649532478
2015-10-26,0.0558127980773523,-0.0019149330011001104,-0.009421209655408096
2015-10-27,0.009114668707075661,-0.00255738586508774,-0.015474596540555082
2015-10-28,-0.07395844963714077,0.011770488488143476,0.046743285807515564
2015-10-29,0.019350965747437013,-0.00044987538066072313,-0.005109873231954646
2015-10-30,0.03099979012440833,-0.004821481688425431,0.015453787245510484
2015-11-02,-0.06299139525759936,0.011803876338814608,-0.015658691878209566
2015-11-03,0.027188872351530013,0.0027243529250675206,0.035239727482556715
2015-11-04,0.0645815224637116,-0.003551666939647187,-0.03955315880939489
2015-11-05,-0.0301069880771992,-0.0011327897564983025,-0.012427713394728977
2015-11-06,-0.049022767352288575,-0.00034768178002366065,-0.011740205847124435
2015-11-09,0.142216559286488,-0.009871290656502512,-0.004862065386723995
2015-11-10,-0.07737277835642285,0.0015094551534496445,0.005283749104532424
2015-11-11,0.049132657818641914,-0.003233307321568946,-0.03496328786488907
2015-11-12,0.13438726964731437,-0.014089163336632673,-0.03895006533377154
2015-11-13,0.08900534611199874,-0.011270640432155438,-0.010265876692499294
2015-11-16,-0.10050292625329886,0.014793302794234362,-0.0006881243179405616
2015-11-17,0.03676091247663154,-0.0013402770182465746,-0.0002295384073266904
2015-11-18,-0.11163159780983851,0.016033229877172244,0.012997553875874068
2015-11-19,0.008274242774755343,-0.0011237403289792015,0.0009058178985652169
2015-11-20,-0.09372224036623046,0.0038029552801494165,0.010806038095828968
2015-11-23,0.00964945523892834,-0.0012356238416840882,0.003799356016397482
2015-11-24,0.0196520059942798,0.0012212499449607925,0.028369073229625105
2015-11-25,-0.047566854096111236,-0.00012914061496715576,0.0010835246185482831
2015-11-27,-0.0046189258006021465,0.0005934415594808398,-0.028783654162166765
2015-11-30,0.06466247692522409,-0.004651800139618441,-0.005588479875640823
2015-12-01,-0.09487624275219898,0.01062393894673922,-0.0038181289528274667
2015-12-02,0.08114323540343642,-0.011056592639448921,-0.044871140239940134
2015-12-03,0.1295164728387775,-0.014477826444150087,0.031277852490972806
2015-12-04,-0.20116164898473957,0.02031785636385123,-0.01934653042676089
2015-12-07,0.06723573940631115,-0.007014043960397749,-0.05423520527222165
2015-12-08,0.1053605276991684,-0.006511052625594547,-0.011606531900376653
2015-12-09,0.10814074761423836,-0.007769086365692726,-0.0037326835220602163
2015-12-10,-0.01386417341785571,0.0022488565785946774,-0.009519136694260676
2015-12-11,0.23199768928825953,-0.01961386775581532,-0.04636419455807285
2015-12-14,-0.07048756947789755,0.0047442880640680245,-0.0002637346470575501
2015-12-15,-0.08154693493996301,0.010562580105914385,0.013880086694518581
2015-12-16,-0.1595750731627317,0.014410635650771483,-0.033318844783404904
2015-12-17,0.05871250633269954,-0.015154776635876313,-0.00026888050926547114
2015-12-18,0.08885762117302938,-0.017957495007106937,-0.008101562851058454
2015-12-21,-0.1016101724688598,0.0077483067271562,-0.014475265648186391
2015-12-22,-0.1191208463168401,0.008778095591568889,-0.006624309810186457
2015-12-23,-0.06405675209693741,0.012341596527553888,0.034030777505745326
2015-12-24,0.010859262202180447,-0.0015999154038633197,0.014086579224321235
2015-12-28,0.07169992543911456,-0.002180936456306017,-0.03409269884316978
2015-12-29,-0.05032889488078703,0.010573664173022947,0.03145003150928007
2015-12-30,0.07255209364028917,-0.007243398783778549,-0.03582879744804916
2015-12-31,0.05184249081697819,-0.009456485041467845,0.022241212933149956
2016-01-04,0.12816289366486183,-0.015422041797805928,-0.0016106730621358732
2016-01-05,-0.06795823921339639,0.0020102041393599396,-0.02172825998768685
2016-01-06,0.06263003053556988,-0.01320216300262602,-0.062015584854462576
2016-01-07,0.19367020723744927,-0.023985816519344776,-0.014122021850383183
2016-01-08,0.07773144059056664,-0.010897537445847908,-0.005943576641219501
2016-01-11,-0.10573085732867375,0.0008529082958226729,-0.06146327587201357
2016-01-12,-0.07829526331090222,0.00777251411777486,-0.02211269809221071
2016-01-13,0.1154562476716288,-0.025282375077909022,-0.01798319326323218
2016-01-14,-0.0516689475981104,0.016558060934383972,0.0234768271388663
2016-01-15,0.12060899376128009,-0.021835772698162375,-0.0006447600954673647
2016-01-19,-0.03655961056184083,0.0005316801874288286,-0.07532419968207654
2016-01-20,0.057435654847872886,-0.011762766025898373,-0.031075985020490842
2016-01-21,-0.03316441033366052,0.005181988635948063,0.04797001788717126
2016-01-22,-0.17791018295477537,0.02008072688221347,0.0954655773697707
2016-01-25,0.0779055638314243,-0.015761545172821467,-0.05361846743427018
2016-01-26,-0.07076905509235926,0.014045237830367907,0.041739582180958114
2016-01-27,0.02675014148662697,-0.010922922300528425,0.0400669704896314
2016-01-28,-0.030312029650046177,0.005513350717591524,0.023586731325220774
2016-01-29,-0.10427077887051697,0.024458650994556432,0.024771841518887873
2016-02-01,-0.010950891867125737,-0.00044333484554180534,-0.001440387733925069
2016-02-02,0.09540117783978994,-0.01892096871823143,-0.05846487235204079
2016-02-03,-0.015127491320452543,0.0049796200215740235,0.06850374315415558
2016-02-04,0.008737721034679501,0.0015255682925234377,-0.01669108766429837
2016-02-05,0.06813776228523744,-0.018654158276351848,-0.011675488977654386
2016-02-08,0.1062156178729153,-0.014255057923057347,-0.03525911288106596
2016-02-09,0.020556525378710746,-0.0006638406467602255,-0.08105705196422858
2016-02-10,-0.009464389834236935,-0.00018896813076091644,0.017005002933848743
2016-02-11,0.06800335643046583,-0.012377447329256216,-0.02561718708441487
2016-02-12,-0.10244287099042414,0.01933001520704595,0.10416222922801542
2016-02-16,-0.052122441497631504,0.016381737741684915,-0.036012444738819815
2016-02-17,-0.07759173300196279,0.016346110625641338,0.069614172989678
2016-02-18,-0.030491558732908645,-0.004676632123934705,-0.006397265917511819
2016-02-19,-0.05265616129669548,-2.60332818018429e-05,-0.03775156310192394
2016-02-22,-0.05764570131827683,0.014350731099076084,0.049640926376260684
2016-02-23,0.07932801799057836,-0.01253257757078849,-0.04179531760470153
2016-02-24,-0.012470196897080916,0.0044299600346319485,0.033691111585546066
2016-02-25,-0.08088759406098134,0.011284366730450844,0.025252448255162884
2016-02-26,0.03597504356042947,-0.0018718653295646535,-0.005398576630660727
2016-02-29,0.03667407006476751,-0.008154131091571704,0.024484204644747088
2016-03-01,-0.14929622113252902,0.023588385401618943,-0.00027810750041706275
2016-03-02,-0.035071176627717145,0.0040859498611017005,0.02661705298428406
2016-03-03,-0.02308474094828373,0.003492634320316937,0.0037837718021218004
2016-03-04,0.009535223667163365,0.0033004398659416986,0.04354828500457784
2016-03-07,0.028648539604726686,0.0008846228008639487,0.053305703097901606
2016-03-08,0.07332543326048147,-0.011303756056006186,-0.02957101046813978
2016-03-09,-0.017833486491807955,0.00503967278281425,0.03518693397328046
2016-03-10,-0.015938832637493856,0.00015579279712262694,-0.02514926607314811
2016-03-11,-0.08978526160424032,0.016262545588851488,0.008453559999175282
2016-03-14,0.02513597778064068,-0.0012617686166117468,-0.021522368035698437
2016-03-15,-0.004739340811956353,-0.0018386309343179589,-0.020187145122868514
2016-03-16,-0.1163737210296814,0.005584727881779697,0.04022295298177607
2016-03-17,-0.03738119244018626,0.006573583068596323,0.029561186200544754
2016-03-18,-0.029517190148146893,0.004395967251026178,-0.008218565614194422
2016-03-21,-0.016541225218272202,0.0009850919042923014,0.008218565614194494
2016-03-22,0.027183370047844744,-0.0008777728967722512,0.0060002578800102
2016-03-23,0.05291509253109994,-0.00640650953066712,-0.032096109316698145
2016-03-24,-0.013477280384626622,-0.0003781417793768198,-0.0007416288573940499
2016-03-28,0.03335866400675652,0.000545106888072358,-0.00421257396281591
2016-03-29,-0.09780673898266716,0.00877801205423741,-0.02846183985685618
2016-03-30,-0.018992482799906358,0.0043408799935662195,0.0030611997218524863
2016-03-31,0.028355181137191182,-0.0020418423596207116,0.0086229336324172
2016-04-01,-0.0628672352676926,0.006310959066599757,0.0015140395161113412
2016-04-04,0.0749799646332833,-0.003213480045854618,-0.0509483484016886
2016-04-05,0.08807314912269494,-0.01019629841179453,0.0047644428663562825
2016-04-06,-0.09020003634280462,0.01045279793201316,0.05071222283749754
2016-04-07,0.13707370691052384,-0.012048073970004866,-0.010344480917194003
2016-04-08,-0.05077233828284527,0.002782702604616504,0.06171303710036997
2016-04-11,0.056941412828254066,-0.0027435458896039448,0.02099884164937342
2016-04-12,-0.09070822725913273,0.009615753881389974,0.042510897837126985
2016-04-13,-0.07043692972224526,0.009990069768557895,-0.011477527316564866
2016-04-14,-0.0087083194541799,0.00017291243013242585,-0.00772555877920288
2016-04-15,-0.00731534944153073,-0.000984769576145959,-0.01702368441384465
2016-04-18,-0.02002287889817992,0.006519725613797989,-0.004418066259043677
2016-04-19,-0.008273880199055257,0.0030797379028665328,0.0257662965958773
2016-04-20,0.0030165907189823042,0.0007612550492345003,0.03941288241876018
2016-04-21,0.049220370653927835,-0.005207562857292034,-0.02812098254151201
2016-04-22,-0.053748639972233614,4.785857954074228e-05,0.012940873030038099
2016-04-25,0.06302449068890141,-0.0018136896207629953,-0.014064325299721092
2016-04-26,-0.008559245244474722,0.0018710001742369307,0.027933585639576784
2016-04-27,-0.013703754082705518,0.0016479941117468401,0.030996855157404232
2016-04-28,0.10011802399402735,-0.00927363606156167,0.020143339228389293
2016-04-29,0.03105033022740543,-0.005075949230557177,-0.00020771416893345895
2016-05-02,-0.06717465623063465,0.007779606697244105,-0.0006235601186535311
2016-05-03,0.06078489473376836,-0.008714499388395887,-0.028467889653964833
2016-05-04,0.028437863332176665,-0.00595458270547255,-0.046632090668347406
2016-05-05,-0.008760969281850628,-0.00023903669279415213,0.008702484947516667
2016-05-06,-0.07774070131773063,0.0031696105535526063,0.007966420119683036
2016-05-09,-0.010242532179650305,0.0007532133076099479,-0.03910605851681951
2016-05-10,-0.06669134515693033,0.012406365236037333,0.04240678825766628
2016-05-11,0.07489370751630657,-0.009607522877868724,0.044680929306699244
2016-05-12,-0.019244562198597173,-0.00016947926796424465,0.01003359912935739
2016-05-13,0.04279091656292303,-0.008514434161752484,-0.0052132323356900954
2016-05-16,-0.024227272010415694,0.009748976389612767,0.023554794667034595
2016-05-17,0.058859922270753685,-0.009455863552162807,0.006310403812706389
2016-05-18,0.024112851026890914,0.00020515768640127935,-0.007127582916483248
2016-05-19,0.02354508503780745,-0.0037135945227206248,-0.0024554735035197416
2016-05-20,-0.07170848700647808,0.006001459222804671,-0.0018455895773754536
2016-05-23,0.03997952774511884,-0.0020876365681016884,-0.007623458116847245
2016-05-24,-0.09265880590135783,0.013588637533990108,0.005363093273177803
2016-05-25,-0.03672732445486481,0.006950529651583447,0.022980188506612376
2016-05-26,-0.03439777943419582,-0.0002104660499285901,-0.0030202685420353567
2016-05-27,-0.023353258465272583,0.004277694939439437,-0.005459531469555972
2016-05-31,0.07839968680734224,-0.0010057686205899895,0.0074740058685824045
2016-06-01,0.0007044895745281789,0.001134398653926189,0.000402423712155456
2016-06-02,-0.04096869707048888,0.002820696166986195,0.006616602205406817
2016-06-03,-0.011808243858455967,-0.002916062236694851,-0.008025755853773289
2016-06-06,0.013274483438230778,0.004885328519363624,0.018165982332864667
2016-06-07,0.028882915670721605,0.001288615629197613,0.017453122858703707
2016-06-08,0.0021329359561023946,0.0033041019719547236,0.020587542452644336
2016-06-09,0.03900218667288067,-0.0017192355978938075,-0.010721863453789757
2016-06-10,0.1512190030101828,-0.009217532410166119,-0.02751661215631615
2016-06-13,0.20811627717528977,-0.008148298789709478,-0.003766531215823115
2016-06-14,-0.022667926025283062,-0.0018005050719719037,-0.010381339819788024
2016-06-15,-0.017717029159386808,-0.0018424090638101951,-0.0174093583975466
2016-06-16,-0.03898233623961898,0.0031280931110455722,-0.03702591400481459
2016-06-17,0.002062868574259218,-0.003263284144608922,0.04110166754760019
2016-06-20,-0.0550694444075854,0.0057913827784231015,0.029655616636050996
2016-06-21,0.005970096530745827,0.002708390604209703,-0.000592526804311578
2016-06-22,0.1358960473078682,-0.00165292899657585,-0.014726591790788158
2016-06-23,-0.2047729452732758,0.013275567071955107,0.02043922269150297
2016-06-24,0.4010107666439484,-0.03658079280558263,-0.0503529641174242
2016-06-27,-0.0770386767924294,-0.018262246511702756,-0.026160328365977977
2016-06-28,-0.2405904809124681,0.01761412160408792,0.029665888831925145
2016-06-29,-0.11938435370313931,0.016889242971253916,0.04093723602032796
2016-06-30,-0.06261724695801948,0.013473863149466128,-0.018546753517833945
2016-07-01,-0.05659402421917195,0.0019467062930320223,0.0032154337726993487
2016-07-05,0.05338990800959761,-0.006871028985598719,-0.03845056647083333
2016-07-06,-0.04060806044942412,0.0053386870582759595,0.017362986155177063
2016-07-07,-0.01345914041703677,-0.0008719578867330009,-0.050430805107565854
2016-07-08,-0.1117040195365115,0.0151381865659924,0.00772860859098169
2016-07-11,0.025431449524060772,0.0034028193119982385,-0.010966636750077889
2016-07-12,0.0007382967353085246,0.006984842307345719,0.04688361108356493
2016-07-13,-0.03836500782895798,0.00013475867498170382,-0.04666745452203558
2016-07-14,-0.017015125885264937,0.005245422801696999,0.02371147386734878
2016-07-15,-0.011769427333191387,-0.0009293790598711438,0.005053741638933517
2016-07-18,-0.018319946774882384,0.0023794618218687365,-0.01374668000230253
2016-07-19,-0.0385135117017342,-0.0014362045004153862,-0.0064088927008672135
2016-07-20,-0.01684958171345754,0.004261208315763991,0.010870795154889172
2016-07-21,0.07919267201381489,-0.003619069856524976,-0.020778243876431495
2016-07-22,-0.05817466498784901,0.004543626789510244,-0.011100389083062935
2016-07-25,0.06832704552540611,-0.0030160187399297005,-0.021458569375046276
2016-07-26,0.013889135668433597,0.0003227321607194127,0.003348540039803795
2016-07-27,-0.017001975703382886,-0.001199260946808637,-0.03169832310102093
2016-07-28,-0.00861059377621103,0.001604920448092453,-0.017872134980194434
2016-07-29,-0.06916137992441954,0.0016299801176578648,-0.005636503389016985
2016-08-01,0.04690285459939975,-0.0012705941474910585,-0.00023550398297923907
2016-08-02,0.07209632897453477,-0.006381940812667669,-0.015430609451446567
2016-08-03,-0.03889169044179689,0.0031290427160710972,0.030626640427908122
2016-08-04,-0.03481360946436234,0.00021254929948908707,0.02723597689982557
2016-08-05,-0.08657227504660032,0.00856669728938006,-0.00045168152198645634
2016-08-08,0.009611227767642339,-0.0009075772915415996,0.02498454593722756
2016-08-09,0.013817132466701737,0.00038971798655598234,-0.009073866667424846
2016-08-10,0.03290050792937694,-0.0028687970634882847,-0.020892601291783393
2016-08-11,-0.031186672237139078,0.004723415102443644,0.04418526867682127
2016-08-12,-0.011192550046500696,-0.0007963633869140575,0.01999852228874061
2016-08-15,0.022261212258253418,0.002789016294521772,0.02895706431237772
2016-08-16,0.06791975014042438,-0.0054941422164782264,0.018036994131362446
2016-08-17,-0.0362505068101687,0.0018668460061555662,0.012515281326801174
2016-08-18,-0.06437440456389017,0.002197201696382422,0.020647962808754607
2016-08-19,-0.007905192750934193,-0.0014413095687681864,-0.0001964885824977419
2016-08-22,0.07882098427504385,-0.0005634818833231075,-0.03438965843076667
2016-08-23,0.008924980470093992,0.001949867178361733,0.016142385338239147
2016-08-24,0.08289681536635139,-0.005254055259671874,-0.018382496475118904
2016-08-25,0.013294162237876155,-0.001366160396645455,0.012560921797808919
2016-08-26,0.0014662395797748562,-0.001580064238713279,0.005020595126530528
2016-08-29,-0.05341623703958905,0.005214428428674345,-0.013309328762624474
2016-08-30,0.01381451814843274,-0.001955591407122778,-0.01823259386605795
2016-08-31,0.022608362435316418,-0.0023786911055626065,-0.027881441699595298
2016-09-01,0.0044609342968024756,-4.138538941144249e-05,0.00021252676277217817
2016-09-02,-0.11796851704878558,0.004192241599034617,-0.004686787520399095
2016-09-06,0.003333412713915429,0.002977242370005349,0.00914017394768517
2016-09-07,-0.006677894369882704,-0.00014639593829345095,0.01512001162765917
2016-09-08,0.04663426995405139,-0.0022254881924702883,0.04103877113069957
2016-09-09,0.3356725381547387,-0.024827742410836417,-0.040413731419456
2016-09-12,-0.14354051078040708,0.014570387233434434,0.006436259728761927
2016-09-13,0.16334315944743963,-0.014941748278210834,-0.025572578685043715
2016-09-14,0.016115881443765686,-0.0005878493998128358,-0.02689780320312019
2016-09-15,-0.10695435003365247,0.01005851644943989,0.016010763681154887
2016-09-16,-0.05874751090184277,-0.0037794277955721,-0.017757064436884618
2016-09-19,0.0103560698614386,-1.8603233824686035e-05,0.0039250007384418915
2016-09-20,0.02480256524236022,0.0002990934842341777,-0.0015245498635855252
2016-09-21,-0.17981213563989507,0.010858000333635954,0.02049474675368758
2016-09-22,-0.1011920823781142,0.006478751917642122,0.017358599827367364
2016-09-23,0.022213953283479113,-0.005753292959718776,-0.03763544701642824
2016-09-26,0.1653627289524887,-0.008624850117916047,0.03131957230013079
2016-09-27,-0.10153639009959678,0.006423495165298114,-0.029577751034076664
2016-09-28,-0.05572253597621583,0.005282576603642458,0.05748460561734462
2016-09-29,0.12359519090648864,-0.009365127730081198,0.011232693413894141
2016-09-30,-0.053473044402402276,0.0079363925880277,-0.0036622685813034483
2016-10-03,0.020849581502971382,-0.003266023181527122,0.0008149369010968894
2016-10-04,0.004411802746919617,-0.004967881786362002,0.035414334114204894
2016-10-05,-0.048093441042034196,0.004287486231196994,0.019274454042018833
2016-10-06,-0.011614502917052018,0.0004814438526045025,0.012455803805325032
2016-10-07,0.04864176137982386,-0.0032587874416142044,-0.011106931952156299
2016-10-12,0.035181127391220514,0.0011459322063988205,-0.011514202569658743
2016-10-13,0.04786193691339739,-0.0031040764122339942,0.004237244507698259
2016-10-14,-0.03474898053229599,0.0002015841591211507,-0.0015387196094172708
2016-10-17,0.005567490128307157,-0.0030426181118402627,-0.008311641550007454
2016-10-18,-0.0590835130057463,0.00614150560569863,0.0031007746981880084
2016-10-19,-0.058622366840264103,0.0021895721553504997,0.018975133351185995
2016-10-20,-0.04688357530982252,-0.0013766711313809553,-0.024796986260358242
2016-10-21,-0.030271772186730078,-8.414514015477906e-05,0.007754938278313385
2016-10-24,-0.024280379986927482,0.004738594647427366,-0.006199161686041979
2016-10-25,0.033235655111758064,-0.0038049574647063588,-0.013105286223656079
2016-10-26,0.05633256285998624,-0.001741927921187231,-0.016076586591024386
2016-10-27,0.07571181545711721,-0.0029911959060088668,0.009756208291008973
2016-10-28,0.0526270953086411,-0.00311314013962507,-0.015173022849664717
2016-10-31,0.05234271008244064,-0.0001222838841985538,-0.028774556826534466
2016-11-01,0.0842721878245324,-0.006810019108735079,0.0006209788808158649
2016-11-02,0.04013211440512595,-0.006546884453454001,-0.030888077638844092
2016-11-03,0.13353140496502897,-0.004433213022609399,-0.010943187013583468
2016-11-04,0.01928744713309489,-0.0016675202716929607,-0.01675219510120251
2016-11-07,-0.18490157373316507,0.0219801997294649,0.012427930022460664
2016-11-08,0.001602173243248214,0.0037648783971575305,-0.002386390273167198
2016-11-09,-0.26482190434549113,0.011016119879656035,0.006926427897870699
2016-11-10,0.024726510982010494,0.001948845716095396,-0.011279955901838638
2016-11-15,-0.07975497278973488,0.007452955022089459,0.055168298087808924
2016-11-16,0.02584125920615844,-0.0015835165223759536,-0.006839088177902826
2016-11-17,-0.02733822833971066,0.004665469361197901,-0.0030068619200934532
2016-11-18,-0.03817257239318107,-0.00238965136554844,0.00792717429833375
2016-11-21,-0.03403575837942599,0.007433702070873876,0.04261298158024254
2016-11-22,-0.0008054957272058979,0.002163091103593048,0.0044888344089763854
2016-11-23,0.0016103431532141573,0.000807698156908801,-0.00346687753125344
2016-11-25,-0.00726689923162174,0.003906745613423708,-0.03555835770282895
2016-11-28,0.06357569877211963,-0.0052683892547352165,0.020947560353229817
2016-11-29,-0.01919444781833908,0.001334402353261901,-0.039320232355980415
2016-11-30,0.03278984667081118,-0.0026569305551563936,0.08451076968184133
2016-12-01,0.05402772096933585,-0.003521722966763813,-0.00019819946959215878
2016-12-02,0.003547374523738657,0.0003969277200846238,0.07628554536532224
2016-12-05,-0.15108641004857054,0.005804426926743671,0.008775185236323129
2016-12-06,-0.029254102597901264,0.0034050844688746093,-0.018554740663056967
2016-12-07,0.035822264281490476,0.013077358744723351,-0.017395001455752526
2016-12-08,0.033792440285087585,0.0021570150168711013,0.01665300706740541
2016-12-09,-0.07301317529015335,0.005921418532969715,0.008131673646364426
2016-12-12,0.07301317529015339,-0.001138082290599516,0.02472397867612295
2016-12-13,0.006309163024485387,0.00651848320123699,0.0005385978773990256
2016-12-14,0.0362833560111711,-0.008150295461858616,-0.033208664595021115
2016-12-15,-0.030795322307788982,0.0038757076875535726,0.002223850614043315
2016-12-16,-0.047227676502983436,-0.0017521567509802415,0.021789722874880842
2016-12-19,-0.040992755237938876,0.0019731727152112587,-0.005266532153945657
2016-12-20,-0.022453467525084786,0.0036309124011527547,0.007799084027453127
2016-12-21,-0.015845344672603123,-0.0024603857246776667,-0.01621016115221608
2016-12-22,0.01409713583668367,-0.0018647112223965044,0.010775378875053353
2016-12-23,0.0008744447656073317,0.0012509325350792359,0.0019962008491615896
2016-12-27,0.04695700067815876,0.0022458489045486347,0.016719496081834137
2016-12-28,0.07702282346695732,-0.008391640709771516,0.0023150409506974253
2016-12-29,0.031917609137335934,-0.00029334773186837293,-0.0014240271295735585
2016-12-30,0.04889701332632268,-0.004647834696854234,-0.00017811207836230324
2017-01-03,-0.08856655485305576,0.008450766753157112,-0.011828091909729681
2017-01-04,-0.08101594125491061,0.005705963770549438,0.017690050536150134
2017-01-05,-0.0153064469366001,-0.0007709676024811847,0.007587161424090052
2017-01-06,-0.03045040702003253,0.0035107891805790594,0.003684521905111748
2017-01-09,0.020979853727208023,-0.003554905471559629,-0.03856243426810978
2017-01-10,-0.006073827602679202,0.0,-0.0239466086361181
2017-01-11,-0.02022042890204621,0.0028256423891019514,0.02685464143115301
2017-01-12,0.024562614735795518,-0.002147112393729617,0.016380527788504184
2017-01-13,-0.027230529786543247,0.0018481313951466559,-0.010048488699042155
2017-01-17,0.055425470992607244,-0.0029719144562184454,0.0003606285182610503
2017-01-18,0.05011312728111235,0.0017622004698093201,-0.028340923428367606
2017-01-19,0.02375410179361605,-0.003615837624319374,0.0044411931413440376
2017-01-20,-0.10206217028079227,0.0033605840612999428,0.024260228799238826
2017-01-23,0.019734702390271835,-0.002693749646069815,-0.004696578961124024
2017-01-24,-0.06131524101187122,0.006543140528962317,0.0037950544861054636
2017-01-25,-0.02376704868415178,0.007994052795968681,-0.006514623006883317
2017-01-26,-0.016791467348872033,-0.0007356549352631034,0.02084157024312173
2017-01-27,-0.004714783900694753,-0.0008668394897415927,-0.012884952903552526
2017-01-30,0.11589090434856732,-0.006027673496096654,-0.005237048818791394
2017-01-31,0.009216626382455856,-0.0008903016080325452,0.008473885005754899
2017-02-01,-0.015126284210131685,0.00029831898811628964,-0.0007184072742188927
2017-02-02,0.010109595950462544,0.0005701468386910137,0.016040292512251763
2017-02-03,-0.08389196306148798,0.007238496854553608,0.004410344873869747
2017-02-06,0.03581399906840904,-0.002117597513709103,-0.019373219923024203
2017-02-07,-0.007060922914538122,0.00022680346384577153,-0.012097321509752323
2017-02-08,0.014072338559439708,0.0006930821486096318,0.0012707580177437063
2017-02-09,-0.05106346139591864,0.00573606373596025,0.00921003596014221
2017-02-10,-0.0027611368012951756,0.0035597068220090916,0.019051580901881075
2017-02-13,0.020073604007755815,0.005232133584011204,-0.019770892479170212
2017-02-14,-0.03026365138316334,0.003999327195672579,0.006812523002963589
2017-02-15,0.10842847410849218,0.00497988866573445,-0.003938444372993834
2017-02-16,-0.017699579944830846,-0.0008644916015501692,-0.0017953051994670688
2017-02-17,-0.02322688999264791,0.001677149327237158,0.0028709842661211165
2017-02-21,0.006938442888538858,0.0060298500200691545,0.015115402302443908
2017-02-22,0.014586280074939891,-0.001082786146804093,-0.014578030522617972
2017-02-23,-0.0025586140367860996,0.00041889897125923353,0.013165137048937325
2017-02-24,-0.020708226445359156,0.0014922502320316529,-0.010482464896869494
2017-02-27,0.052643722825793667,0.0010174652677336642,-0.0010722190488914871
2017-02-28,0.0663978270118586,-0.0025817061151949088,-0.006097582579626316
2017-03-01,-0.029852972096808657,0.013581211083725323,0.00017984210241285556
2017-03-02,-0.059976866422854436,-0.0058771169721052695,-0.00939646670866843
2017-03-03,-0.07469438073946413,0.0005037503685347897,0.014777700353631842
2017-03-06,0.025226539101959565,-0.0032826227635658124,0.001965808796835883
2017-03-07,0.01851088923978977,-0.0029176259020898777,-0.0016081510730986395
2017-03-08,0.03518165127944148,-0.002286827964063899,-0.051556819254848577
2017-03-09,0.03642791326364774,0.0007995756127663866,-0.017474366584499478
2017-03-10,-0.053435110049364944,0.0032633397058585423,-0.015836555655435194
2017-03-13,-0.02694639029882756,0.0003665656191696328,-0.00038941702728762607
2017-03-14,0.08038150034819254,-0.003384748980891005,-0.008409168929535773
2017-03-15,-0.05601130151455044,0.008339879124686365,0.01732746960322412
2017-03-16,-0.036781735883710844,-0.0016280347991836145,-0.00135199813469683
2017-03-17,0.006224981910135874,-0.0013151792642314352,0.00038640856647757305
2017-03-20,0.005305089358182302,-0.0020119160803802947,-0.0027084441661897746
2017-03-21,0.09498946935031426,-0.012485594590102116,-0.012868180300279525
2017-03-22,0.026900367559963098,0.0018881028474626675,-0.0062992275151358326
2017-03-23,0.02391162612770636,-0.001060832144830083,-0.0015809887829528074
2017-03-24,-0.012270080925744142,-0.0008443522139384829,0.004735562565731005
2017-03-27,-0.03613904955931246,-0.0010201075858456302,-0.0009847216440462393
2017-03-28,-0.08077633318676844,0.007225308829623951,0.011363794322527447
2017-03-29,-0.009586100212892159,0.0010847362038301697,0.02101275072037611
2017-03-30,0.010453046865728418,0.0029308109117050134,0.01024873137680465
2017-03-31,0.06945491937858421,-0.0022575939382668176,-0.002457648506007855
2017-04-03,0.000808099347558405,-0.0016434753080133316,0.005474239224990066
2017-04-04,-0.04883056518672266,0.0005593660746613713,0.01957373080721338
2017-04-05,0.08920013227216657,-0.003059536811522123,0.003501384643095992
2017-04-06,-0.0395621202351937,0.001927650293734993,0.009702570931361083
2017-04-07,0.03800928936525093,-0.0008274724629448716,0.006356187483822392
2017-04-10,0.08772339663922267,0.000687450135783276,0.013307116983955718
2017-04-11,0.0700835830326645,-0.0014349082919582845,0.00445593825315927
2017-04-12,0.045403437614591986,-0.0037670374189869064,-0.006601842719713151
2017-04-13,0.01197616440937743,-0.006838020289804216,0.0005368909175387381
2017-04-17,-0.08496290836176942,0.008576465691107291,-0.009528140026469812
2017-04-18,-0.01650654890240917,-0.0029076028458332546,-0.008526150892293145
2017-04-19,0.0347564948438943,-0.0017178253968685745,-0.036360879806712834
2017-04-20,-0.053658034861284676,0.0075288503629738525,0.0011329565442867954
2017-04-21,0.033359625724123744,-0.0030396881071153782,-0.01962907399728172
2017-04-24,-0.2998312127665049,0.010781736588111827,-0.006952531266329826
2017-04-25,-0.00740743408268955,0.006072214211751177,0.00964327655559772
2017-04-26,0.008329539139783957,-0.0004858214756873499,-0.005388750227004416
2017-04-27,-0.04621291145289357,0.0005527670002992063,-0.00736011601239792
2017-04-28,0.04344404152147478,-0.0019149794714900413,0.005621821933913556
2017-05-01,-0.06787124613989927,0.0017307918268938255,-0.004067784485066383
2017-05-02,0.04638517494834189,0.0011883435858115294,-0.020789165611976548
2017-05-03,0.00846268808456764,-0.0012721693958273864,0.00651857776960773
2017-05-04,-0.02081439982284482,0.0005819332878695465,-0.04861297557939311
2017-05-05,0.010461308726549936,0.00408035940747836,0.01477247646401044
2017-05-08,-0.07870325810156527,3.7445271907879016e-05,0.004876110470279543
2017-05-09,0.019260562517824452,-0.0010257745567932176,-0.012440266732253647
2017-05-10,0.024790560486286254,0.0011299627174494742,0.03011853057501301
2017-05-11,0.03748640119292041,-0.0021651513741066187,0.010892259939173674
2017-05-12,-0.019048267638185925,-0.0014795353407942593,0.001377811346865205
2017-05-15,0.0019212741795516252,0.0047651423030152336,0.019092719922224645
2017-05-16,0.021832812689583182,-0.0006871330369860457,-0.0032859441364962183
2017-05-17,0.3810698365205543,-0.018345468171115042,0.01078380477866497
2017-05-18,-0.06150700680717971,0.003680038627215951,0.005729565798077766
2017-05-19,-0.19688824933773272,0.0067447032082007,0.02073203353941835
2017-05-22,-0.09672310660294348,0.00514686329600843,0.004838087640318917
2017-05-23,-0.019400149557318915,0.0018361851723804105,0.005184284760944552
2017-05-24,-0.06752803921034449,0.0024860338045762944,-0.0035149872529647696
2017-05-25,-0.002998571592347738,0.004432112041978175,-0.047438225310227296
2017-05-26,-0.018182253397713146,0.00031050178530242343,0.013319421643654236
2017-05-30,0.056478572411225066,-0.0012053507295338199,-0.005962155718745412
2017-05-31,0.0028859792061798834,-0.0004600746199513276,-0.02995816318765017
2017-06-01,-0.05124268762030791,0.0075425955848472245,0.0003974653694390314
2017-06-02,-0.01425689533899515,0.00370087461804602,-0.007578836800621678
2017-06-05,0.03229339141527463,-0.0012184071404286387,-0.009656070453384487
2017-06-06,0.03704128373364934,-0.0027829086662040834,0.01305365880146831
2017-06-07,-0.005758122003968403,0.0015670287963475379,-0.04196984983387563
2017-06-08,-0.022385411022868885,0.00026716903566476714,-0.00417016364975324
2017-06-09,0.05178529651032963,-0.0008303338661872762,0.006041074701165813
2017-06-12,0.06861899097312749,-0.0009792424797181137,0.002903348910146703
2017-06-13,-0.09513567096820313,0.00450135884323014,0.008865129612731145
2017-06-14,0.020893472533577397,-0.0009963269653176028,-0.035942046747065505
2017-06-15,0.024142238057200945,-0.002242109796840374,-0.001703616949820546
2017-06-16,-0.0488818654749957,0.00028359915005969524,0.009545109627074302
2017-06-19,-0.0009638775572115882,0.008312583206893995,-0.009758225299725328
2017-06-20,0.04616927168660819,-0.0067191604469316645,-0.019154774533307883
2017-06-21,-0.010180528318603829,-0.0005828141932715965,-0.02642163299041796
2017-06-22,-0.025437119360516347,-0.0004558859724380852,0.008885032280723829
2017-06-23,-0.04488549387144057,0.0015596985554090976,0.007051586894814659
2017-06-26,-0.012048422733467023,0.00031575193973236123,0.006347857734821853
2017-06-27,0.11080031542596729,-0.008105586575672907,0.017734021528217608
2017-06-28,-0.09775445868338312,0.008769501646551084,0.014048758668116808
2017-06-29,0.13153537392103784,-0.008637216844141348,0.0023223233531494292
2017-06-30,-0.022989454248335504,0.0015320576108735333,0.010488873572830532
2017-07-03,0.0035714288703748718,0.0023081679791475806,0.03606952817151694
2017-07-05,-0.013459204741185171,0.0014522240362887008,-0.038786012020686815
2017-07-06,0.1246848130100274,-0.009412987306866183,0.0066736366505802626
2017-07-07,-0.11390304733817629,0.006382712569615801,-0.029531813484172807
2017-07-10,-0.007174912075174917,0.0009273361035125654,0.0036329131390112797
2017-07-11,-0.020000604278107792,-0.0007829870660821734,0.013559516634678477
2017-07-12,-0.055701054717754515,0.007279050947821435,0.004618971381720108
2017-07-13,-0.03960919514528997,0.001872829473473065,0.014143257624646107
2017-07-14,-0.04019081798345858,0.004662616170009233,0.010068957737667309
2017-07-17,0.03207719066462137,-5.291423670686425e-05,-0.01006895773766732
2017-07-18,0.0071030890593403555,0.0005976786981109875,0.008636738672914375
2017-07-19,-0.010162727702856242,0.00535825821605345,0.017455296086733314
2017-07-20,-0.021683868627002927,-0.00015367108860704477,-0.008080882880278398
2017-07-21,-0.023232330209173205,-0.0003679393292088825,-0.025473806690365204
2017-07-24,0.007450875197871865,-0.0010643009954088047,0.011173240626928553
2017-07-25,0.0,0.002918907519898033,0.03239154238591811
2017-07-26,0.017867009202629083,0.00028262400611947947,0.015222206405712934
2017-07-27,0.05176186086343046,-0.0009731616373937137,0.010150398354574134
2017-07-28,0.017647547065119444,-0.0013420156781160386,0.01980641149461558
2017-07-31,-0.002919684087975021,-0.0007284108345598019,0.00247220941095678
2017-08-01,-0.016708012562592033,0.0024461207749384662,-0.0003799479010540397
2017-08-02,0.018655384563251224,0.0004925274073474498,-0.005143366961957672
2017-08-03,0.015444308209867733,-0.0021860418349456704,-0.006706977185548888
2017-08-04,-0.040063966910489475,0.0018873214175395684,0.00785218745182108
2017-08-07,-0.010020066561044214,0.0016458446442804673,-0.0009542750689594095
2017-08-08,0.09869177621064483,-0.002417352230385335,-0.004401491096498993
2017-08-09,0.013593287748967505,-0.0003636747927123762,0.010683073225004188
2017-08-10,0.36724008676673126,-0.01458021840074153,-0.01529665045213924
2017-08-11,-0.0336006675706347,0.0012747571279871366,0.003846099899611077
2017-08-14,-0.22944968095691165,0.009993651246049404,-0.02664747691674916
2017-08-15,-0.023800874276263286,-0.00049893232688349,0.0013788970108743054
2017-08-16,-0.025232641808268966,0.0014190955233323716,-0.010487852755358617
2017-08-17,0.28105885598709784,-0.015557342487191416,0.015005184344011352
2017-08-18,-0.08660221985438135,-0.0018370536613519935,0.03258124219411564
2017-08-21,-0.0779994961207915,0.0011619757145661966,-0.020311128634712045
2017-08-22,-0.15024115737889923,0.009891695260625078,0.00405678305715138
2017-08-23,0.07630815945365729,-0.0034595701326390073,0.013405041255074171
2017-08-24,-0.001634024721228221,-0.0020766167471384417,-0.01013293778915831
2017-08-25,-0.08086068987236195,0.0016714716689374216,0.007084738665581249
2017-08-28,0.00353982341889929,0.0004869534732960745,-0.009971328285411694
2017-08-29,0.03301777968554007,0.0008424667620097917,0.0021176369641912845
2017-08-30,-0.04189090160767624,0.004604531788061044,-0.022166946586833273
2017-08-31,-0.05778774987191694,0.0057046735847135445,0.02944808747663306
2017-09-01,-0.04440884446417235,0.001980578042335197,-0.00114615815515438
2017-09-05,0.18839058271168793,-0.007579458552144929,0.02005746266995725
2017-09-06,-0.050303935898787074,0.003123842493144133,0.015244758535944026
2017-09-07,-0.0069025228890773095,-0.00017845204485370908,0.005336306876240245
2017-09-08,0.0481715177172049,-0.001489960143457705,-0.013115601255583104
2017-09-11,-0.12181345721828053,0.010780975197147024,0.0011150600279400725
2017-09-12,-0.014078094761562417,0.003358302594883113,0.007954908339672426
2017-09-13,-0.0075901620555276885,0.0007568342480825294,0.01626645364857926
2017-09-14,-0.00573071490215623,-0.0011013238508279736,0.00560430591486613
2017-09-15,-0.026202324698989973,0.001845477546159349,0.0027004735283315344
2017-09-18,-0.0019685496577600387,0.0014548619291293301,-0.0025202424063574366
2017-09-19,0.002951373195779545,0.0011095796167313857,-0.006147192669137936
2017-09-20,-0.04008558435718441,0.000634146702309437,0.02064152121388553
2017-09-21,-0.011311139388207003,-0.0030505659469148337,0.0024840216486792925
2017-09-22,-0.008307412548466593,0.0006475839951670207,0.00759117956805055
2017-09-25,0.06264673110631766,-0.0022245226998538568,0.03728426031372966
2017-09-26,-0.003925418350479121,7.216412589487934e-05,-0.009875813887533834
2017-09-27,-0.029942375711765806,0.004076822401987925,-0.009283152450693069
2017-09-28,-0.03295866738568999,0.0012038906289380277,-0.008498909410960761
2017-09-29,-0.004197273840086403,0.0036982630684988258,0.002261872512864903
2017-10-02,-0.006329179302721537,0.0038665188297123134,-0.024988137832989744
2017-10-03,0.006329179302721625,0.002156511184660919,-0.002140545466408825
2017-10-04,0.012539337069036876,0.0012459436611136387,-0.003577835020634081
2017-10-05,-0.046767346986372936,0.00563090403129274,0.021277412120035092
2017-10-06,0.04884198511289894,-0.001074211165239725,-0.02450843823252938
2017-10-09,0.06809439992552754,-0.0018060638680135568,0.0030518286656570216
2017-10-10,-0.024499020671500924,0.0023197196304780643,0.014591000562582283
2017-10-11,-0.023081761162490996,0.001801882929663564,0.005812398901418748
2017-10-12,0.006072839032643383,-0.0016881771203513885,-0.012192016647149284
2017-10-13,-0.030740145687903387,0.0008777220048463043,0.016223212163106262
2017-10-16,0.030740145687903356,0.0017492225323057532,0.01130547806253279
2017-10-17,0.03957000578430739,0.0006723529054339931,0.0010371889070750005
2017-10-18,-0.02355366230380818,0.0007420595113295467,0.0046539849878236075
2017-10-19,-0.001988022941352476,0.00032794411501048555,-0.015947676782722436
2017-10-20,-0.007992042726700737,0.005103796185030386,0.009045120979558372
2017-10-23,0.10465810839574674,-0.003980395312997195,-0.006601849406133422
2017-10-24,0.008097224127690763,0.0016166008745580412,0.016595072161078975
2017-10-25,0.006252784707365365,-0.004673955687259985,0.001883991226488213
2017-10-26,0.006214014609706075,0.0012701392506023993,0.014608729754585053
2017-10-27,-0.14242033745821897,0.008040609979727099,0.01904182154505818
2017-10-30,0.06899285202421052,-0.0031975773767407194,0.007582085088354185
2017-10-31,-0.03095021606312692,0.0009440129366793155,0.007687899225154184
2017-11-01,0.0019626604903779277,0.0015908441079038695,-0.0013043865612177993
2017-11-02,-0.026827192800940973,0.00018994776966671517,-0.010991858425462138
2017-11-03,-0.0829000857610654,0.003092289326314394,0.023637921499114305
2017-11-06,0.0280492256653492,0.00127044388477643,0.0348301316425363
2017-11-07,0.05081453165467937,-0.00018912080508191734,-0.009065364330298151
2017-11-08,-0.011184723605584555,0.0014426139320604147,-0.003145103202091131
2017-11-09,0.0710358004203113,-0.0037689813393701364,0.006906299933158615
2017-11-10,0.07254211761926446,-0.0008980469760537102,-0.006433915406741011
2017-11-13,0.018429660586462084,0.000983150911293032,-0.005683637173940227
2017-11-14,0.0077956351479338964,-0.0023122805602819227,-0.01515544316134171
2017-11-15,0.12475702651355414,-0.005540998742123611,-0.0054803515311714285
2017-11-16,-0.11019573509747056,0.008162652782972403,-0.008277225272973717
2017-11-17,-0.028462457426959534,-0.002629416978897395,0.021922228498833234
2017-11-20,-0.07068164816958256,0.0012748698887901106,-0.008003884416258801
2017-11-21,-0.09034600718539336,0.006519838879752696,0.005609414044287737
2017-11-22,0.015298674191578704,-0.0007505427033295442,0.011915305060309446
2017-11-24,-0.02148420598790583,0.002053984278231966,0.008491966651054762
2017-11-27,0.020471524495606245,-0.00038433158680325395,-0.0003132413125719601
2017-11-28,0.01608073350026642,0.009800332196793644,-0.0036092552457876455
2017-11-29,0.06466314829134018,-0.0003692938827907781,-0.007891455018544935
2017-11-30,0.0527874987549737,0.008157586662811174,0.00726241088030981
2017-12-01,0.013210282109116483,-0.0020265829358053324,-0.0012592165286221444
2017-12-04,0.02163649902188187,-0.0010527105492864532,-0.01651619083067809
2017-12-05,-0.030423935222028457,-0.003746390525955308,0.006543792290727291
2017-12-06,-0.027742223041994953,-0.00011411217053034995,-0.026436087622239087
2017-12-07,-0.08125341813227814,0.002928067010109385,0.015881058554161782
2017-12-08,-0.05878084311295074,0.005491202035518141,0.019108873499629198
2017-12-11,-0.025371315441107333,0.0031968421216958323,0.020142782285310027
2017-12-12,0.06024666040991902,0.001547723722089516,-0.021089624276458014
2017-12-13,0.025872112112647422,-0.000473068970150185,-0.014310969866061844
2017-12-14,0.029997359488804602,-0.004079167730762682,0.01383724259410809
2017-12-15,-0.10758730390173885,0.008934313410142761,-0.0012644514167066542
2017-12-18,0.011609592958881768,0.005348478579597589,0.002842710474708495
2017-12-19,0.05113588570453367,-0.0032354980431185012,0.006131603086874659
2017-12-20,-0.031394929406385025,-0.0008282360735725663,0.011841807753165146
2017-12-21,-0.010341393162977216,0.0019836870126583982,0.005252661075664623
2017-12-22,0.028690465826778103,-0.00045827163811375547,0.005378398981527463
2017-12-26,0.034742986976169274,-0.0010589757000585695,0.026764986017825648
2017-12-27,0.02123634480221222,0.0007906283102422613,-0.008691710729504734
2017-12-28,-0.0280890092862785,0.0018323190029195554,0.004205454855277508
2017-12-29,0.08109999629325673,-0.005196632292748298,-0.0018002217111527802
2018-01-02,-0.12220852448490782,0.008269078218398127,-0.0004505336069201585
2018-01-03,-0.06556267531195109,0.006378433243936035,0.01889791647375279
2018-01-04,0.007621228933663394,0.004020542855326989,0.003384645474514864
2018-01-05,0.0,0.007009145888585348,-0.00663274507896233
2018-01-08,0.032019830357280246,0.001660963767296979,0.0023633102714878816
2018-01-09,0.05715835818668655,0.0013020835172984225,0.015227247765807283
2018-01-10,-0.026132163784968167,-0.0011128458115206878,0.005506422588147696
2018-01-11,0.006091432053454601,0.007009025768882019,0.0008667512948383967
2018-01-12,0.02794590378897739,0.006726926399094035,0.008768842056333834
2018-01-16,0.1377057407040636,-0.0035307132616026696,-0.010358331697264843
2018-01-17,0.02121420271955673,0.009371006206502086,0.00332052177710048
2018-01-18,0.02569560503977075,-0.0016176974974736241,-0.00100944124863618
2018-01-19,-0.08092960692565507,0.004375647986990156,-0.010150855106692438
2018-01-22,-0.021525559613488735,0.00803436438221324,0.00610286943296717
2018-01-23,0.0063263336288398656,0.002172004968222319,0.013382462032238213
2018-01-24,0.032789811736977724,-0.0005601325472320471,0.008114496848553532
2018-01-25,0.00954451113451812,0.0006024393988328895,-0.0015608461875212208
2018-01-26,-0.04413779112302295,0.011771638106084168,0.001419022202099801
2018-01-29,0.22242128678125747,-0.006754736284863033,-0.01514527579180667
2018-01-30,0.06638831292880744,-0.010958642805337085,-0.006354765102544165
2018-01-31,-0.08830300947669255,0.0004888658586947881,0.0004346550189056237
2018-02-01,-0.005183254420537541,-0.0006482983520233253,0.0004343557331221614
2018-02-02,0.2508193280893314,-0.021436680516698812,-0.007264306050452695
2018-02-05,0.7682450294663026,-0.041842540938381426,-0.01409713583668361
2018-02-06,-0.21899889039638815,0.017290573348937088,-0.011302947776881253
2018-02-07,-0.07801563428568233,-0.005014138223752627,-0.020398054767740818
2018-02-08,0.18783582507703145,-0.0382590522458017,-0.010742960583596767
2018-02-09,-0.14098802843245245,0.014825645199524345,-0.03166403506261424
2018-02-12,-0.1263797157203978,0.013818665678186272,-0.0031903163322948877
2018-02-13,-0.025307847251119286,0.0026095219802775584,0.0020748721303877004
2018-02-14,-0.259644658539091,0.013313439808897013,0.025811936102688185
2018-02-15,-0.0067726786716266274,0.01199686177677526,-0.000466217721208092
2018-02-16,0.017103290129086884,0.0003733996499216942,0.007896526501930536
2018-02-20,0.05693006460225121,-0.005858517106837343,0.00630340581449902
2018-02-21,-0.028559297561090536,-0.005511664483310908,0.0026019479182159775
2018-02-22,-0.0671393623827286,0.0009730774855778604,0.014718439416622934
2018-02-23,-0.1268383116781951,0.015901278245121022,0.013762344213901347
2018-02-26,-0.042744170586720996,0.011688438620627399,0.002818820126940848
2018-02-27,0.1626138578366678,-0.012788311441467541,-0.01297271252544142
2018-02-28,0.06558021640940212,-0.011157806083656078,-0.012839063149491679
2018-03-01,0.12397702928809712,-0.013413965854876449,-0.001064715226621099
2018-03-02,-0.13716181589339502,0.005058785485198549,-0.02060337824374035
2018-03-05,-0.04489274772965498,0.01097161761052657,0.018012928506464795
2018-03-06,-0.019952073579971905,0.0026353829319968104,0.003807207774156173
2018-03-07,-0.03322566798437833,-0.000483991825716375,-0.022286400121013766
2018-03-08,-0.07116700550365268,0.004453148208884627,-0.011410764606870223
2018-03-09,-0.12202421296368898,0.017229546741207587,0.02912672632484913
2018-03-12,0.07498576651157736,-0.001274797337998416,-0.008279730480432094
2018-03-13,0.03548462217899347,-0.006383910414314703,-0.004784291359824074
2018-03-14,0.05242410329726621,-0.005740969825188786,0.0038601144566154
2018-03-15,-0.037851910572074765,-0.0007822363990965508,0.003538244644391206
2018-03-16,-0.048790161295187505,0.0017019979472317418,0.01659973123759865
2018-03-19,0.18548112907998673,-0.014306040541373417,-0.002419417937040103
2018-03-20,-0.04406944518223561,0.0014807086617189258,0.02052960547490465
2018-03-21,-0.018858026379926878,-0.0018456921256294063,0.02995333962945829
2018-03-22,0.2676050237734511,-0.025484886972854417,-0.008093663763966556
2018-03-23,0.06349365816409866,-0.02118980731175066,0.02210183651413986
2018-03-26,-0.16771226919475257,0.02679504070603539,-0.004695095803850353
2018-03-27,0.06756528684500536,-0.0174272856453219,-0.00014265329826704284
2018-03-28,0.016310735520134442,-0.0029209188994626773,-0.008307149370073041
2018-03-29,-0.13559493168663675,0.013675777493843445,0.010586620877743185
2018-04-02,0.16786273325597006,-0.022590682343495868,-0.03814540242532462
2018-04-03,-0.1128207877386875,0.012535961315741067,0.007071381107396927
2018-04-04,-0.05054530265037734,0.01150010234644679,-0.001469165887353392
2018-04-05,-0.057451639955505604,0.006839421401651201,0.004547205363023069
2018-04-06,0.12631158404852685,-0.022164067057064987,-0.018015862324975044
2018-04-09,0.012945196269927605,0.0033309949675928295,0.022688081175971132
2018-04-10,-0.06157253014451998,0.01658859899631407,0.03422195713049319
2018-04-11,-0.011299533018332437,-0.005540685772461173,0.014255959868354675
2018-04-12,-0.09043080009052253,0.008216898697657044,-0.0005552598301620498
2018-04-13,-0.06018528800463542,-0.0028907998267066345,0.007745615403414898
2018-04-16,-0.050054628308458644,0.008076336801563068,-0.01611151048455295
2018-04-17,-0.08241061365383635,0.01060507161386675,0.0022378143899543564
2018-04-18,0.022691435655257993,0.0008310204075532664,0.026197575113506785
2018-04-19,0.022814655703145195,-0.00574258179583257,0.004074369591431853
2018-04-20,0.05604384503836758,-0.008573177188352708,0.0037878668968654946
2018-04-23,-0.0325133406800305,5.623011118453955e-05,0.008738397213076579
2018-04-24,0.09786617881312008,-0.013470888006475166,-0.011442522045249749
2018-04-25,-0.010039141878284853,0.0018353742328236348,0.0018936755161246424
2018-04-26,-0.09396581506517351,0.010380144187376953,0.00995030227100992
2018-04-27,-0.052460681209673184,0.001113005271363815,-0.0013388471133630318
2018-04-30,0.03318750364910701,-0.008221192548921247,0.0070756424687114265
2018-05-01,-0.028009503426582354,0.0025458021710273926,0.0
2018-05-02,0.030517339294898603,-0.007231951201402355,-0.024373354562368353
2018-05-03,-0.004392893713193796,-0.002256217585064076,0.0035379289902672437
2018-05-04,-0.07372095769828987,0.012729810028334959,0.01683654766884664
2018-05-07,-0.0013550447502601436,0.003451980554989958,0.01721434741836949
2018-05-08,-0.002715545579214714,-0.0002656766117338216,-0.01748156986582983
2018-05-09,-0.09178139997798568,0.009635647934868785,0.031042879983284342
2018-05-10,-0.014259193702193503,0.009327011603848374,0.0033618099378208057
2018-05-11,-0.04482975850861582,0.001706139270961256,-0.004528094484235574
2018-05-14,0.02189303136809524,0.0008830995101265589,0.014290562691382748
2018-05-15,0.12352400646846416,-0.006865655043990812,0.0025532625075684705
2018-05-16,-0.08632808562575009,0.004052339847514407,0.010779363508732633
2018-05-17,0.0007448960299561571,-0.0008562387886101002,0.0002522925001395829
2018-05-18,-0.000744896029956075,-0.0026356652545503154,-0.010012134704682069
2018-05-21,-0.0256617970324463,0.007359604547933372,0.009002775182973044
2018-05-22,0.010646514426208722,-0.0031406885928751895,0.004408325951333852
2018-05-23,-0.049622609414797965,0.0032431452068987514,0.0028864091442101646
2018-05-24,-0.00398249761077406,-0.0020252629577225518,-0.012737445820902924
2018-05-25,0.053605107025572064,-0.002360003054185922,-0.0302799455665095
2018-05-29,0.25265829541846974,-0.011631572511792225,-0.013831519183240644
2018-05-30,-0.13034699842298353,0.012615875351923801,0.027603304231612953
2018-05-31,0.032271534535272615,-0.006903333243434208,0.0011605693483421066
2018-06-01,-0.13659135910246892,0.01079079970923988,0.0
2018-06-04,-0.05497569487227085,0.004469594898352221,-0.030091169685600033
2018-06-05,-0.027050190331106873,0.0007023462695756739,0.00119461538046315
2018-06-06,-0.06324897004892983,0.008530900637311972,-0.0002653130352539455
2018-06-07,0.04123426059212118,-0.0007144436219845289,0.025676012025958605
2018-06-08,0.004113554946739122,0.0031210289077513477,-0.011184934098882972
2018-06-11,0.013860806624989213,0.0010681370069403208,0.0
2018-06-12,-0.000810063119673782,0.0017418672787038484,-0.0076146074239047574
2018-06-13,0.04747722580233045,-0.004034254541411457,0.01126994811113388
2018-06-14,-0.06546628544603085,0.002468500522503687,-0.010479470028754115
2018-06-15,-0.011618416722202882,-0.00101762031549408,-0.033474807397019496
2018-06-18,0.02717341980718159,-0.002128391180886516,0.025542374100340357
2018-06-19,0.08110443913694253,-0.004031517951391294,-0.0034569175497676454
2018-06-20,-0.04285280081258055,0.001710690224112545,-0.004538840631176701
2018-06-21,0.1350939193759841,-0.006365728843220268,-0.022871215502184482
2018-06-22,-0.06126518600006092,0.0018602032551338834,0.033650549139634896
2018-06-25,0.22994675334098222,-0.013819722967770653,-0.010913066249602782
2018-06-26,-0.08486291411652415,0.0022021505056967236,0.020922296445246357
2018-06-27,0.11778302234434666,-0.008641586313141117,0.017021202017464463
2018-06-28,-0.061008528115393416,0.006159680019031288,0.0029587173540261613
2018-06-29,-0.0461527089498326,0.0007581158875170001,0.020218171789859518
2018-07-02,-0.030927031779012168,0.003063260834293461,-0.027308055396845818
2018-07-03,0.03402968631704133,-0.004959629280533677,0.005933192551504872
2018-07-05,-0.07525240875658754,0.008583856745537827,-0.004769622228613259
2018-07-06,-0.11303483371481093,0.00844551760058016,-0.0036245836354643884
2018-07-09,-0.05219913389474765,0.008784290785341506,0.012372874462992286
2018-07-10,-0.0039478327792526555,0.003467249318821859,0.01006827996596847
2018-07-11,0.07540683822437215,-0.007119486371916502,-0.07175017978015552
2018-07-12,-0.08016500889710054,0.0087109915801719,0.014203761730303757
2018-07-13,-0.032312957870359406,0.0010786555366086475,0.011750768005399823
2018-07-16,0.051990885343784154,-0.0010286646208985384,-0.047437113126681335
2018-07-17,-0.0618919465878911,0.003965824343443431,0.004444553486186912
2018-07-18,0.003311258035991887,0.0021581820767374625,0.010202733441516088
2018-07-19,0.061693528586848484,-0.003960826849049506,-0.004399232932722962
2018-07-20,-0.0007773206034422148,-0.0009488977712743676,0.006728454613628449
2018-07-23,-0.01883884406767623,0.0018363623432315187,-0.000136893675960915
2018-07-24,-0.016780261123892023,0.004769518886053562,0.005187791605103308
2018-07-25,-0.009716666446916437,0.009060435070372713,0.0066499241411268626
2018-07-26,-0.012280106562395527,-0.00303690274886736,0.008217202636564766
2018-07-27,0.07074855673172394,-0.006583834644845457,-0.0033595408460649974
2018-07-30,0.09020406039340109,-0.0057707893155871425,0.009111684310114918
2018-07-31,-0.10567225835575164,0.004872837219303094,-0.0096502721147163
2018-08-01,0.024635556933650618,-0.0010408930675711336,0.0
2018-08-02,-0.07580582054451593,0.0049143495822087,-0.010832916611702447
2018-08-03,-0.04616843727177926,0.004633432065347987,-0.003272849918051039
2018-08-06,-0.03230310312879455,0.003531982650801626,0.007348984066873682
2018-08-07,-0.03063303856020039,0.0028202017464857678,0.012129549205710702
2018-08-08,-0.0073462149644101735,-0.00026241439329510795,-0.032263095590144786
2018-08-09,0.03797925352461052,-0.0014427146770399496,-0.0029095841335811537
2018-08-10,0.15503754563276792,-0.007139312263244473,0.010215410173510936
2018-08-13,0.11609298315080728,-0.004014037665980266,-0.0027506130773810645
2018-08-14,-0.10475923351971028,0.006368930016417421,-0.002067988966047131
2018-08-15,0.09524186805072947,-0.007631208581378815,-0.023740773350609572
2018-08-16,-0.08477844011735569,0.00788821455263811,0.009424053957869303
2018-08-17,-0.06211267598649599,0.003317606375263089,0.005584288138956603
2018-08-20,-0.011938110068042226,0.002425074902128281,0.005276286206198882
2018-08-21,0.029193386300245622,0.002066399954627058,0.005799494017581991
2018-08-22,-0.04859575512178875,-0.0003982310542435054,0.02917243142304816
2018-08-23,0.012976649930220439,-0.0016926939235351061,-0.0006687903620150069
2018-08-24,-0.03442963697092799,0.006179705928285333,0.014480443200157673
2018-08-27,0.014078914039646118,0.007641141407110444,0.005130569601623007
2018-08-28,0.027576780318580765,0.00026924207759835515,-0.003417486804169961
2018-08-29,-0.020202707317519466,0.005685242468911669,0.015546756007185997
2018-08-30,0.09938348545590657,-0.004440172044458075,0.008133764674135782
2018-08-31,-0.050787730334117834,0.00013446846730492032,-0.00451058804338391
2018-09-04,0.023060222189821785,-0.0016556920488793076,0.009640797309655152
2018-09-05,0.055426080663350606,-0.002807062801265972,-0.011580180306942843
2018-09-06,0.05183231445848964,-0.0036589910366181576,-0.010014997668798088
2018-09-07,0.01557772767168095,-0.002215797895014484,0.004304471879601385
2018-09-10,-0.04959695960627505,0.0018960282146933797,0.007003931348586209
2018-09-11,-0.06869022286720176,0.003732865689715426,0.02160788292743799
2018-09-12,-0.006069815437863327,0.0003566083498935524,0.008564288175144456
2018-09-13,-0.06038686203162,0.005268352159391334,-0.019757450894949784
2018-09-14,-0.024551167327293844,0.00027544390076635555,-0.0011519034897375137
2018-09-17,0.12521192467696163,-0.005585290991549207,-0.0005122747170968389
2018-09-18,-0.06727132189438634,0.0053546528676252396,0.012477825709334747
2018-09-19,-0.08481037201802095,0.0012524880331719868,0.0046708756998971816
2018-09-20,0.004246307045422489,0.00781001418532906,-0.008855270824452026
2018-09-21,-0.010221544107446278,-0.00036860093700704873,0.0012699189454674546
2018-09-24,0.043557932577061545,-0.003521882314013849,0.03000217399268361
2018-09-25,0.017872146542956775,-0.001305948493117946,0.008217447352037856
2018-09-26,0.037143760937747294,-0.003294699681159941,-0.006494801479612178
2018-09-27,-0.03794925666495328,0.0027594762285113967,0.004660929430218396
2018-09-28,-0.02364561572210813,-6.870144138179519e-06,0.012162640630117013
2018-10-01,-0.00995032141084811,0.0036344923421985013,0.026954548672127654
2018-10-02,0.004158025977282852,-0.0003967689102790794,-0.002120395403729022
2018-10-03,-0.03719790962678013,0.0007112667367183715,0.017418148344538587
2018-10-04,0.20278267701498873,-0.008203035421009815,-0.020015873436972694
2018-10-05,0.041328156122290675,-0.0055433145846221455,-0.004978061190076832
2018-10-08,0.05704594072494537,-0.000395194708349698,-0.0029749529777778143
2018-10-09,0.016435277271826917,-0.0014189098341542976,0.012906416965038432
2018-10-10,0.3642947143039256,-0.03341638904260208,-0.02272694288743602
2018-10-11,0.0843219547957439,-0.02078757997254153,-0.034652922147732405
2018-10-12,-0.15889906532306058,0.014106235408376288,0.002115853255132542
2018-10-15,-0.00046938415253863173,-0.005922482291300048,0.004342150313533727
2018-10-16,-0.1896723687590015,0.02126782803490127,0.007768765545603589
2018-10-17,-0.012564483840687984,-0.0002526942626648821,-0.016846683003549145
2018-10-18,0.14225757161384167,-0.014496490575341185,-0.009539448734993612
2018-10-19,-0.008510693731250043,-0.00036123513527937907,0.006160802345518951
2018-10-22,-0.012648790330171394,-0.004308797096477868,0.0006265654182377513
2018-10-23,0.05304835935111799,-0.005527076180694164,-0.0433932452837027
2018-10-24,0.19741711330886696,-0.03135077386114084,-0.0035384909652858977
2018-10-25,-0.04085503473474618,0.018453717978714167,0.00940816076046246
2018-10-26,-0.002480343023704325,-0.017479138010003174,0.009449340219632363
2018-10-29,0.022104907771277688,-0.00658120829519397,-0.003613922497368868
2018-10-30,-0.05620627407022853,0.015545322971877482,-0.01866276255691427
2018-10-31,-0.0951817462988885,0.010792878754571094,-0.005813233799997675
2018-11-01,-0.09323975623814611,0.010502498868529206,0.0003974137835218123
2018-11-02,0.008751668451628822,-0.006336721055879746,-0.03600467288366601
2018-11-05,0.022803058648679837,0.0055846936971941175,0.004657492499960838
2018-11-06,-0.002508114602990564,0.0062397877444086355,-0.014315467433913733
2018-11-07,-0.1963827419300698,0.020987078560774024,-0.0008321437354462252
2018-11-08,0.021766198107086673,-0.002512068988491457,-0.01989973397365796
2018-11-09,0.03756317780146399,-0.00924158591537243,-0.00667475622471482
2018-11-12,0.1638141754056591,-0.019898150985467496,-0.0008552752807702894
2018-11-13,-0.021251123043970206,-0.0014830188221738934,-0.06861605812454244
2018-11-14,0.05962509861803324,-0.007596188818450545,0.009879273393947102
2018-11-15,-0.061625145061113364,0.01053803274264194,0.007533559500946718
2018-11-16,-0.09661233926904589,0.002220837537483983,0.0020992567991701353
2018-11-19,0.10260042300335659,-0.016783161235721437,0.00044925165280286153
2018-11-20,0.11190617061871413,-0.018317995556585972,-0.0659069603877688
2018-11-21,-0.07767305463484726,0.0030386693107672014,0.015078466389733505
2018-11-23,0.034029806537639325,-0.006576419711855615,-0.07658304651764002
2018-11-26,-0.12982085468311647,0.015412975845366429,0.028170882373013392
2018-11-27,0.006329179302721625,0.003256384364612641,-0.004474288031646933
2018-11-28,-0.02826104816438351,0.022714051303113776,-0.024377113529896154
2018-11-29,0.016094829129201856,-0.002185494545393453,0.012683014711083997
2018-11-30,-0.03907177443394828,0.008137547716617559,-0.013534282969941558
2018-12-03,-0.09453566560231473,0.010882001794362436,0.04951176647835314
2018-12-04,0.232346769652323,-0.03290022883855611,0.006302084409658754
2018-12-06,0.02146520571788001,-0.0015233879141442856,-0.03307981994954258
2018-12-07,0.0919151295931136,-0.02359633545632224,0.026453473891725005
2018-12-10,-0.025726300700615795,0.0017606032229163218,-0.027953101776579333
2018-12-11,-0.03964479386978198,-0.00035640967530566644,0.003827907452540263
2018-12-12,-0.01388273796569548,0.005404871010351243,-0.0008308971996052058
2018-12-13,-0.03847539360658179,-0.00019995031241503897,0.021382380639074272
2018-12-14,0.046365900231525356,-0.019271212268699812,-0.019223494919912328
2018-12-17,0.12540792857154523,-0.020992284828576645,-0.01117699803682981
2018-12-18,0.04232166343113233,8.639685378910398e-05,-0.057839582243310705
2018-12-19,0.0,-0.015515459175936802,0.017269210783964626
2018-12-20,0.1038738489924653,-0.015897809484103957,-0.05180839851939987
2018-12-21,0.059172720603768734,-0.02080312049854063,-0.009799445863713858
2018-12-24,0.18060412369042553,-0.02748657287831441,-0.06426601508957717
2018-12-26,-0.1706899897832085,0.04840317767080503,0.0762709892672633
2018-12-27,-0.01490836858088965,0.008526228968816992,-0.043334199113125194
2018-12-28,-0.05558888844397321,-0.0012423539102312722,0.0007665948112751663
2018-12-31,-0.10873797088407904,0.008456625862206874,0.030190943482416716
2019-01-02,-0.09052232206419498,0.0012676930626261643,0.020422025525200796
2019-01-03,0.09170182627605743,-0.02506833181891511,0.01876296988211938
2019-01-04,-0.1742599066308067,0.03375939906034647,0.0196449214588163
2019-01-07,0.0009350378584183692,0.006985975995229761,0.004720709006303803
2019-01-08,-0.044430538072911516,0.009648587336497393,0.02395632623565265
2019-01-09,-0.024228615819893468,0.004089671332822161,0.045280661392873726
2019-01-10,-0.024317284739611384,0.004508241374462229,0.003898667715126005
2019-01-11,-0.06954244367971371,-0.0001463085444824661,-0.019647009900367003
2019-01-14,0.04724438171941504,-0.00527139458724949,-0.024944757834037812
2019-01-15,-0.0249548023811221,0.010664618879761001,0.027586764800556062
2019-01-16,0.02338047621935703,0.0022195205290883643,0.011151317757887446
2019-01-17,-0.052842559030095146,0.007562730706235749,-0.002285705315919485
2019-01-18,-0.014501103981270722,0.01309691283985578,0.024541116096048442
2019-01-22,0.15575453559121874,-0.014258476827972471,-0.019324284994496097
2019-01-23,-0.06351334559153629,0.002200489919450871,-0.0058708683326356235
2019-01-24,-0.032806955233365374,0.001374780110977555,-0.0008181173204053084
2019-01-25,-0.08101367339855636,0.008452867700518018,0.008962811390609006
2019-01-28,0.07995442805090369,-0.007877775848708898,-0.028133780987742323
2019-01-29,0.013684335727209264,-0.0014573079351148383,0.022928829464541608
2019-01-30,-0.07995555304664195,0.015429609891560045,0.005367205334185172
2019-01-31,-0.06370837351439929,0.008560648809767757,0.0038853515283686166
2019-02-01,-0.026293187995383722,0.0008982065848071141,-0.00032321361035935023
2019-02-04,-0.02573093705684819,0.006753381117479676,0.010291124813514302
2019-02-05,-0.010223721723207995,0.0046973704373502,-0.00851477211861337
2019-02-06,-0.012277994727274122,-0.0022269157175087858,0.011390178405880486
2019-02-07,0.062382471131200955,-0.009401193202230233,-0.017053141074570954
2019-02-08,-0.04051663866196492,0.0006759725660127,0.007597182062869693
2019-02-11,0.01577817495994682,0.0007088518038183947,-0.009546228435543314
2019-02-12,-0.03439829279442298,0.012807852902838604,0.01468597157563929
2019-02-13,0.014157206457949906,0.0030194315937109753,0.01888499277771698
2019-02-14,0.0357741137429045,-0.0026551633836986214,0.014979201626170592
2019-02-15,-0.08421288781128672,0.010820004664957538,0.02568556295423412
2019-02-19,-0.0020140814468496415,0.0014976213265920058,0.003014274367296156
2019-02-20,-0.059533122838663,0.00177553356074094,0.009436225017961517
2019-02-21,0.030901305111517216,-0.0035326693258413886,-0.0001491186900519486
2019-02-22,-0.06795605045495379,0.006390638694710404,0.0007452575178838218
2019-02-25,0.09456972202313732,0.0012311044497517107,-0.03579394128310552
2019-02-26,0.0213199074528001,-0.0007907696728402984,0.006924655569117942
2019-02-27,-0.031472317580175824,-0.0005441974362980739,0.017933616172208
2019-02-28,0.0054274166436240725,-0.002829507598950442,-0.0054372678182606675
2019-03-01,-0.08541344609538,0.006871656588713028,-0.014645556902449782
2019-03-04,0.07521277149660488,-0.003888107395255168,0.009178563503283327
2019-03-05,0.0074906483788717325,-0.001132173489706859,0.00288911389541259
2019-03-06,0.06564035721459394,-0.00654547360412503,0.0019718968076693232
2019-03-07,0.052594884952091095,-0.008158911138331157,0.00468676019804871
2019-03-08,-0.03309131135908011,-0.0021339641314536495,-0.008482407480412051
2019-03-11,-0.11335356552484639,0.014559535563489445,0.012696723907517499
2019-03-12,-0.03986289053189684,0.002948965727805163,0.0013507895170703145
2019-03-13,-0.026491660069189443,0.0069255467570192835,0.013113060418447517
2019-03-14,0.006688999529461137,-0.0008683993315961826,-0.00474848317094676
2019-03-15,-0.047013955883011826,0.0049725194084307206,-0.0010417396755509206
2019-03-18,0.016936529765559972,0.0036990967989080333,0.005642141775285756
2019-03-19,0.03451205413050152,-0.00013057007992675946,0.0010358816173634152
2019-03-20,0.02548368150826399,-0.002948696740769673,0.013077835138059308
2019-03-21,-0.02033474086100378,0.010794015494689354,-0.00938697691781971
2019-03-22,0.1898742425997099,-0.019156827134273257,-0.012306506191789095
2019-03-25,-0.00914359439404098,-0.000839372833310059,0.0026817702014118273
2019-03-26,-0.10651785833545212,0.007157052947934055,0.011244416958003902
2019-03-27,0.03151446280094769,-0.00465514327659887,-0.0020618473652370107
2019-03-28,-0.04869111284137581,0.0035830547152617266,-0.00014746975504730705
2019-03-29,-0.05118389757783949,0.006711706043324668,0.008369473987729133
2019-04-01,-0.02287081786766737,0.011502195518044496,0.009024846402454082
2019-04-02,-0.0029895360782868233,1.7455554858152623e-05,0.00520308440254869
2019-04-03,0.028046127725448067,0.002146072420089187,-0.0008653762849861895
2019-04-04,-0.011713153623697261,0.0020824652429942735,0.0012977287940380946
2019-04-05,-0.05759168882457858,0.004625717623099122,0.013453685483377718
2019-04-08,0.027694124540960267,0.0010469117505236662,0.010746740365305407
2019-04-09,0.08015938598312099,-0.0060859764356695385,-0.006915529175932217
2019-04-10,-0.07109588864326666,0.003471837754499924,0.015737330765680815
2019-04-11,-0.021277377629752393,3.8122340342693696e-05,-0.012626451320986847
2019-04-12,-0.08074701678942574,0.0065875783895457275,0.010113883037628627
2019-04-15,0.02548427818511486,-0.0006295672443571088,-0.005184664285132205
2019-04-16,-0.01142864599737849,0.0005092283251399622,0.007557781387904967
2019-04-17,0.03390155689557344,-0.0022764008207388597,-0.0013952628376744374
2019-04-18,-0.04131816698510575,0.0015778468242496745,0.004874979561332032
2019-04-22,0.026929405400461143,0.0010115058169329091,0.028356117589613764
2019-04-23,-0.011336181674183212,0.008802351174995391,0.006327873165418013
2019-04-24,0.06768913821054837,-0.0021941686030362366,0.0008049042272076805
2019-04-25,0.008336513247703608,-0.0003690417402728576,-0.0029546250799829714
2019-04-26,-0.04003617582235681,0.004674350323304823,-0.0300363460146641
2019-04-29,0.02941389497788062,0.0010709485042338864,-0.0015257733522299752
2019-04-30,0.0007625032055570149,0.0009509646987914453,0.010494464106037212
2019-05-01,0.12048941886424806,-0.00753044585029134,-0.008552993679764464
2019-05-02,-0.026011056509914764,-0.0021262446486827887,-0.020010466919278016
2019-05-03,-0.11371712443167822,0.00959212747891747,0.0014124080765898453
2019-05-06,0.18206250470341528,-0.004481013189072523,0.0054894838351330225
2019-05-07,0.2241792955691415,-0.016649488088905522,-0.019274982473479717
2019-05-08,0.0041322334173704315,-0.0016067153894199682,0.0069876290474481986
2019-05-09,-0.015584691381073318,-0.0030259986619282898,0.00028412394000363244
2019-05-10,-0.17460269550868968,0.003713394069918638,0.003262230443608004
2019-05-13,0.2477752443001041,-0.024426469138497504,-0.005537811422582254
2019-05-14,-0.12916138539869315,0.007983987523216093,0.014278810465002028
2019-05-15,-0.0939820963042524,0.005821994327723055,0.007412086233416617
2019-05-16,-0.07251840466721576,0.008855957116499086,0.011773889138991876
2019-05-17,0.04288657696574975,-0.005854437174043804,-0.005661876023066196
2019-05-20,0.021692789476915577,-0.006772257975405369,-0.0033291453034220955
2019-05-21,-0.08706709681022891,0.008459949093190606,0.0029136209616350346
2019-05-22,-0.013468204292681689,-0.0028283923638994365,-0.016624011483322376
2019-05-23,0.13725327590134673,-0.01198569224128196,-0.04656691008908053
2019-05-24,-0.06532683429639567,0.0013526437720373175,0.013631581897949916
2019-05-28,0.09903135653868846,-0.008410950000260244,0.020461782156331963
2019-05-29,0.02259981060608287,-0.00693591016723137,-0.0094584206659494
2019-05-30,-0.03409423413236527,0.002096272674997037,-0.03785654811921186
2019-05-31,0.07835163395029686,-0.013283205250452958,-0.036240337242045215
2019-06-03,0.007985218214053217,-0.002769070654307939,-0.05105663438505207
2019-06-04,-0.105596270783718,0.021205927081077776,0.011196911160061893
2019-06-05,-0.05324906829612693,0.008128726978813691,-0.021860578971725605
2019-06-06,-0.009993827408434353,0.006116840676004416,0.017007721611645286
2019-06-07,0.022960917927357626,0.010442979247260026,0.025929793940579073
2019-06-10,-0.0223334139693071,0.004649220074765499,-0.01592643928893012
2019-06-11,0.003131865494494718,-0.0003499414579512858,0.0
2019-06-12,-0.005015679772797037,-0.002039657827237423,-0.03795645642822838
2019-06-13,-0.005672889710001529,0.004089010502850191,0.022098526638084214
2019-06-14,-0.03473017678633623,-0.0016128117861529605,0.011352651120374797
2019-06-17,0.004570732621986857,0.0009313154323528439,-0.017405884271677333
2019-06-18,-0.013114992108795907,0.009670489592970687,0.01950014312027087
2019-06-19,-0.055645270259849014,0.0029807167930238428,-0.0051629623752520405
2019-06-20,0.02888784626982,0.00942760533587314,0.041662750266966274
2019-06-21,0.04312440186299293,-0.0012600162797279978,0.011569740092090141
2019-06-24,-0.009132443793701196,-0.0017333884605870258,-0.005228311837040552
2019-06-25,0.06470236189651536,-0.009541775640387554,0.002925141583081484
2019-06-26,-0.004309123483222575,-0.0012346956788039985,0.02189527641321962
2019-06-27,-0.024353336219410188,0.0038158857925908473,0.0009020624119706115
2019-06-28,-0.04790558552847331,0.005740941840599626,0.0
2019-07-01,-0.07003544129329595,0.007643018610953927,-0.022643707177988474
2019-07-02,-0.0837836998413194,0.002923847276988696,-0.04174458369117816
2019-07-03,-0.02823721806186382,0.007643095660684157,0.02250131623970765
2019-07-05,0.05494612561664603,-0.0018075342045486649,0.006403827465685416
2019-07-08,0.049936976126120906,-0.004847173010123794,-0.001870076014416507
2019-07-09,0.009269236673287863,0.0012357930584538906,0.0007796531164759836
2019-07-10,-0.07821096609673715,0.004500546936082614,0.043461873228335626
2019-07-11,-0.007704154257453925,0.002282619578948549,-0.007339290004658953
2019-07-12,-0.042660493035198345,0.004609534302066538,0.003002172486702639
2019-07-15,0.02313624972585418,0.00017585372838413283,-0.0036035753038188615
2019-07-16,0.014095719035954475,-0.003409584555010327,-0.03256429071262901
2019-07-17,0.08279050027079138,-0.006552665466093182,-0.01078049087292614
2019-07-18,-0.03200276993667353,0.0035755977088190827,-0.02755169957930414
2019-07-19,0.06578497891215394,-0.006195889464844692,0.008681741168384636
2019-07-22,-0.06578497891215396,0.002824701686250326,0.012566730298565093
2019-07-23,-0.07041929969604431,0.00682414513927642,0.008970136609720562
2019-07-24,-0.04376711292498462,0.004677192813475714,-0.010235527750194904
2019-07-25,0.05402362235279625,-0.005276296483599537,0.0033183104633617263
2019-07-26,-0.04659476818873525,0.007360535770783042,0.0011036610606482526
2019-07-29,0.05363430869134313,-0.0016174219290574364,0.003931750029958579
2019-07-30,0.0829762025497312,-0.0025819853720443708,0.015728769853365857
2019-07-31,0.14529841390935702,-0.01094520695213996,0.006928920636167162
2019-08-01,0.10306258699448623,-0.009039527568806017,-0.0743558472109041
2019-08-02,-0.014656418967104897,-0.007309388539565105,0.02271524085259737
2019-08-05,0.333872905265896,-0.030230182169694777,-0.03418571187203467
2019-08-06,-0.19814350668471745,0.012933023911166613,-0.014652940007623709
2019-08-07,-0.03429485397274899,0.0007665823338588767,-0.047069539846539825
2019-08-08,-0.141996347888958,0.018588462466865085,0.020245415004789057
2019-08-09,0.06079850869785085,-0.006638593133657111,0.019843593279120816
2019-08-12,0.16009533914095592,-0.012393809115915354,0.0006831924441410312
2019-08-13,-0.18545589008945726,0.015018346267301863,0.045557215604925726
2019-08-14,0.23223451414847213,-0.02973035245453567,-0.030139716600311017
2019-08-15,-0.042520271202843185,0.0024612366981802422,-0.02123943590813465
2019-08-16,-0.13690959754704876,0.014323058172245003,0.007016369182219496
2019-08-19,-0.09001831758469728,0.012033175564397505,0.01858479371421518
2019-08-20,0.036071441479277,-0.007946215312115467,0.004842576044706732
2019-08-21,-0.10219092882472047,0.008212979557352937,0.004487674151877249
2019-08-22,0.05420046312176289,-0.00050620295927854,-0.006321782430103127
2019-08-23,0.17500068357341925,-0.02628888112283785,-0.009726691216548197
2019-08-26,-0.0280702858114059,0.01092311273079789,-0.010843877602777193
2019-08-27,0.04997253630846539,-0.0032083218005562386,0.01370459762065899
2019-08-28,-0.048420910107000954,0.006524151530562512,0.016333752414687208
2019-08-29,-0.07900971638161233,0.012607482441094399,0.00970642046174417
2019-08-30,0.059703046255193064,0.0006425807598767749,-0.010698834904867777
2019-09-03,0.03520033789411415,-0.0069230093326854165,-0.036569952702184626
2019-09-04,-0.12614700763258888,0.010783725278421427,0.04102798791311799
2019-09-05,-0.06311614995870446,0.01292591292175976,0.004110157810273293
2019-09-06,-0.08127274826417982,0.0009101908043767861,0.00963351632609823
2019-09-09,0.017839948106305046,-9.401467889992668e-05,0.016918138603662796
2019-09-10,-0.004594733904630838,0.0003222524259310153,-0.0033607950721293435
2019-09-11,-0.03958921304043829,0.0072036723263872,-0.025490456587049366
2019-09-12,-0.027056759109954115,0.0028750162782333164,-0.007096329746749773
2019-09-13,-0.03433817301735544,-0.0007246768769660504,-0.0026533986442635956
2019-09-16,0.06549332721943187,-0.0031405129163559896,0.13639172570842875
2019-09-17,-0.015802492950216736,0.0025784253724619854,-0.06695610446266652
2019-09-18,-0.03452260981072709,0.00034263328426719085,-0.014826718215806384
2019-09-19,0.007142914760565355,1.9974521929475905e-05,0.012500210449810064
2019-09-20,0.08653673503716518,-0.004907599104880387,-0.0018651349251711422
2019-09-23,-0.02712702584963746,-9.694061782751375e-05,0.007593959487390615
2019-09-24,0.1341180404396254,-0.00845198896355148,-0.02612173600104777
2019-09-25,-0.06606456457051894,0.0061396852419639035,-0.011315749025398902
2019-09-26,0.006868566347193799,-0.002431871009613191,0.005594233175417871
2019-09-27,0.069117298365682,-0.005330534579128577,-0.013317514448802022
2019-09-30,-0.05859413848487701,0.005034910215248393,-0.018420947661781824
2019-10-01,0.13353137794357536,-0.012334126945412846,-0.031589480812471794
2019-10-02,0.10233871602800096,-0.01806540418764383,-0.020587462128079714
2019-10-03,-0.07261246309518456,0.007940304773866787,0.0003466283944646246
2019-10-04,-0.11517137638691566,0.014116785239259274,0.011371588058055477
2019-10-07,0.04700003449327339,-0.00448835227368152,-0.000342708334542745
2019-10-08,0.12707160295866954,-0.01568315955210993,-0.001886899873853769
2019-10-09,-0.08432543606797953,0.009063296514845923,0.0013726497593633939
2019-10-10,-0.05911689168339593,0.0063952024117826045,0.01328581612583646
2019-10-11,-0.1202048492841796,0.010879579673789056,0.023577714302103633
2019-10-14,-0.06702343628406283,-0.0013880816732189801,-0.019356517549723434
2019-10-15,-0.0733163345948488,0.009906445376489171,-0.010331141000853432
2019-10-16,0.010286669835800254,-0.002001544553193733,0.011509884874015318
2019-10-17,0.008008754536357191,0.002759021969775287,0.008212594329881433
2019-10-18,0.032813217675726924,-0.003927045709799847,-0.008212594329881372
2019-10-21,-0.017699577099400975,0.006848114105333746,-0.007771606865859227
2019-10-22,0.03232888975346327,-0.003575049258376838,0.012472800824970588
2019-10-23,-0.03161484268277305,0.002843103345830729,0.024324810142493658
2019-10-24,-0.021645880329306155,0.0019186046591713529,0.008140715991621921
2019-10-25,-0.08046831133882339,0.004064429510656049,0.005659361740979828
2019-10-28,0.03571808656993594,0.0055658199161177,-0.0072821870866544005
2019-10-29,0.006841543554959068,-0.0008327519564807664,0.0003247882098775938
2019-10-30,-0.06818150415412919,0.0032480894008573105,-0.016039616143090435
2019-10-31,0.0696955436338059,-0.0030274386345390905,-0.006289346577970372
2019-11-01,-0.07213157673711974,0.009615930559647514,0.023951261505016745
2019-11-04,0.042186894795746596,0.0036972458053124275,0.007107160306834359
2019-11-05,0.02082608664591415,-0.0011864027118206639,0.01327060830051453
2019-11-06,-0.037329411282083405,0.0007022505922896238,-0.019567543307670975
2019-11-07,0.008678528565025828,0.002726375244280665,0.008868867703812141
2019-11-08,-0.05323836678426071,0.002557403145115828,0.0035256031286718392
2019-11-11,0.050091238833960224,-0.0019643954133371925,-0.005293107553999163
2019-11-12,-0.0007882755830037765,0.0015634233012630327,-0.0019317283898745428
2019-11-13,0.024923384384966617,0.0007112815701162954,0.004982692263892031
2019-11-14,0.0038387909228639093,0.0008366926144567594,-0.0014440460470118196
2019-11-15,-0.07972347261911736,0.007666028777973181,0.016244989731819925
2019-11-18,0.03345884065557855,0.0005030263228096366,-0.013679243443913651
2019-11-19,0.031598175691663004,-0.0005927700996925261,-0.024808711310204533
2019-11-20,-0.006240264057409244,-0.0037632564209410676,0.02416793748531304
2019-11-21,0.027018268975576847,-0.0015840060861895076,0.02484894271590792
2019-11-22,-0.06205366618814352,0.002172573942375937,-0.009108131876917286
2019-11-25,-0.03883183186216162,0.0074792518874672075,0.0040932383088152545
2019-11-26,-0.028194941206063983,0.0021931636449402277,0.009693558175083323
2019-11-27,0.01803398281584462,0.0041657356252997445,-0.00327280108169071
2019-11-29,0.07142960745468059,-0.004019286229989053,-0.02577417210782786
2019-12-02,0.16674927049786895,-0.008668483693963605,-0.024484435991688067
2019-12-03,0.06805347586910651,-0.006660225258045148,-0.0016428207387213956
2019-12-04,-0.07545840075426388,0.006303657608769993,0.03521604916000201
2019-12-05,-0.019100152734486845,0.0014991269266302707,0.006171384276027408
2019-12-06,-0.06398774860412379,0.009094246030426013,0.01565222140355153
2019-12-09,0.15226090224066827,-0.003167833684474369,-0.002176608295782254
2019-12-10,-0.011414160174614862,-0.0010975361689841293,0.0013997411174678665
2019-12-11,-0.04500273753946496,0.0029039375293507703,-0.009682960693649902
2019-12-12,-0.07262092161478878,0.008538667375555057,0.007504658961598909
2019-12-13,-0.09868742980731063,7.25791502146863e-05,0.015763025917126205
2019-12-16,-0.03956913151179382,0.007122360942542787,0.0018381610480748504
2019-12-17,0.01228010656239552,0.0003352360284609262,0.011564373647292243
2019-12-18,0.023322324733552835,-0.0004323936405227425,0.0010584365787517699
2019-12-19,-0.006379600899337429,0.004449378821864254,0.005576123997391666
2019-12-20,0.0007996984664742051,0.004932595804334098,-0.0060295860239122576
2019-12-23,0.00796177997586865,0.0008657687142985109,0.0037727352121710925
2019-12-24,0.004746877604070856,-0.00019546730246814044,0.012126768578398346
2019-12-26,-0.0015798153368500416,0.005115062410053991,0.010657312928060159
2019-12-27,0.05983384824076533,3.3984139657930306e-05,0.003527421205089033
2019-12-30,0.098486566017198,-0.005797596079349905,0.004099548447015521
2019-12-31,-0.07275935306826804,0.002941690644190719,-0.03630274266977947
2020-01-02,-0.09989246510187225,0.008343895362316707,0.0037807228399061523
2020-01-03,0.11715913315156223,-0.007084909364954553,0.03485704762237492
2020-01-06,-0.012199654080917048,0.003527145194272564,0.004508846023775064
2020-01-07,-0.00434157113735511,-0.0028071750845948405,-0.009330976253724733
2020-01-08,-0.024964597172115213,0.004890473485641129,-0.042336652656713075
2020-01-09,-0.07005555970406599,0.006633214116906491,-0.0010702499614657563
2020-01-10,0.001593662286273741,-0.0028592624875049015,-0.005983897738596964
2020-01-13,-0.019293261114412975,0.006951994045933256,-0.012076418741234857
2020-01-14,0.005665790016104042,-0.0015156808368957204,0.0045069767365515856
2020-01-15,0.002418359297446369,0.0018684502436879626,-0.007627056537625708
2020-01-16,-0.008084149313550433,0.008331747422232019,0.00964091954027014
2020-01-17,-0.018018449205493302,0.003854723247485144,0.0035528843331520867
2020-01-21,0.06013835689846975,-0.002655500369585384,-0.004017343886490598
2020-01-22,0.0046583520116063905,0.00028903429668107475,-0.021597041346296558
2020-01-23,0.005407482969901856,0.001140326193358241,-0.01868314893491948
2020-01-24,0.11486839557927134,-0.009083289426193788,-0.022000435845585885
2020-01-27,0.22479049199174436,-0.015855752356844034,-0.022832405094638304
2020-01-28,-0.11313116082847623,0.010003383500352516,0.0031978253268112916
2020-01-29,0.006733952764836166,-0.0008672501435846315,0.005028556565383941
2020-01-30,-0.05647671586379793,0.0031294569302110597,-0.02574232625347812
2020-01-31,0.19578763759468787,-0.01786444357136295,-0.0022327371622046545
2020-02-03,-0.04727861466255202,0.007228425761232584,-0.06591496721096247
2020-02-04,-0.11299486054395456,0.014869315917506062,-0.00903984901793625
2020-02-05,-0.057708295264997385,0.011187778658972936,0.02416814300445346
2020-02-06,-0.012620531679595415,0.003320155057001924,-0.006351504466979818
2020-02-07,0.03352270674978579,-0.005415491009458352,-0.008409539104109088
2020-02-10,-0.028189365860722355,0.007299690120573207,-0.022276784283960287
2020-02-11,0.009265476085964121,0.0016870486860021178,0.013795854005654683
2020-02-12,-0.0996675219351536,0.006441853105203067,0.03242547473984197
2020-02-13,0.029403326994118618,-0.0016317763599886593,0.009810106888889
2020-02-14,-0.03377966262767974,0.0018418360984854144,0.017244832479332707
2020-02-18,0.08071721650269721,-0.0029242139861477136,0.007473751766003469
2020-02-19,-0.030813790754032733,0.004694748284284925,0.023445909171141414
2020-02-20,0.07886518546665965,-0.0038228174279975285,0.0032086904320504698
2020-02-21,0.09320463817566582,-0.010573809232819777,-0.013751194767284064
2020-02-24,0.3821669489830182,-0.03408807942044074,-0.03833223264348862
2020-02-25,0.1067578471940069,-0.030747904375353224,-0.024270826860443455
2020-02-26,-0.010467553303130208,-0.00378569732353003,-0.028051303052505274
2020-02-27,0.3512903869983254,-0.045168136352261155,-0.023673106124270874
2020-02-28,0.02396988123311851,-0.008272463109653077,-0.0323299790137735
2020-03-02,-0.18247122662084647,0.0450108687694132,0.026949513028877783
2020-03-03,0.09688669913855864,-0.02851048492291458,-0.000771027692472155
2020-03-04,-0.1406178207099828,0.041336349360633136,-0.01417636189764057
2020-03-05,0.21391066750477977,-0.034510782439981125,-0.02254841098056453
2020-03-06,0.05690597841817758,-0.01720094365238617,-0.09917844744180751
2020-03-09,0.26122647770501733,-0.07901041294037148,-0.27575145668023454
2020-03-10,-0.14095619106651924,0.048215052425859106,0.07995316913158396
2020-03-11,0.13062022685630376,-0.05010289280860541,-0.039177733652602534
2020-03-12,0.33660473624706455,-0.09994485240247351,-0.0745164094272906
2020-03-13,-0.2662275386386179,0.08880840694923595,0.018786813349441232
2020-03-16,0.35759100142604205,-0.12765219747281742,-0.11907631868840345
2020-03-17,-0.08555022898742644,0.05822631263569171,-0.044920778534316815
2020-03-18,0.0070884161852661845,-0.053222272332080246,-0.14387762291816714
2020-03-19,-0.05997077344066582,0.004696760970401053,0.13478664303200127
2020-03-20,-0.08640548610090365,-0.04432762405336681,-0.05375504335890181
2020-03-23,-0.06976111073872138,-0.02973150100957679,0.0018515518786137634
2020-03-24,0.001298037135797007,0.08968323251796326,0.004429646638048709
2020-03-25,0.036303980642873955,0.011468990420822226,0.008800928661755294
2020-03-26,-0.04722767578178987,0.06054383107424656,-0.03908925888310411
2020-03-27,0.07178679306634327,-0.0342678455416263,-0.05501679233137187
2020-03-30,-0.13820683255227567,0.032966590569974794,-0.09106729046232354
2020-03-31,-0.06402476949529684,-0.016142310788415843,-0.0008791410572241768
2020-04-01,0.0636743146607622,-0.04514636273278691,0.08429587945562718
2020-04-02,-0.11404400493580827,0.022572657056960366,0.19077403911622495
2020-04-03,-0.08417617829556022,-0.015252860825944299,0.1303952174951018
2020-04-06,-0.03390149827216874,0.06796824414483035,-0.031569071110885624
2020-04-07,0.031762492662577586,-0.001604339048362459,-0.03635638845102778
2020-04-08,-0.07443751298438658,0.033489371191284686,0.02998213446836474
2020-04-09,-0.03952526653493427,0.014383470303699339,-0.04229488022284128
2020-04-13,-0.012071610186211567,-0.01015605944467711,0.008225298879325292
2020-04-14,-0.08645949447997496,0.03011455957230757,-0.06980333366960965
2020-04-15,0.0784117002063237,-0.022276732672369248,-0.06670301774761381
2020-04-16,-0.018036302033797233,0.0057998378395412884,0.004683819055751004
2020-04-17,-0.0500998972716128,0.026440932021320578,0.009302400914947061
2020-04-20,0.13879275847971348,-0.018042845615347775,-0.09363779907240957
2020-04-21,0.035413785542628626,-0.031155115236330667,-0.2797614880948595
2020-04-22,-0.07853903826147382,0.02267130058213675,0.05240498216487274
2020-04-23,-0.014395605358408076,-0.0005395676601955963,0.046051257468228475
2020-04-24,-0.14122508851070348,0.013822090566839217,0.005143832205583004
2020-04-27,-0.07631553053054217,0.014606868181735996,-0.07002622404951277
2020-04-28,0.008375722812708732,-0.005256170190483643,0.023239578713805414
2020-04-29,-0.07225364526404565,0.02623670404507307,0.0968198334532265
2020-04-30,0.08938347406129576,-0.009255143319054839,0.11432639028548452
2020-05-01,0.08527724031216191,-0.028460211014775954,0.04526009566732763
2020-05-04,-0.033354579366393695,0.0042408225788494016,0.028338966168859676
2020-05-05,-0.06786163174739818,0.008999935197779802,0.12980197046260408
2020-05-06,0.015060031421976575,-0.007003880399042588,-0.04119877506806109
2020-05-07,-0.08180270677123987,0.011438955754890805,-0.008786816788218644
2020-05-08,-0.11659103167062464,0.016730795065226244,0.04998559185627972
2020-05-11,-0.014761738910366265,0.0001330693667907644,-0.044231638552099606
2020-05-12,0.1809907623958621,-0.020713365772047604,0.011743144143782788
2020-05-13,0.06559722017571892,-0.017616996624280044,-0.02670427424354974
2020-05-14,-0.07869718802023445,0.01145891780407149,0.06434575433259176
2020-05-15,-0.02232654663523837,0.003918675203723029,0.04306813184116668
2020-05-18,-0.08470497189855637,0.031015208770073424,0.06866465193870404
2020-05-19,0.041122339253499486,-0.010539747711599283,-0.0046069716015752216
2020-05-20,-0.08686253388754123,0.0165139906134157,0.03125249946719612
2020-05-21,0.053559423658212896,-0.007803968309953686,0.008633986718653938
2020-05-22,-0.04750419313706584,0.002350945686812366,-0.026128759176288832
2020-05-26,-0.005340928427787514,0.01221428502146052,0.029174498658048966
2020-05-27,-0.014021419077315366,0.014718447490314346,-0.0403381862123667
2020-05-28,0.03451683330519279,-0.0021101393249195488,0.015707854502082244
2020-05-29,-0.03850742841489395,0.004800793552307952,0.0011328495680979934
2020-06-01,0.025835642793460543,0.003744216478364391,0.08123943194053808
2020-06-02,-0.0504919082613202,0.008177307282398658,0.032099302546248765
2020-06-03,-0.044959964547610816,0.01355667081256392,0.005544399762786702
2020-06-04,0.005828639797671805,-0.003374389083608904,0.005013817383071267
2020-06-05,-0.05127286330163272,0.025874012821635813,0.05615760318494942
2020-06-08,0.05127286330163285,0.011969656405806002,-0.036105005305218985
2020-06-09,0.06596622092794538,-0.007829743419721978,0.009270646299800497
2020-06-10,0.0,-0.005327255735182077,0.013267574623386852
2020-06-11,0.39170876180778363,-0.06075269299628893,-0.07926420341537527
2020-06-12,-0.12242115289168394,0.012976286605211731,0.004658401488872677
2020-06-15,-0.0479592141463831,0.00827786081817526,0.025240388202374158
2020-06-16,-0.02144942994569364,0.018784852866710527,0.03074108846983184
2020-06-17,-0.005957627095808134,-0.0036067962326294138,-0.006122218353626866
2020-06-18,-0.01596186863598208,0.0005940434038017573,0.019460581603823416
2020-06-19,0.06408305529479859,-0.005665513565673728,0.016248871956385465
2020-06-22,-0.10024827566350966,0.006474093296658384,0.020875701205685198
2020-06-23,-0.012670413734777106,0.004298169191483789,-0.010500638959176096
2020-06-24,0.07579149029179619,-0.0261952655956623,-0.05595864463528123
2020-06-25,-0.04905612361179041,0.01089982772821816,0.018191206115502866
2020-06-26,0.07501643794001076,-0.024525204274831163,-0.0007310535090646587
2020-06-29,-0.08876667086055672,0.01457888811353358,0.016681122455266886
2020-06-30,-0.04340820877712465,0.015292349435755562,-0.013516922055050208
2020-07-01,-0.06132317048603611,0.005009563975870565,0.021159655769435213
2020-07-02,-0.03339566167701841,0.0045309704768169146,0.026067006839441444
2020-07-06,0.009349231168656014,0.01575693083216329,-0.0009276651063729722
2020-07-07,0.051955199671667306,-0.010877477869643567,-0.00046406691470096575
2020-07-08,-0.046956996174339266,0.007796986263430269,0.004862787810814128
2020-07-09,0.04116382697373443,-0.005659591476194623,-0.02195329753472752
2020-07-10,-0.06970103514598858,0.010411809774443004,0.020797646520598415
2020-07-13,0.16513543438034217,-0.009406645216058874,-0.012098808362012454
2020-07-14,-0.08658778740950648,0.01331730058290395,0.004204638275793083
2020-07-15,-0.0614718713555444,0.009041056936355048,0.02053364021828735
2020-07-16,0.008608366291577263,-0.0034119152141152374,-0.009637568501230345
2020-07-17,-0.08649201946965146,0.0028445625875835605,-0.005317306406448919
2020-07-20,-0.04867339787609937,0.008371797255140334,0.0032399795205883255
2020-07-21,0.01541617037865467,0.0016776293345600682,0.023745429219853145
2020-07-22,-0.021156218658487835,0.005730630594473862,-0.0006770969469888953
2020-07-23,0.06986968958345098,-0.012396378412246847,-0.022375351671364563
2020-07-24,-0.009245049313565606,-0.006209640024276134,0.0006924126939906257
2020-07-27,-0.04350232710665229,0.007367928821482373,0.0016138261675317847
2020-07-28,0.027901401751899087,-0.006494435418646306,-0.004386446473781735
2020-07-29,-0.054110903139523485,0.012351783351742583,0.01218823348094314
2020-07-30,0.02701760073518276,-0.0037573017634548516,-0.01868785233461492
2020-07-31,-0.012190364230958175,0.0076412362421762695,0.008348856919586712
2020-08-03,-0.007386098357863181,0.007155362664358673,0.01944034422261683
2020-08-04,-0.021649490344071855,0.003605423026133557,0.0063219622052924996
2020-08-05,-0.03294417530814062,0.006409160435517922,0.01651818531304302
2020-08-06,-0.014899493732265028,0.006407126020664802,-0.0017726133124807252
2020-08-07,-0.019617238402179348,0.0006328292699566697,-0.015420992012246164
2020-08-10,-0.003608480544858315,0.0027384652733919213,0.013200776355812464
2020-08-11,0.08236896218281374,-0.008001055401377298,-0.01095109098843846
2020-08-12,-0.07561363244488703,0.013899502293613534,0.020683497316612006
2020-08-13,-0.0067553297379267675,-0.002049272676156681,-0.010399501266523828
2020-08-14,-0.003621548847649006,-0.00017189739627902921,-0.0035650628312419866
2020-08-17,-0.03226080975035776,0.002706177507423456,0.012642947742507515
2020-08-18,0.007466196378288244,0.0023007404198168474,0.0019817281516637426
2020-08-19,0.04677359530916783,-0.004414123345182018,-0.001981728151663667
2020-08-20,0.007954014401352709,0.0031536547683461333,-0.010413241401400354
2020-08-21,-0.007954014401352787,0.0034351999829724668,-0.01232515438194692
2020-08-24,-0.007570736211465015,0.009993615364903508,0.01743456315622975
2020-08-25,-0.01531562103515096,0.003589899745540117,0.016046053232345373
2020-08-26,0.054759805003130275,0.010144001344841499,-0.004808779118073258
2020-08-27,0.050282852407834394,0.0016716460318091384,-0.012124015803636272
2020-08-28,-0.06369431781739199,0.006710002849570254,-0.0008875286981128289
2020-08-31,0.13998918895490434,-0.002197375175508541,0.005092439816982031
2020-09-01,-0.011041383993239473,0.007496831420705943,0.006603657053929012
2020-09-02,0.01708141174784904,0.01524905014386973,-0.025554140173360444
2020-09-03,0.23474327327010025,-0.0357575941421853,-0.008135651887405384
2020-09-04,-0.08863602730356801,-0.008166280754275102,-0.03251756246273213
2020-09-08,0.022826874276290363,-0.02814882908646679,-0.06989746672689436
2020-09-09,-0.087994337969611,0.019944760662180386,0.025072733034891142
2020-09-10,0.030761128099848593,-0.017741245925395586,-0.018058611255837968
2020-09-11,-0.10047320479855545,0.0005329301580873496,-0.005757921353226758
2020-09-14,-0.03869983814901202,0.012661335025022992,-0.005538816122446678
2020-09-15,-0.010108959576996254,0.005205785930499657,0.02296078347885669
2020-09-16,0.01743219636437699,-0.0046296468921518345,0.04085166081137687
2020-09-17,0.016000271587512268,-0.008447949528552457,0.02525854605550947
2020-09-18,-0.024097519932326384,-0.011245576947828505,-0.0034701644969594696
2020-09-21,0.07277975788940433,-0.011638564027297718,-0.0404358880796707
2020-09-22,-0.033678148224928386,0.010463016398376152,0.006734094580029052
2020-09-23,0.06206895601370426,-0.02400733891437413,0.0011977300762390673
2020-09-24,-0.002452258879528738,0.0029830055546290505,0.004061603261357402
2020-09-25,-0.07764879547678216,0.015850439224188495,-0.00047699639654470016
2020-09-28,-0.007228436564641337,0.0159821918538544,0.012092670073640416
2020-09-29,0.003049942211505981,-0.004824282704443997,-0.03355218970406972
2020-09-30,0.0037994110677157717,0.00821984256837961,-0.001951647772538406
2020-10-01,0.01243656179021089,0.0052789495642950775,-0.000488530969725148
2020-10-02,0.03423851458061793,-0.009623812866370861,-0.04140241771360606
2020-10-05,0.011872776060093631,0.017813109002900934,0.05015948182435251
2020-10-06,0.05293716717176936,-0.014072064387523205,0.03240694764334992
2020-10-07,-0.049366996151583034,0.017247163770241564,-0.015595775045335965
2020-10-08,-0.0624973228528466,0.007978212894869286,0.03164446495981678
2020-10-09,-0.05297190792056538,0.008755095180752877,-0.011370390194918353
2020-10-12,0.0027960751290542016,0.01628253015832422,-0.026724950042017824
2020-10-13,0.03911331624214154,-0.006326891629163268,0.017346271338022776
2020-10-14,0.012578779463263023,-0.0066451720840594065,0.02028748435808724
2020-10-15,0.021361115989375172,-0.001528923514213078,-0.0037002782335708996
2020-10-16,0.016182793055790224,0.00013491045663045577,-0.0053432475093805635
2020-10-19,0.06257564880520325,-0.016464663514942676,-0.007247287736043632
2020-10-20,0.005809005718342171,0.0047161953200011274,0.012590535245424164
2020-10-21,-0.024139129425446534,-0.0021981140115702774,-0.03369385322072633
2020-10-22,-0.019028023214514356,0.0052053540034913415,0.0173421510791892
2020-10-23,-0.020122898725388465,0.003439838320389479,-0.016384045244762887
2020-10-26,0.1640060259756381,-0.018764472985322012,-0.03186458035659627
2020-10-27,0.027049192726482263,-0.003030205350445511,0.018124465761791213
2020-10-28,0.1887973109367799,-0.03592554210857772,-0.05180445701037138
2020-10-29,-0.06911697590956624,0.01187652493999744,-0.038300823089163036
2020-10-30,0.011374287465003755,-0.012203713445259962,-0.00505932219808382
2020-11-02,-0.02368705214446384,0.012242950890591667,0.03951847809898279
2020-11-03,-0.04348516216767041,0.01764273768407783,0.01881087141303213
2020-11-04,-0.18417981124429092,0.021807525655091704,0.03756311352829917
2020-11-05,-0.06966945394505539,0.01927326577670128,-0.0073028376557711565
2020-11-06,-0.10383075896476188,-0.00028775658537381985,-0.03682923132906704
2020-11-09,0.035174516475629185,0.011631974746344153,0.07211433159433533
2020-11-10,-0.03759100470249673,-0.001400775220867666,0.028138097624732464
2020-11-11,-0.05597309498022908,0.007622728362991461,0.004347304113337351
2020-11-12,0.07790821765828819,-0.01002865154706935,-0.00618347244228653
2020-11-13,-0.09294611104371886,0.013518546706294007,-0.017379652401580625
2020-11-16,-0.02854198586938602,0.011580734922832603,0.02401965208319272
2020-11-17,0.01151466763142195,-0.004803443784647531,-0.001598714399393454
2020-11-18,0.04855953279402306,-0.011631210647481315,0.013395594825856639
2020-11-19,-0.031099397900646343,0.003938675690732779,-0.003162401284754138
2020-11-20,0.025209629635621688,-0.006815737372918576,0.01704837887755679
2020-11-23,-0.04487383146656208,0.005620108181849693,0.024171738985519026
2020-11-24,-0.046057823092566376,0.016032458814031775,0.03833517102527878
2020-11-25,-0.018186530403068845,-0.0015856747555094064,0.015549188380373995
2020-11-27,-0.01948267116338398,0.0023941110259011363,-0.008885280092653337
2020-11-30,-0.0130405353781403,-0.004606140636972006,-0.012321345181480616
2020-12-01,0.009675971098775943,0.011208140661592923,-0.0035786163156150677
2020-12-02,0.019075428822967075,0.0017895645286042845,0.017351785761289356
2020-12-03,0.005182607989974634,-0.0006243520802942291,0.009488501237986221
2020-12-04,-0.023295550833789355,0.00879746371518688,0.01102503859511686
2020-12-07,0.02423489098979527,-0.001937513438963252,-0.00938397502570075
2020-12-08,-0.029539972499347485,0.002783271170170473,0.0010242597743471097
2020-12-09,0.07407343742717004,-0.00798096494847171,0.00040942595469555134
2020-12-10,0.011163321774025342,-0.0012859345277717227,0.0280514686177455
2020-12-11,0.0344786065380977,-0.0012657980842328352,-0.005587697154352032
2020-12-14,0.05873017467599699,-0.0043687882451469585,0.00638341860399824
2020-12-15,-0.07691249751264345,0.012838482022218645,0.009302341390633285
2020-12-16,-0.017184798089549955,0.0017712256203230642,0.006284457231676039
2020-12-17,-0.025659732864673365,0.0057411428089832834,0.00818874065854965
2020-12-18,-0.01655213009279471,-0.003517296952148704,0.014649420305155892
2020-12-21,0.1539519795146319,-0.003913928486909485,-0.026171863057810392
2020-12-22,-0.03766390983153792,-0.0020752446917703606,-0.016437601562599994
2020-12-23,-0.038709085799429485,0.0007455332718186887,0.02211778359218723
2020-12-24,-0.07943508686780049,0.0035303499794869524,0.0017562723045701886
2020-12-28,0.007864952436142986,0.0086847075384115,-0.00841904725659924
2020-12-29,0.06165414262935527,-0.002229864827278697,0.00451201433476139
2020-12-30,-0.013522538154814088,0.0013406480950792154,0.004881392085744301
2020-12-31,-0.0008787547824950818,0.006418204711703793,0.008919956121776582
2021-01-04,0.1701599662950753,-0.014864762712025787,-0.013801348207520905
2021-01-05,-0.062340930777420214,0.007057631383362026,0.047960253279510354
2021-01-06,-0.010712280917359632,0.005693603382474094,0.01297517328057341
2021-01-07,-0.11395108697919597,0.014738260107752971,0.0014722459565775809
2021-01-08,-0.03688109174802423,0.00547683739351537,0.029176674492759236
2021-01-11,0.11054189600223238,-0.006576327616621317,-0.005911379982459529
2021-01-12,-0.03164153450913615,0.000415702030569564,0.016393844879329024
2021-01-13,-0.04919748607819792,0.0022730563867261076,-0.0092330280021964
2021-01-14,0.045762535348432325,-0.003760513068743101,0.006401102886400397
2021-01-15,0.04581596179503342,-0.007216000798278504,-0.023673984653883217
2021-01-19,-0.04624617169330436,0.008103457635761657,0.014414718991668345
2021-01-20,-0.07410796584050645,0.013839417376510862,0.0032148679194607074
2021-01-21,-0.012121371311005352,0.00031667316131354906,0.0003565099522874926
2021-01-22,0.027297561659488975,-0.0030151526629377105,-0.012375705203921518
2021-01-25,0.05677802765401989,0.0036093175130174657,0.008446473377745437
2021-01-26,-0.007357751117878455,-0.001489943161153501,0.0005366988061771741
2021-01-27,0.4802140945749818,-0.02601331512610035,-0.0017901629025017802
2021-01-28,-0.20840455266105468,0.009713298778760395,-0.005029696136134952
2021-01-29,0.0910581614516798,-0.019500377654792,0.006283160232459482
2021-02-01,-0.09006558280233154,0.015924300234678626,0.008375659903981713
2021-02-02,-0.16813693512742764,0.013802528814310624,0.019506824210656127
2021-02-03,-0.10945511880997491,0.0010082606153447803,0.017253706404506845
2021-02-04,-0.051040593531359875,0.010794847643921975,0.0064791543041532035
2021-02-05,-0.0422201349721882,0.003889919607763825,0.008461719107588115
2021-02-08,0.01757342429621931,0.007372107476289037,0.0203510143716361
2021-02-09,0.018195015567699823,-0.0011141454217211749,0.008713557353702227
2021-02-10,0.016506592992762147,-0.0003452445223915674,0.0062010816180050905
2021-02-11,-0.03423089878779304,0.0016610748145877074,-0.005382964297599755
2021-02-12,-0.06212578232655379,0.004699970926162608,0.02087962748210367
2021-02-16,0.071959581496641,-0.0005694345154154666,0.014628948718721429
2021-02-17,0.0018622405931039336,-0.0003204533489169501,0.015506582212135545
2021-02-18,0.045017820660557956,-0.004425614227243303,-0.0063927253405688935
2021-02-19,-0.019758188501749405,-0.0018566190956649255,-0.016083608395784883
2021-02-22,0.06155796013459353,-0.007762892893710863,0.0363676138521867
2021-02-23,-0.014605076730017926,0.0012555296115265332,0.0019907346319477173
2021-02-24,-0.07968219767307118,0.011287667670985945,0.025225990189683894
2021-02-25,0.30291224032747205,-0.02478339442417185,-0.0023895421211313534
2021-02-26,-0.03307826645371282,-0.004761532293798778,-0.011277467555631823
2021-03-01,-0.17982022644574983,0.02351217322569352,-0.037594917332337864
2021-03-02,0.031614855873289195,-0.008113678739508762,-0.01566608301419226
2021-03-03,0.10132748472935964,-0.01315233589480116,0.021614771080799934
2021-03-04,0.06881786450640696,-0.013508038064390469,0.04082821042721123
2021-03-05,-0.14717471401246487,0.019308356338709188,0.03850589995706988
2021-03-08,0.03231877048384371,-0.005373643224025429,-0.016279469393293035
2021-03-09,-0.058198183709485554,0.014055400743930569,-0.01060707130867429
2021-03-10,-0.06312467536579736,0.006012203770988197,0.0056122564670115565
2021-03-11,-0.029235256314019607,0.010341825500657608,0.025159412471977827
2021-03-12,-0.05729262907326568,0.0010148833275308508,-0.005905613666751599
2021-03-15,-0.03241933361122549,0.006470939539413048,-0.00492403559772953
2021-03-16,-0.012054378081987694,-0.0015709169785959108,-0.007139214059158822
2021-03-17,-0.028705270080567794,0.0028752446501592592,-0.005718901009324729
2021-03-18,0.11529542049856295,-0.014870560065947797,-0.07193840100721295
2021-03-19,-0.02962827350928425,-0.0006028856737550234,0.019560908862023073
2021-03-22,-0.10403556651887166,0.007000556898342752,0.0013937898690251484
2021-03-23,0.07251773219808452,-0.007660118119334028,-0.0610986860788184
2021-03-24,0.04338036920115944,-0.00548233660034883,0.05784364059389785
2021-03-25,-0.06781438391420826,0.005226583432729291,-0.03894133702446334
2021-03-26,-0.049143524183932044,0.016494418658716575,0.04142228152153926
2021-03-29,0.09502088219807694,-0.0008683896263867381,0.0063296799898833415
2021-03-30,-0.056024520432852415,-0.0031628294096500294,-0.013011397152899031
2021-03-31,-0.010766624926866137,0.003615953592419885,-0.009398541499034614
2021-04-01,-0.11283394708079998,0.011755830427674127,0.020561467039417178
2021-04-05,0.03292010822782251,0.0143349877622439,-0.04268026778119327
2021-04-06,0.011657139377224394,-0.0009740049407969285,0.009448387006998987
2021-04-07,-0.05443526176239321,0.0014741456981068137,0.006671957456276928
2021-04-08,-0.01231320633011249,0.004211750940591775,0.0006331262530915522
2021-04-09,-0.015458109165233273,0.007690288135687276,-0.003963540614513474
2021-04-12,0.013095384214556818,-0.0001960980747395339,0.00522853155876869
2021-04-13,-0.015494960371601146,0.0032890718770625686,0.006144161101524169
2021-04-14,0.020214728696920783,-0.004096104320730151,0.04469079437803289
2021-04-15,-0.025031109191174968,0.011033101401119478,0.005392472606289403
2021-04-16,-0.0195009042453573,0.0036023233905179666,-0.002542904661040013
2021-04-19,0.06203544387071455,-0.005320689893757947,0.0041848276486442905
2021-04-20,0.07732509649126852,-0.006825561005077803,-0.007184634214016132
2021-04-21,-0.06525256820826132,0.009263020919853236,-0.018955757598075343
2021-04-22,0.06685721042401424,-0.009253337860554323,0.0012240183643813882
2021-04-23,-0.07661899202838841,0.01086940989553096,0.010797748783215913
2021-04-26,0.017729916653121687,0.001780684564582624,-0.006982406586411758
2021-04-27,-0.004545458184549777,-0.0002149189814442344,0.01166056438934014
2021-04-28,-0.016073754681327553,-0.0008458975873960478,0.0127161337543469
2021-04-29,0.018917154055148863,0.0067400415367024095,0.01899491654462169
2021-04-30,0.05523214628363878,-0.0072207134171198275,-0.01929222019779917
2021-05-03,-0.0162517739322451,0.002744321649512167,0.004599037320790426
2021-05-04,0.06194094519634577,-0.0067007374898472305,0.01934976444185151
2021-05-05,-0.01708557900866238,0.0007032164471135163,0.0011607928346388217
2021-05-06,-0.04049569027965366,0.008132299498632055,-0.01269630736772097
2021-05-07,-0.09699723575450886,0.007346291419186351,0.002786574336830026
2021-05-10,0.1637763372852811,-0.010490480503138024,0.0005856649651178476
2021-05-11,0.10515705090564602,-0.008711750141781542,0.003360905513580224
2021-05-12,0.233710235896416,-0.021682782358302413,0.011170009917948951
2021-05-13,-0.17632295379972707,0.012099644578094055,-0.03329480520264059
2021-05-14,-0.20674182503929742,0.014807778563623631,0.024456080476126345
2021-05-17,0.04724469943401609,-0.002533258183961915,0.010856298416815794
2021-05-18,0.07894993866919328,-0.0085537723840327,-0.010856298416815884
2021-05-19,0.038607742657343125,-0.002947751811378411,-0.030289607901744217
2021-05-20,-0.07050761829654915,0.01049942933450842,-0.023526971193795685
2021-05-21,-0.02547910792353237,-0.0007841880752528091,0.020221164868192993
2021-05-24,-0.09085362557830234,0.009862497481216075,0.029950298237743568
2021-05-25,0.023631633364472472,-0.002127545400828599,0.0027715347120448085
2021-05-26,-0.0818135328566583,0.0018750575506104544,0.0031995549963681194
2021-05-27,-0.03636769300212449,0.001164636089862995,0.008530324698006304
2021-05-28,0.0011940573217919478,0.000768586452887337,0.0024444353737848564
2021-06-01,0.06580558282518024,-0.0004924547586291649,0.008864838704783724
2021-06-02,-0.02374334749601523,0.0014458890369002922,0.01553701432316103
2021-06-03,0.0315342213447932,-0.003635303056049319,-0.0005607867333246127
2021-06-04,-0.09409145671364344,0.008795303383016323,0.008100628702012601
2021-06-07,0.0,-0.0007970562694215079,-0.005579614608472627
2021-06-08,0.03882241025776176,0.00017500954944121158,0.010159482854643425
2021-06-09,0.04691934447526731,-0.0018255325906156837,0.0
2021-06-10,-0.10542256771952595,0.004641454776462911,0.004145306845011569
2021-06-11,-0.028348403073089355,0.0019465389328083601,0.0023415174862060485
2021-06-14,0.04620046290537244,0.0018135563851361702,0.002335942874371047
2021-06-15,0.0377177945243885,-0.00201371995427588,0.015390120108114717
2021-06-16,0.06428138965238321,-0.005404703747026491,0.005391595932918977
2021-06-17,-0.022285023771818995,-0.00043581054367264766,-0.017766759433208656
2021-06-18,0.15374822120687637,-0.013211355687284158,0.005866723881113683
2021-06-21,-0.14589187372458626,0.013905163512319857,0.018732430448986422
2021-06-22,-0.07123123582395531,0.005111406378990611,-0.0012023776458336068
2021-06-23,-0.020619296743295247,-0.0010838705186495853,0.0050667426102065545
2021-06-24,-0.021679351888891696,0.005794429545916893,0.004908734462717795
2021-06-25,-0.022159841862596074,0.003325063164687565,0.008171954733961775
2021-06-28,0.008922961867715495,0.0023122888604717494,-0.019886642296473134
2021-06-29,0.016362871262031953,0.0002772977426878152,0.0010706884019053417
2021-06-30,-0.01193110114138291,0.0013272784229071918,0.004936898661468477
2021-07-01,-0.02235803048305722,0.005208041432254744,0.009405899836116562
2021-07-02,-0.026842846202429663,0.007472095894691671,0.004341850686185245
2021-07-06,0.08701142972543546,-0.0020239027700217787,-0.021765947830722297
2021-07-07,-0.01470613277992456,0.0033533465536629346,-0.014869136895392224
2021-07-08,0.15942768983307518,-0.008597881009556396,0.009352862853512382
2021-07-09,-0.16066304867479828,0.011214825902413766,0.019109290639589112
2021-07-12,-0.0006182521843864019,0.0034452326955940497,-0.005175505843186665
2021-07-13,0.05708974142698163,-0.0035230111811655838,0.017540762136098776
2021-07-14,-0.04724351742387486,0.0011642565654693257,-0.022876974243669163
2021-07-15,0.040797517553130096,-0.0032675735627459117,-0.017405834914699665
2021-07-16,0.0812629919747747,-0.007567415006813217,0.0016319209276507332
2021-07-19,0.1984508973721072,-0.015996781399983978,-0.06992501971855172
2021-07-20,-0.13137501237725321,0.0150488060047999,0.010582047301988126
2021-07-21,-0.09678108928020436,0.008208041662144044,0.040689393780107636
2021-07-22,-0.01235966919142029,0.0020146392092429753,0.021367714939107708
2021-07-23,-0.028090110185145265,0.010094332386254415,0.004192278232407083
2021-07-26,0.021852459740864652,0.0023793669227295928,0.0053836136756307785
2021-07-27,0.09644722545763813,-0.004723583382178003,-0.0002684473450921285
2021-07-28,-0.05576178385597298,-0.000186279231552706,0.0034847174347579775
2021-07-29,-0.03388264683517473,0.004197331845272641,0.01737566335842925
2021-07-30,0.030052289414132554,-0.005420713608261166,0.0036750109654332366
2021-08-02,0.06474405761339283,-0.001844505670060361,-0.04611462277851875
2021-08-03,-0.07576946432690278,0.008169961338918062,-0.006606985045159602
2021-08-04,-0.0038879027995192016,-0.004643150661295458,-0.02843536910696152
2021-08-05,-0.03915385947247127,0.005987485990419113,0.012846985103431453
2021-08-06,-0.06762977706408986,0.0016738645485288822,-0.008310548234198974
2021-08-09,0.03468554054099084,-0.0009403502649549345,-0.0237594697016377
2021-08-10,0.004177959028340658,0.0009921869538634502,0.022768884497928955
2021-08-11,-0.03762584731032467,0.0012749307180154837,0.011403026208536598
2021-08-12,-0.03652798545002149,0.00413780773547866,-0.0018214349387710993
2021-08-13,-0.00902070185877843,0.0016060163209228441,-0.010148096274897912
2021-08-16,0.04245179814165022,0.0026174222619943593,-0.015417781683692445
2021-08-17,0.10529841841281065,-0.007085743507137991,-0.006929482813378128
2021-08-18,0.18594423869998947,-0.01080665284525433,-0.011656775004134097
2021-08-19,0.004625372816078682,0.001255903256156918,-0.026434660793961094
2021-08-20,-0.154920120485587,0.00810860389074176,-0.019297061142166023
2021-08-23,-0.07901054721458206,0.008487667984412181,0.0533240584552189
2021-08-24,0.004073307755883778,0.0014946188019620721,0.03290716094868432
2021-08-25,-0.025287933507119265,0.00221765740325088,0.016748429497176472
2021-08-26,0.11519875162978147,-0.0058419498276026565,-0.016467024447754646
2021-08-27,-0.13931092173088985,0.008769071540452218,0.02267604001727452
2021-08-30,-0.012277554840046993,0.0042973241068746,0.00971887344632933
2021-08-31,0.01775369602797844,-0.0013500269158932096,-0.0057377998122904224
2021-09-01,-0.02270726162901823,0.00031164006095334113,-0.01936706794193126
2021-09-02,0.018450660728144403,0.002838605754404257,0.019914950662757985
2021-09-03,0.0,-0.0003350872611813474,-0.005767637118883045
2021-09-07,0.10022851523673704,-0.0034013524523203464,-0.012751359878217464
2021-09-08,-0.009972399142124295,-0.001319436813816666,0.012613598893308136
2021-09-09,0.045709817355874635,-0.004616247150002522,-0.015967039149054684
2021-09-10,0.10828185353128676,-0.0077525522862761,0.02036506303592312
2021-09-13,-0.07841316203994701,0.002273900346369644,0.008058555746399493
2021-09-14,0.004635508965875068,-0.005763213966258604,0.001223524556377764
2021-09-15,-0.06803892417555253,0.008438294222079725,0.024957697400766414
2021-09-16,0.027666544506303185,-0.0015523447127638308,0.002779054104988875
2021-09-17,0.10744496470005153,-0.0091526302757993,-0.004370602852411224
2021-09-20,0.2114463709259874,-0.017123077726381844,-0.019027751093457123
2021-09-21,-0.05393751777084258,-0.0008126886585469564,0.005934768498639207
2021-09-22,-0.15462970659564101,0.009474585224220084,0.024312081467268938
2021-09-23,-0.11353962173545984,0.012061680369935969,0.013816663249279777
2021-09-24,-0.04838762364465317,0.0014599428113642636,0.010815045000718271
2021-09-27,0.055341439857178,-0.002780243920187674,0.018272332841506235
2021-09-28,0.2145781762547625,-0.020574317739894057,-0.005547895391819288
2021-09-29,-0.03012672907627412,0.0015679543362838073,-0.005705930150686414
2021-09-30,0.025384292431966944,-0.011981202945014901,-0.001527141421907292
2021-10-01,-0.0922896368279035,0.011425952113334161,0.009632547968700556
2021-10-04,0.08448047301532594,-0.013070952048643704,0.02466804222404493
2021-10-05,-0.0750464946798554,0.010469517498601526,0.015871355313543518
2021-10-06,-0.014184599173202148,0.004094399349624824,-0.01808892799484756
2021-10-07,-0.07205874425477805,0.008264039225065405,0.010672923783464494
2021-10-08,-0.04020381848217929,-0.0019155566024214522,0.005354794968848032
2021-10-11,0.0634723985675252,-0.006889441644339833,0.01517738275464265
2021-10-12,-0.007528247203173337,-0.0024197056865549256,-0.002753378855092469
2021-10-13,-0.06289424983755569,0.0030179558702319183,-0.0028811288353448807
2021-10-14,-0.10036578773839297,0.016919162285711567,0.009809860859687831
2021-10-15,-0.03377892776825488,0.007432520637190081,0.010186048123318229
2021-10-18,0.0006133228821253111,0.0033690878018038262,-0.0062651516671127245
2021-10-19,-0.03811768368319456,0.007366142784235753,0.008854316554081327
2021-10-20,-0.013466060552870796,0.003657333598560689,0.008660064153779679
2021-10-21,-0.031477978758680386,0.002991393168360022,-0.014199605857265951
2021-10-22,0.027597025259155847,-0.0010731292246643565,0.010814707170354099
2021-10-25,-0.012390150913142817,0.004736959440853509,0.005363808259558507
2021-10-26,0.04741437645208414,0.0018181414322441137,0.004756707890618279
2021-10-27,0.060698242232118525,-0.0050643703711055294,-0.021289839777512674
2021-10-28,-0.026859200551924454,0.009781288424184026,-0.003078772519337846
2021-10-29,-0.016468835176247053,0.0019474372317175562,0.000711292972242865
2021-11-01,0.009182777607491557,0.0017984589459023885,0.0039032734896382224
2021-11-02,-0.02342888634704037,0.003673607120388547,0.00011806806615199769
2021-11-03,-0.059767240372715094,0.00644049461289024,-0.032754453148510505
2021-11-04,0.022266748335608214,0.004173222342817036,-0.017843295762647402
2021-11-05,0.06518597928502101,0.003725850045284445,0.026949168424000882
2021-11-08,0.043923962420296184,0.0008873940607025194,0.008304825357178327
2021-11-09,0.03200280958004064,-0.0035049109264001276,0.01605169095416173
2021-11-10,0.052052223311124725,-0.008259842163861058,-0.025565834100295486
2021-11-11,-0.05882430548036191,0.0005507883329889288,0.002779330578495924
2021-11-12,-0.08075070771974943,0.007196697564130407,-0.008482898344852444
2021-11-15,0.012202643875715364,-1.0739878017001878e-05,-0.001461394929380259
2021-11-16,-0.007303680041878168,0.0038577790571266367,0.004620597297399024
2021-11-17,0.044212680926723626,-0.0026050154828958787,-0.026428943304810108
2021-11-18,0.027667443847847712,0.0033790647401719144,0.01188720169431228
2021-11-19,0.01802864012875469,-0.001399644604988097,-0.029353241046623558
2021-11-22,0.06798735348449784,-0.003202258316960725,0.010215078135350058
2021-11-23,0.010895002121107753,0.001655761383195201,0.032223029817832316
2021-11-24,-0.042155833879070174,0.0022912237766672798,-0.0007291876779574276
2021-11-26,0.4320200741721716,-0.022987011159321162,-0.1231469229899114
2021-11-29,-0.2203522718751432,0.013113836082824229,0.009852312900213723
2021-11-30,0.16909574670959093,-0.019143381187850562,-0.03986365886748544
2021-12-01,0.13500144799177308,-0.011885541457955926,-0.02438441125101787
2021-12-02,-0.10743349938015533,0.014094638396057768,0.011549073322922888
2021-12-03,0.09286775371604661,-0.00848445514173865,0.0030096632013869857
2021-12-06,-0.12080356066278455,0.011662599309686139,0.04477531060369844
2021-12-07,-0.21645153629884628,0.020495603186252546,0.03178291412213797
2021-12-08,-0.09531017109099146,0.003080535586585806,0.005024435375758508
2021-12-09,0.08104724373347436,-0.007206988232523656,-0.018637407749044932
2021-12-10,-0.14377830625260554,0.009503769118209724,0.009761438189286355
2021-12-13,0.08312469925500683,-0.009178158342793815,-0.01016462050492935
2021-12-14,0.07491653435511575,-0.0074987228546236715,-0.009318758211047171
2021-12-15,-0.12644300927322719,0.016216267351890877,0.002439360367329335
2021-12-16,0.06424681445002371,-0.008781863311112446,0.01531258175177888
2021-12-17,0.0474697574240046,-0.01034096458405368,-0.020197267519269035
2021-12-20,0.05852259847760256,-0.01145339832325659,-0.027580348459022557
2021-12-21,-0.08482751897965242,0.017621755385195486,0.0338177478522715
2021-12-22,-0.12022538618477846,0.010128728029127596,0.017552504241505208
2021-12-23,-0.03662612766793574,0.006204412685251626,0.02050811410727306
2021-12-27,-0.015712937427571433,0.013744051573605864,0.022516229892626662
2021-12-28,-0.007950035329993409,-0.0010106653988873737,0.004316421140123197
2021-12-29,-0.03421616030294203,0.0014009134018576786,0.003666956184559522
2021-12-30,0.022171220487458933,-0.002994233841904309,0.0011352424575692592
2021-12-31,-0.006367640200394624,-0.0026296343734744394,-0.019605986770900044
2022-01-03,-0.03666874078209838,0.006353824170388397,0.015310385328798035
2022-01-04,0.018502435544357602,-0.0006298202522032699,0.012831936311788373
2022-01-05,0.1542351429461621,-0.019583264304501073,0.009950368622447272
2022-01-06,-0.006100625500360711,-0.0009642337401809882,0.01462025925698872
2022-01-07,-0.04431271555415753,-0.004058441082336512,-0.0029314527759547178
2022-01-10,0.03354609062729154,-0.0014420705375388979,-0.01082284870670404
2022-01-11,-0.05237905944922345,0.009118286452399373,0.03463495108792288
2022-01-12,-0.04385931881904721,0.0028137920146670695,0.011283413869825253
2022-01-13,0.1420786811593658,-0.014346029234400533,-0.0023648698376802176
2022-01-14,-0.056724011447385425,0.0008196442695905652,0.01864824285107383
2022-01-18,0.17193254558031584,-0.0185591053980085,0.016708397917211567
2022-01-19,0.04546234989896832,-0.009736790941460195,0.01057128663545987
2022-01-20,0.07041742280560326,-0.011098742304330734,-0.0006787149688418971
2022-01-21,0.11990835004213829,-0.019095995324635427,-0.005559642993569911
2022-01-24,0.035748461461826586,0.0027679047582695165,-0.01860415145551945
2022-01-25,0.04127674846717597,-0.012246590556866267,0.022125054235775852
2022-01-26,0.0253498761464045,-0.0014977569258856588,0.0197581885017494
2022-01-27,-0.047086338758656796,-0.005398635199970923,-0.006915841980796554
2022-01-28,-0.09741143277332177,0.024055967914736694,0.007693659628267731
2022-01-31,-0.10793472427263455,0.018709826222984446,0.013021595592953792
2022-02-01,-0.12283002149677485,0.006839560348317067,-0.022731980563366935
2022-02-02,0.005902449388932326,0.009378400448324454,0.003470837612095314
2022-02-03,0.09740684085512573,-0.024693471720120656,0.01816418722161053
2022-02-04,-0.04751791849625819,0.005143678439863626,0.023430902322373597
2022-02-07,-0.015625261632240678,-0.003708580927828488,-0.0062378585199837164
2022-02-08,-0.06413032395420296,0.00836611346663433,-0.020821634645728757
2022-02-09,-0.07152813609679119,0.014412842079264784,0.008446320873357439
2022-02-10,0.18056655007325953,-0.01828182448505601,-0.0015303827266625468
2022-02-11,0.1347853399740477,-0.019151682638086528,0.03260981634052664
2022-02-14,0.034839196086860244,-0.0038479907556283146,0.02137102970425025
2022-02-15,-0.09743028956184711,0.015643717646064172,-0.03373005825722042
2022-02-16,-0.05642624088191999,0.0008808197202838003,0.016269153663611122
2022-02-17,0.1460606259257957,-0.021400504136936647,-0.019597989581511186
2022-02-18,-0.012889566438965914,-0.007191961663866342,0.006112288487447182
2022-02-22,0.037486690366762734,-0.010194735435016016,0.034670932168485866
2022-02-23,0.0739096419462359,-0.018583735748788438,0.0
2022-02-24,-0.022824621796435525,0.014846105252724002,0.022867528847951738
2022-02-25,-0.09435415694926126,0.022126080551265786,-0.011674682252759146
2022-02-28,0.08873151676105341,-0.0024455914631261143,0.030768540036606663
2022-03-01,0.09997289761890603,-0.015594467786613053,0.03865312579119873
2022-03-02,-0.08059307747498817,0.018471046780652183,0.07309355376115066
2022-03-03,-0.008494014864764431,-0.005268520744245652,-0.022114704253197687
2022-03-04,0.04803997729179485,-0.007965684543001903,0.0669629426066836
2022-03-07,0.13083078629404346,-0.029962586814416495,0.042273810414542104
2022-03-08,-0.03688598270340872,-0.007260043975698096,0.03798381873550438
2022-03-09,-0.07935503002105185,0.025373598122141117,-0.14108336558141701
2022-03-10,-0.07086567301265848,-0.004301049920247209,-0.01641981416568371
2022-03-11,0.017055200603855316,-0.013046278933238144,0.03009232773023528
2022-03-14,0.03263246843757496,-0.007448675095533314,-0.05256934361970051
2022-03-15,-0.06300786672106938,0.021182629724144964,-0.06762401490588109
2022-03-16,-0.11197525491444416,0.022136921648393443,-0.019098312165043246
2022-03-17,-0.03821634319943387,0.012272205068700267,0.08428716491301076
2022-03-18,-0.07270052234591615,0.011594814411888112,0.012024201517812836
2022-03-21,-0.014346243588262985,-0.0004347548543014596,0.06882610374479065
2022-03-22,-0.02539409693912241,0.011240699554074212,-0.001211591545452315
2022-03-23,0.027092569018550887,-0.012348630252495208,0.05163957311959268
2022-03-24,-0.08404588493141855,0.014242012281618024,-0.021361405059355985
2022-03-25,-0.04049520432695106,0.005053380704237665,0.013518252793828485
2022-03-28,-0.058374649206258046,0.007119551020042568,-0.07011834681112303
2022-03-29,-0.03789706365376279,0.01218204410139109,-0.020206335477944353
2022-03-30,0.022496387391307392,-0.006313588999088777,0.028793061897140856
2022-03-31,0.06168912533807853,-0.015776335226881762,-0.050064604013923895
2022-04-01,-0.04628844907562309,0.0034044209614630277,-0.03316370073897471
2022-04-04,-0.05551160660496785,0.008058382532133647,0.029635987476857382
2022-04-05,0.12440266343456106,-0.01263115907400537,-0.008311196903248585
2022-04-06,0.0496276034194116,-0.009764433912479721,-0.053645327079854956
2022-04-07,-0.025201844638247307,0.004244365552037262,-0.00485989411834489
2022-04-08,-0.018263181367582593,-0.0026545466755523947,0.021637320738452186
2022-04-11,0.14124030229531587,-0.017021334584696127,-0.04273725372356585
2022-04-12,-0.004523989123826763,-0.0034233005304522353,0.060672365912355246
2022-04-13,-0.10600194653157283,0.011112603268901934,0.038801600897035916
2022-04-14,0.03953799167815706,-0.012218480383508163,0.026489195981081844
2022-04-18,-0.023624931027489242,-0.0002048892724065068,0.012986100041455192
2022-04-19,-0.03675191846691165,0.01593004474938665,-0.05364022098746452
2022-04-20,-0.050382500910835126,-0.0006186664061825758,-0.004204602707520949
2022-04-21,0.10987788462348555,-0.014862855551311067,0.01422418575943378
2022-04-22,0.21819300024463079,-0.028132076377366966,-0.015629681635329566
2022-04-25,-0.043099143086190964,0.0056817651441118085,-0.041447304936684845
2022-04-26,0.21556493979660302,-0.028550008928597752,0.02575993289183499
2022-04-27,-0.0589851566056232,0.0020958490249645954,0.0031382445506436445
2022-04-28,-0.052293147535713964,0.024445655340832175,0.021324340837676654
2022-04-29,0.10769196053867162,-0.03695915978469415,0.016134587405812015
2022-05-02,-0.03225108680044981,0.005659199293818601,-0.016227486108495247
2022-05-03,-0.1004252851893356,0.004825465075359521,-0.02456016718872394
2022-05-04,-0.14034330491522218,0.029425221557325833,0.04807767161596495
2022-05-05,0.20488185050598062,-0.03630067756409906,0.006876629822635739
2022-05-06,-0.032907357859992,-0.00569038441395277,0.013346051984144815
2022-05-09,0.14066881060216926,-0.03256151953960419,-0.05910204093795928
2022-05-10,-0.05197503589226457,0.002454881760409255,-0.033400449585964186
2022-05-11,-0.01311995280695535,-0.016600232095697796,0.0481114167916044
2022-05-12,-0.024562120621479416,-0.0012968049941124407,-0.0005582916803352771
2022-05-13,-0.09571943994586465,0.023589267956869442,0.03744735354943417
2022-05-16,-0.04970854763325103,-0.003954208517722458,0.023828531655479327
2022-05-17,-0.051159146166640086,0.01996891958146264,-0.020427801264113685
2022-05-18,0.17076069020588336,-0.041233809291248875,-0.025517125366746288
2022-05-19,-0.05340345987885895,-0.005850864777347809,0.026499405302423007
2022-05-20,0.0027220133435583802,0.0001461310919903067,0.004541635904085434
2022-05-23,-0.032812502144316524,0.018384995412060758,0.007700131974436402
2022-05-24,0.0334918655332464,-0.008153950903558081,0.001233583664085708
2022-05-25,-0.03736165760137902,0.009406385648931585,0.004130250858213941
2022-05-26,-0.031146273729954037,0.019688166007720866,0.029125359427098964
2022-05-27,-0.06691713200005558,0.024441130195822013,0.01714350784434354
2022-05-31,0.018108806238811843,-0.006294135193666945,0.028152237524989805
2022-06-01,-0.019275847000948997,-0.007510905041155451,-0.05479558658284739
2022-06-02,-0.038489227097765165,0.018263225415545106,0.011286991874821302
2022-06-03,0.002827778165847551,-0.016482405609817057,0.01778162212824735
2022-06-06,0.011231517018839617,0.003132489407036025,-0.001755625427116296
2022-06-07,-0.04278506428781263,0.00947833153171984,0.008830426844411531
2022-06-08,-0.0025011006728514825,-0.010852623040155319,0.024658239851478504
2022-06-09,0.08516636996056637,-0.02408645766515553,-0.004135437745036683
2022-06-10,0.061683735195286235,-0.029542414811409477,-0.008650270608659244
2022-06-13,0.20371276023099444,-0.03953993199003993,0.002128660605116997
2022-06-14,-0.039879421696833575,-0.003780818039489633,-0.009037183569031774
2022-06-15,-0.09861934155361644,0.014487058836534478,-0.022197139905881402
2022-06-16,0.10654144692998793,-0.033052207113840666,0.010909771048394138
2022-06-17,-0.056819326608450633,0.0021984473410133873,-0.05745790784597767
2022-06-21,-0.030661196085893273,0.024182474960671992,0.01343479618441772
2022-06-22,-0.04194053103593365,-0.0013024200953574458,-0.0257092976997958
2022-06-23,0.0034482266622454993,0.00948707248555652,-0.015239889210017187
2022-06-24,-0.06469916716028097,0.030105539729901033,0.027514390725395313
2022-06-27,-0.010335964210215428,-0.0029774998903406716,0.017265172732358496
2022-06-28,0.05099639752104341,-0.0203486731494949,0.024800747867469112
2022-06-29,-0.007077197314253267,-0.0007119988201726959,-0.014686066380541369
2022-06-30,0.019342936372938047,-0.008797866246367652,-0.012550513806832026
2022-07-01,-0.07258186826346097,0.010498511296639174,-0.028088760418663237
2022-07-05,0.030975932563342613,0.0015828751061934918,-0.08269635744985175
2022-07-06,-0.029853013518694623,0.003566795705066178,-0.02044693479816956
2022-07-07,-0.024617778892291938,0.014853723180930391,0.03857494929850827
2022-07-08,-0.056797620238513646,-0.00083061639612735,0.022394238043018568
2022-07-11,0.060242605562818095,-0.011594417660525545,0.0007472616906575689
2022-07-12,0.04190664881096002,-0.00928686849749371,-0.07370584807701039
2022-07-13,-0.017372501793467377,-0.00446686411181668,0.0008037962055985921
2022-07-14,-0.01578387077220841,-0.003003138812764307,-0.004731485396479105
2022-07-15,-0.08577247976665912,0.01901923165863364,0.020574032064347304
2022-07-18,0.043212849641764174,-0.008398742485835936,0.049279535792956304
2022-07-19,-0.03213124802708314,0.02725351764373082,0.0101115163148537
2022-07-20,-0.025631864170057687,0.0058784939410571665,-0.0040136359654806405
2022-07-21,-0.032775802683622235,0.00981306668950467,-0.02903702985240456
2022-07-22,-0.003467707049144895,-0.009376287293813849,-0.00637502081668352
2022-07-25,0.014227440440233092,0.001314302973305868,0.018719093183992758
2022-07-26,0.05537314089952161,-0.011610342599263359,-0.007158226595921476
2022-07-27,-0.06052340285251661,0.025820048778629066,0.021041447090854783
2022-07-28,-0.03994385969968467,0.012060319791912806,0.004865247600956311
2022-07-29,-0.045816533528988145,0.014107775781753557,0.026434905413808087
2022-08-01,0.06839886256211848,-0.002827076544916728,-0.09510116137613675
2022-08-02,0.046619523204595135,-0.00668468837887098,0.005085538576810537
2022-08-03,-0.08636574039389384,0.015517456270090707,-0.03811531861853275
2022-08-04,-0.023508813167236665,-0.0007776424495837734,-0.027869755711131042
2022-08-05,-0.013618473656111645,-0.0016270690189191196,0.00846381923619221
2022-08-08,0.006597634452187501,-0.0012383171221209141,0.018061809164957875
2022-08-09,0.022295374365645357,-0.004257744235926498,-0.0035240912187008587
2022-08-10,-0.09788587386321505,0.021067158460407496,0.01125409609128211
2022-08-11,0.02303561976592722,-0.0007057229222018175,0.02233592295588594
2022-08-12,-0.03373086212935113,0.017174046951492668,-0.014665213001615749
2022-08-15,0.02127740153136365,0.003961684056233163,-0.03156798276251662
2022-08-16,-0.013118261804125196,0.0018739228259478625,-0.029451576086479567
2022-08-17,0.010608792786787835,-0.007264114867648021,0.01408706776364762
2022-08-18,-0.01723307525800178,0.0022669896063847975,0.030910733093725377
2022-08-19,0.05180445701037145,-0.012983928713038868,0.0013450406502932795
2022-08-22,0.14439445430766584,-0.021632366466494565,-0.002484451154574634
2022-08-23,0.0129411688872171,-0.002240370434437464,0.038032013938850764
2022-08-24,-0.05498938644760836,0.002911916698724165,0.009928596134019004
2022-08-25,-0.04664518202952005,0.013993241836107048,-0.018748105031027338
2022-08-26,0.1600364595838233,-0.03426857631703952,0.01647320807076933
2022-08-29,0.02511237378979406,-0.0066886751973248065,0.039795610144567235
2022-08-30,0.0,-0.011089416492117008,-0.05657084469856467
2022-08-31,-0.013056953766507983,-0.007847738208153028,-0.028806892438682268
2022-09-01,-0.012055420023286018,0.0029917522671948716,-0.043745362798202854
2022-09-02,-0.003527346582686881,-0.010794552570724387,0.007120496612959282
2022-09-06,0.05499669703613608,-0.004103464690895143,-0.0020446045709938813
2022-09-07,-0.08812684517395283,0.018174848666169877,-0.053433068658450766
2022-09-08,-0.04270073694573565,0.006588966880442448,0.012983546946802652
2022-09-09,-0.035348493518901965,0.01515601498121106,0.0405571805358433
2022-09-12,0.046300592079318664,0.010528651483995635,0.012417240309151619
2022-09-13,0.13316473813460536,-0.04419916303197406,-0.008869020460506088
2022-09-14,-0.04155569288771608,0.003381289078844715,0.009932268566332229
2022-09-15,0.004196100366660546,-0.011382272168149512,-0.03525835345231483
2022-09-16,0.0011412890518258574,-0.007208049775663175,0.005598589196845163
2022-09-19,-0.02074600005329651,0.006833697724705768,0.007090310928680058
2022-09-20,0.05292238695106717,-0.011336114736600402,-0.015113607501264396
2022-09-21,0.030101998277705832,-0.01726467409850635,-0.0087559539231065
2022-09-22,-0.023130752534395428,-0.008463293830453985,0.006988738304230189
2022-09-23,0.08981061284051299,-0.017382828767330778,-0.04881777324307592
2022-09-26,0.07530086501150463,-0.010394360890280502,-0.024559180152468125
2022-09-27,0.010484220898846989,-0.0021226109548247284,0.025951073643184965
2022-09-28,-0.07713277811500176,0.019481144181152356,0.03474354937875978
2022-09-29,0.053543902316957874,-0.0213527948230975,-0.009335896416966983
2022-09-30,-0.006933507445969212,-0.0151813515462093,-0.00600737186022392
2022-10-03,-0.04926467389430347,0.02555457753093017,0.01017994909834039
2022-10-04,-0.034818480355421226,0.030125341416799834,0.03255022649354366
2022-10-05,-0.018049794693725838,-0.0020199875589381176,0.016957793041949044
2022-10-06,0.06672531203596996,-0.010297922911395202,0.01118277181354086
2022-10-07,0.027150993529882227,-0.028403196531478058,0.03639790433903605
2022-10-10,0.034167251716381845,-0.007520673133652772,-0.017825372518913758
2022-10-11,0.03571809085163382,-0.006540518412323781,-0.019950278358322568
2022-10-12,-0.0017857556117495637,-0.0032961996501662937,-0.01970722436396925
2022-10-13,-0.04977364239369622,0.025634259307631132,0.022672372977124006
2022-10-14,0.0025015623572302516,-0.023947120744528417,-0.031581598798019375
2022-10-17,-0.02050867290942354,0.026135524557561848,-0.00010908056584828134
2022-10-18,-0.028125365341958763,0.011362768207087462,-0.017506683875033274
2022-10-19,0.00848846846496914,-0.006694455239684375,0.026092302967340893
2022-10-20,-0.025684674672851925,-0.007982686738766696,-0.0003247622577679754
2022-10-21,-0.009720170642020446,0.023447759860447268,0.01205096102353157
2022-10-24,0.005374545854703685,0.011811940205111494,-0.0025701220082855075
2022-10-25,-0.04768529212537634,0.01613577001587496,0.00278396698210164
2022-10-26,-0.04234570234723907,-0.007415140398989885,0.02293854403641692
2022-10-27,0.004024102845698321,-0.006101185053184453,0.01318468757381007
2022-10-28,-0.06174333388150417,0.024328036770856338,-0.012349064397194071
2022-10-31,0.00503581009507937,-0.007482327030336412,-0.009863614277041901
2022-11-01,-0.0027084441661897746,-0.0041096637203590055,-0.0018999404278392529
2022-11-02,0.0019354039072249207,-0.025319843737482882,0.01582761509378773
2022-11-03,-0.021893031368095298,-0.010642422531956597,-0.015616368071043172
2022-11-04,-0.03009254241419883,0.013526823285563951,0.04036981178196275
2022-11-07,-0.008179957968859137,0.00956806167935914,-0.00661615251679722
2022-11-08,0.047714021256488805,0.005582282828760321,-0.026491590346980957
2022-11-09,0.0213062185459617,-0.020996784712303443,-0.028830240516888532
2022-11-10,-0.10327587307618198,0.05395251566479769,0.010948978472458272
2022-11-11,-0.0438724083225021,0.009198312304769028,0.024466049447618224
2022-11-14,0.05233622755869435,-0.008975940544918012,-0.03014026611955051
2022-11-15,0.03356442543314979,0.008675376414669186,0.007700585867882412
2022-11-16,-0.017677759081951346,-0.008286283111873759,-0.01071132770446804
2022-11-17,-0.007493802835230841,-0.0030941046442292835,-0.0337307694074084
2022-11-18,-0.03443483456993681,0.00474729564815821,-0.02435290602491041
2022-11-21,-0.0334244045197189,-0.003891249800275618,-0.001942147164834279
2022-11-22,-0.04903615367539896,0.01348860626982839,0.010352218892034339
2022-11-23,-0.04515659127403576,0.0058972660417383116,-0.03395615262459436
2022-11-25,0.00734395551031755,-0.0002830842622024787,-0.02106095828350982
2022-11-28,0.08011771054057051,-0.015564696794064813,-0.005275096908218839
2022-11-29,-0.014512713032828004,-0.0015931337016243704,-0.0019252040711618236
2022-11-30,-0.06171015695339021,0.030478643521294944,0.028495357163772675
2022-12-01,-0.036619617151066194,-0.0008680098296065889,0.016830493836352312
2022-12-02,-0.040108239341404936,-0.001195374663761461,-0.015193073708535596
2022-12-05,0.08495437647046357,-0.01805624963097222,-0.03435701235896121
2022-12-06,0.06619378039282739,-0.014503869422986057,-0.04110931076192464
2022-12-07,0.022743465245738823,-0.001864107253381664,-0.027857671000724088
2022-12-08,-0.017345303844040455,0.007493634413933237,-0.013305657362989486
2022-12-09,0.023937268728642467,-0.0073767194642132125,-0.0006568545623075724
2022-12-12,0.09080036766832521,0.01417830729965003,0.024532341134655678
2022-12-13,-0.10314079275274912,0.007263223255457212,0.0339101309172322
2022-12-14,-0.06456808054524135,-0.006071116623835963,0.024728848259542788
2022-12-15,0.07690850562966531,-0.02523747790182607,-0.01818118410735895
2022-12-16,-0.009240949410513871,-0.011200239946011676,-0.027084315998039385
2022-12-19,-0.008881086742406634,-0.0090483289411038,0.009569477675640188
2022-12-20,-0.04283117271744946,0.001036800697890769,0.0023780574561695464
2022-12-21,-0.06789610072682875,0.014758548669054294,0.027253664781615162
2022-12-22,0.09045170754006297,-0.014557142498145655,-0.014953012878251778
2022-12-23,-0.05136509384120232,0.005850952271915072,0.03566169021111702
2022-12-27,0.036692675527112,-0.004057844034659477,0.004873753030527658
2022-12-28,0.022380462884019337,-0.012093470442948605,-0.012769427875345952
2022-12-29,-0.032127538600664425,0.01731063431499432,-0.012083278652645926
2022-12-30,0.010670457956980314,-0.002543975646110833,0.043415290505714015
2023-01-03,0.05520807483314222,-0.004008572481273608,-0.045362281404472925
2023-01-04,-0.03963998796476396,0.007510694562138916,-0.05328260704164598
2023-01-05,0.02023900261036214,-0.011713869136457158,0.010860722741391757
2023-01-06,-0.06104211663738497,0.02258383558903089,-0.0015261702689100644
2023-01-09,0.03898406323239964,-0.0007679273259905782,0.013652112209752676
2023-01-10,-0.06535812844402532,0.006953997970593733,0.005633779511282356
2023-01-11,0.024479275027050922,0.012767571192293676,0.03158092209098295
2023-01-12,-0.11334766310842777,0.0034100849120427303,0.01631710629751283
2023-01-13,-0.0258217433282179,0.003988892144656051,0.014766082690338429
2023-01-17,0.05357951808573416,-0.002032555430996314,0.007476663345923151
2023-01-18,0.049380284747422606,-0.01568496697774467,-0.011000635260100597
2023-01-19,0.008810644488462888,-0.007667671901812428,0.013790101162426991
2023-01-20,-0.03319601625992202,0.01874167355235196,0.01691729837309354
2023-01-23,-0.002017192599349769,0.011811315951328555,0.006370231858754159
2023-01-24,-0.031276514981302975,-0.0007117563642918193,-0.023635854671285306
2023-01-25,-0.006269656748658918,-0.00018174157346566321,-0.00011604652362438913
2023-01-26,-0.01851417000564116,0.010947708029114303,0.015554186998780214
2023-01-27,-0.011815353065151668,0.002491734021703855,-0.009303432817319886
2023-01-30,0.07441665236620917,-0.013053569315292663,-0.020518347280158923
2023-01-31,-0.027454744911028228,0.014536304416419527,-0.004840952409035302
2023-02-01,-0.08214967027130193,0.01039805629688473,-0.019722166560562585
2023-02-02,0.04700311588127257,0.014592384626854379,-0.008120742661005367
2023-02-03,-0.02158743432649588,-0.010408592637285455,-0.027513865835698557
2023-02-06,0.0582792214064017,-0.006159393193939262,0.013049280060765575
2023-02-07,-0.040436091853844745,0.012790364037397075,0.03279386133237484
2023-02-08,0.05067677829384996,-0.011142573012411353,0.016589951606594107
2023-02-09,0.0535576656646979,-0.008869009831037385,-0.0069579424602668775
2023-02-10,-0.00872936672367463,0.0021928557092171274,0.022120386942592603
2023-02-13,-0.009297866354522386,0.011383569951155146,0.0025433680843583014
2023-02-14,-0.07289852352107458,-0.0002804538554937624,-0.01196365700558385
2023-02-15,-0.03662231102109,0.002769337533076689,-0.0023397832235956817
2023-02-16,0.10112779216855393,-0.013884689204881605,-0.002814895929692619
2023-02-17,-0.007464558996273437,-0.0027712421722827342,-0.025456345434609125
2023-02-21,0.13309424797811642,-0.020244783973471698,0.0006022650087355925
2023-02-22,-0.02568785625927578,-0.0015747954856433837,-0.02994424222425107
2023-02-23,-0.05297123690102279,0.005315278263237728,0.019778307446512242
2023-02-24,0.024761867498774875,-0.010593464619774184,0.011489568999125942
2023-02-27,-0.0337901362836813,0.0030682925395522777,-0.008574495034549408
2023-02-28,-0.01200494565700265,-0.0030406198309477117,0.017314397590414445
2023-03-01,-0.005814010429586383,-0.004736464203492832,0.004994043394505118
2023-03-02,-0.04930048695319493,0.0075535937311959735,0.005205293283469009
2023-03-03,-0.057789206725168754,0.01601874917648306,0.012662870803073278
2023-03-06,0.006469070430775006,0.0006869307788483012,0.004069518665203052
2023-03-07,0.05132013629439354,-0.015445590479262547,-0.03410963078954278
2023-03-08,-0.02480744955448138,0.0014137941356032722,-0.007592651552424669
2023-03-09,0.16818052309360135,-0.018631857945482354,-0.013029192830452355
2023-03-10,0.09245130912260863,-0.01458396943606664,0.014479811017817028
2023-03-13,0.06705556017148671,-0.001510901840738768,-0.024580903681667994
2023-03-14,-0.11115913142156775,0.016342388235363665,-0.04197304043262951
2023-03-15,0.09672663368957514,-0.007005363929353597,-0.04976538955026066
2023-03-16,-0.12840735602736533,0.017409576249031722,0.01361291337557783
2023-03-17,0.10401121230658243,-0.011080621273953702,-0.023431636778888522
2023-03-20,-0.054786176823226014,0.008878869635940853,0.011174818971111798
2023-03-21,-0.12182849795903451,0.012898647518559103,0.02052246625975256
2023-03-22,0.040335489785902276,-0.016600248639842885,0.018025653874279325
2023-03-23,0.015600957155038286,0.0029800838691824228,-0.010222877340052953
2023-03-24,-0.03923844211971985,0.005623963084303207,-0.012193733445028545
2023-03-27,-0.053862776851436873,0.0016455995637670831,0.040891398340551235
2023-03-28,-0.031059981269611073,-0.0015750832883878866,0.006761507738184953
2023-03-29,-0.04349616152765765,0.014136870775046802,-0.00471552197134874
2023-03-30,-0.005243870331479798,0.005698999199482652,0.012567577567153402
2023-03-31,-0.016967516525293273,0.014333327782036555,0.006287747339412377
2023-04-03,-0.008053816734809512,0.003692022565802823,0.06267993954480063
2023-04-04,0.023969231241808685,-0.005813839745162529,0.00011776224265966554
2023-04-05,0.004201682855065479,-0.002495481657121423,0.0005884237476141602
2023-04-06,-0.036290018138616674,0.0035727731328032467,0.0015284804850554277
2023-04-10,0.030508103867643424,0.0009958070170100843,-0.011104690892808735
2023-04-11,0.006829607274288249,-4.135333298352082e-05,0.01684473891613557
2023-04-12,-0.0005237092940851025,-0.0041434563234613855,0.01989196150887995
2023-04-13,-0.06996623129446441,0.013175510497831548,-0.01430084926100474
2023-04-14,-0.041875895507824036,-0.0020715175845779886,0.0025522198133720053
2023-04-17,-0.007054640090812043,0.0033007035826147536,-0.018121679341700548
2023-04-18,-0.007104875168132019,0.0008548548034659753,0.00011790841643929448
2023-04-19,-0.02222986404192645,-8.426554793962826e-05,-0.01965628718527541
2023-04-20,0.04223053972525203,-0.005970335188311131,-0.024602437527963324
2023-04-21,-0.023572076221130268,0.0009027812573008861,0.006881388430661271
2023-04-24,0.007130091551149501,0.0008512167782723126,0.013018003041825897
2023-04-25,0.1050052610957546,-0.01593718381857645,-0.02397676588650626
2023-04-26,0.004255321468759127,-0.0038485835033448754,-0.0388789875052618
2023-04-27,-0.10100574225300608,0.019377193402696356,0.008714655723814189
2023-04-28,-0.07623323649860547,0.008219331313243467,0.014818815178703067
2023-05-01,0.018832960510421673,-0.0003861810485107871,-0.002895857977674831
2023-05-02,0.10049800969856827,-0.011653906680571788,-0.051618493574917
2023-05-03,0.031010206443528907,-0.007022908054892971,-0.04050669356075285
2023-05-04,0.09113771127378989,-0.007244913455062742,0.0023475556841534148
2023-05-05,-0.15589433595937743,0.018306166381879797,0.0378936134732101
2023-05-08,-0.012291696538472011,0.0004520264848820656,0.022455135956969324
2023-05-09,0.04209324617502903,-0.004589938949059595,0.005568163203936219
2023-05-10,-0.04445167934890709,0.004473942241914432,-0.013389848908174986
2023-05-11,-0.0005905065795475104,-0.0016980648897067581,-0.018892169507751317
2023-05-12,0.0058893208235718105,-0.0015845615894390477,-0.010861725017620418
2023-05-15,0.005270884739881481,0.002953797680316935,0.014190401133203993
2023-05-16,0.049568615505478746,-0.006398107681917463,-0.004262690347822648
2023-05-17,-0.06427908893475077,0.011820688622071574,0.026998352614726148
2023-05-18,-0.04982814426410975,0.009400723063727155,-0.014396250154790055
2023-05-19,0.046265113609435415,-0.0014469138806754414,-0.003697822158463732
2023-05-22,0.02351664137575075,0.00015502267980239146,0.005410002421646738
2023-05-23,0.07390052032710898,-0.011285468768284297,0.011123565671762762
2023-05-24,0.07784010660543,-0.007345512678305211,0.019588310623949088
2023-05-25,-0.04545082982256909,0.008719456079011883,-0.02716501842352968
2023-05-26,-0.06419019669813368,0.012964680931640788,0.0090072381840356
2023-05-30,-0.02767765946212412,1.660313066576836e-05,-0.04532633230341153
2023-05-31,0.027120388423994002,-0.006127358186214099,-0.012038411128825931
2023-06-01,-0.13656199378864806,0.009806215085853812,0.022050642857019537
2023-06-02,-0.06944933776874568,0.014429812390107408,0.024600649189896188
2023-06-05,0.008864644555221157,-0.002005591490657713,0.007589696795694742
2023-06-06,-0.053690099330757315,0.002351130233850576,-0.005490185933531259
2023-06-07,-0.0014337248360685253,-0.003819293926420617,0.00861394052315809
2023-06-08,-0.02102288154628079,0.00616957160752325,-0.012948946734587451
2023-06-09,0.013100646475644259,0.0011474010230505239,-0.015522675446445994
2023-06-12,0.08187652073388114,0.00927797498175416,-0.04024282542685017
2023-06-13,-0.027010458630547705,0.006908570725908898,0.033534992469377495
2023-06-14,-0.05125723893976474,0.0008190899801265841,-0.014780986210825861
2023-06-15,0.04369968610284749,0.012104580493589997,0.03318637723195084
2023-06-16,-0.06850038475975376,-0.0036783764677510893,0.01234586798719033
2023-06-20,0.024800698656906404,-0.004746353835236048,-0.009310919990335008
2023-06-21,-0.050232148180967114,-0.005259086366925201,0.015945981411292585
2023-06-22,-0.022214622103519467,0.0037039303873345254,-0.03940749642651613
2023-06-23,0.04023311083432769,-0.007688288056502158,-0.003919201174645718
2023-06-26,0.05852160284113717,-0.004496934363132171,0.0044585878599135926
2023-06-27,-0.03644563657852305,0.01139073352418076,-0.026223820892829104
2023-06-28,-0.02282023687755186,-0.0003541393883898215,0.024199644683097894
2023-06-29,0.008157231408190429,0.00446356811449,0.004178715641773948
2023-06-30,0.0036859747242309056,0.0121943502618858,0.0075047952879110525
2023-07-03,-0.0014727880332322733,0.0011699930926736418,-0.003343366469748668
2023-07-05,0.04397109126777171,-0.0019702580976127164,0.026439080799278942
2023-07-06,0.08512897479383684,-0.007954061175894762,-0.0016975245228833234
2023-07-07,-0.04030936641410981,-0.002869212795733482,0.0251643009936496
2023-07-10,0.016053841382581882,0.002402138610626312,-0.009989821308381957
2023-07-11,-0.015379744366417212,0.006719583998254874,0.021771807083405235
2023-07-12,-0.09167798335466223,0.007383905235389679,0.008902310375235674
2023-07-13,0.005156526770827636,0.008434482989627111,0.015483061396223408
2023-07-14,-0.020037739511752393,-0.001024932196907484,-0.018483411924714224
2023-07-17,0.01044001959958077,0.0038479695744204137,-0.017301722529090367
2023-07-18,-0.013443021956755858,0.007092066941428338,0.014292246989190247
2023-07-19,0.03400179957037673,0.002355134827233639,-0.0021371329129644834
2023-07-20,0.01657692317794938,-0.006779827396257691,0.0022627326675251384
2023-07-21,-0.028272951525750628,0.0003240420146130911,0.017796503703153162
2023-07-24,0.02253817417444661,0.004026038496874852,0.02039015997940446
2023-07-25,-0.003601025974701848,0.0028107195758387046,0.010818732048397329
2023-07-26,-0.049548034075017525,-0.00015545097867591856,-0.008645601777673694
2023-07-27,0.08846346450642487,-0.006445393055197076,0.015793576981463792
2023-07-28,-0.07790527095526234,0.009829375810433848,0.008863734908595756
2023-07-31,0.022256125637552852,0.0014676354365687912,0.0066842783043151765
2023-08-01,0.021771555594829822,-0.0026686453076827116,-0.007625940539192455
2023-08-02,0.14415316078816753,-0.013936200638336184,-0.020344603993196275
2023-08-03,-0.010621785279120641,-0.0025512254502915274,0.02304964208382635
2023-08-04,0.07150230060821486,-0.0053141693739379705,0.012837129158718088
2023-08-07,-0.08096905581433864,0.008983618964856572,-0.010490847542064018
2023-08-08,0.013854082529355417,-0.004227205100058866,0.00967883315448493
2023-08-09,-0.0018779181199778247,-0.007063619102045116,0.01588802558682774
2023-08-10,-0.006916070021043906,0.00025068252108086326,-0.01322240011852869
2023-08-11,-0.0658432763693428,-0.0010702648992294865,0.004734100809510832
2023-08-14,-0.0013486487456545642,0.005734004879419051,-0.006935624678057439
2023-08-15,0.1049555403517943,-0.011618139396096483,-0.01542987604213354
2023-08-16,0.0192546023319537,-0.007584081792624527,-0.01710868002201762
2023-08-17,0.06405412144418428,-0.0077428113775290805,0.007996769947312255
2023-08-18,-0.03353540600052895,-0.00014871788395720285,0.008051195300307125
2023-08-21,-0.0098751940591841,0.006855634859799785,-0.004017540119543759
2023-08-22,-0.009384224560183918,-0.0027813310465456837,-0.005104175252888194
2023-08-23,-0.060109127091726666,0.010984330710791359,-0.00980634150340838
2023-08-24,0.07357151648426023,-0.01354935398400801,0.0018010634172059656
2023-08-25,-0.09252339379134855,0.006695501060295156,0.01334627436744794
2023-08-28,-0.0390166768644729,0.006245078594196461,-0.0007105410298489207
2023-08-29,-0.04267495616173323,0.014404068712056505,0.012595066385536209
2023-08-30,-0.040245438035115294,0.003825854181192944,0.00431868485503026
2023-08-31,-0.022587511965907553,-0.0015982129743398576,0.011579564228420476
2023-09-01,-0.036012859779136375,0.001797512765518541,0.01926976455899154
2023-09-05,0.06792278510731134,-0.004202997821381205,0.01668662751402838
2023-09-06,0.030923024672847757,-0.006996014491432261,0.006200170000464537
2023-09-07,-0.003466221267795236,-0.003216433115732967,-0.007533830424774866
2023-09-08,-0.03966521887634129,0.0014256060622570594,0.008085588251272815
2023-09-11,-0.0028943552301342276,0.006700951498135517,-0.00011034404754931107
2023-09-12,0.03068377394831886,-0.005712169023003997,0.015544901883414508
2023-09-13,-0.0541453084074137,0.0012408621175346041,-0.0019571639416125454
2023-09-14,-0.0502006438375704,0.00839458553366625,0.019614808747168887
2023-09-15,0.07293726135107188,-0.012234145842493929,0.002451670580472073
2023-09-18,0.015113640576325997,0.0007210276941755188,0.005308995251350648
2023-09-19,0.00782641191758886,-0.0021533273615331264,-0.000953583468834282
2023-09-20,0.07045652915299092,-0.009439204206291041,-0.008623011642911986
2023-09-21,0.1471437684547391,-0.016536918318488084,-0.0024620868326142493
2023-09-22,-0.01957461096422612,-0.0022982374027607495,-0.00032166381518153125
2023-09-25,-0.017595828819496954,0.0040149942038066174,0.00021445403944449448
2023-09-26,0.1139625165984174,-0.014844165482264943,0.00715621926026553
2023-09-27,-0.03875626180982169,0.00022928777229479233,0.02719189043566586
2023-09-28,-0.04950387399329117,0.005875877143000698,-0.01219215640870612
2023-09-29,0.01032713148414973,-0.002713259648289315,-0.000734172739764712
2023-10-02,0.005123845531178813,7.936440615299324e-05,-0.04946711680015964
2023-10-03,0.11620440374120897,-0.013839395863449198,0.002312384311208917
2023-10-04,-0.06258563162924412,0.008077047607828946,-0.05784445747743051
2023-10-05,-0.0048556962591010805,-0.0013048811469951228,-0.020485739850541352
2023-10-06,-0.057890340650457284,0.011745642093961117,0.0060480721759471005
2023-10-09,0.014224990313812625,0.006284068119387409,0.041342072460773795
2023-10-10,-0.03858814768935068,0.005194476099985354,-0.005688297377890518
2023-10-11,-0.056778564506664936,0.004283819500095073,-0.021099552768635614
2023-10-12,0.03661179918471129,-0.006266024940654918,0.0020952202461273933
2023-10-13,0.14633104331612187,-0.005031495660219892,0.05530268116189383
2023-10-16,-0.11565025596248249,0.010538642302589985,-0.013736760343859317
2023-10-17,0.03819216578233453,-9.824987944376507e-05,0.002784741379101311
2023-10-18,0.07226864500819706,-0.013490408251151898,0.017641013830832122
2023-10-19,0.10743953638554433,-0.008519032328057976,0.009571502989634184
2023-10-20,0.014382037517315394,-0.012665149196155915,-0.0023842385870995763
2023-10-23,-0.06370967028123974,-0.0016869920654349177,-0.02560722105934074
2023-10-24,-0.07120452368766046,0.0072395235196288195,-0.019787066272451515
2023-10-25,0.0623287110258037,-0.014443434657238052,0.023121092742539415
2023-10-26,0.023979605620941095,-0.011903081205584871,-0.024711995233179105
2023-10-27,0.028130586336432287,-0.00481183857862075,0.02858782204767423
2023-10-30,-0.07414415938657903,0.011938474300285915,-0.034061702341815374
2023-10-31,-0.08503408030686435,0.006454084821688244,-0.0004574320792700818
2023-11-01,-0.07258246473530151,0.010451194990191868,-0.03232095326015307
2023-11-02,-0.07442726548610695,0.018682938934086474,0.02589369388997017
2023-11-03,-0.04907756227614069,0.00934988354455146,-0.022826181558019014
2023-11-06,-0.0013422487895297923,0.0017514577241005862,0.0034103745178185787
2023-11-07,-0.005387213140145018,0.0028360934017119537,-0.04281485711775027
2023-11-08,-0.024608255254246005,0.0010044110324198868,-0.02569175967021311
2023-11-09,0.05650461608727744,-0.008116690699068705,0.005891602271755378
2023-11-10,-0.07607195835929698,0.015495759270772258,0.017592105665171297
2023-11-13,0.04079377559244869,-0.0008361884413700847,0.01329688829606105
2023-11-14,-0.04149975718963313,0.01889537047457725,-0.0006060418757600274
2023-11-15,0.0014114651359527655,0.0015957382078471765,-0.015765690477047935
2023-11-16,0.009824597595795924,0.0011897193967137305,-0.04742379367142417
2023-11-17,-0.03698853423681555,0.0012812279371779871,0.04037759736859441
2023-11-20,-0.028667920069603205,0.007363103793795633,0.020991368951435316
2023-11-21,-0.004484272494153086,-0.002022975931757968,0.0015779241735657725
2023-11-22,-0.03817257239318107,0.004052905094313324,-0.005960699791888676
2023-11-27,0.018290732238712026,-0.0019560693168983586,-0.007473857095805239
2023-11-28,0.0,0.0009796385280502918,0.021032532201811928
2023-11-29,0.022595427349522586,-0.0009466966151019382,0.017235505906795515
2023-11-30,-0.004633171749536602,0.003776931264994605,-0.0032543467830918964
2023-12-01,-0.0227015588361216,0.005856558953846637,-0.048862661241722664
2023-12-04,0.0350093947727438,-0.005423188063826943,-0.01083432298998088
2023-12-05,-0.017740499168593812,-0.0005690315939348026,-0.01069393498445855
2023-12-06,0.009295177888952625,-0.003913851944943747,-0.03828842470301902
2023-12-07,0.006915137061659103,0.007936610684821922,-0.003370410871237661
2023-12-08,-0.05589806201597754,0.0040871341465037936,0.023885227733526745
2023-12-11,0.022418851461215666,0.003916813547781492,0.002502173525341683
2023-12-12,-0.04535193559782461,0.0045888127956924,-0.03738629254602788
2023-12-13,0.009892899244538936,0.01355834517501981,0.013830786877068277
2023-12-14,0.02351141719134706,0.002643565185154432,0.03115514697988543
2023-12-15,-0.016155425287520307,-7.625240044859478e-05,-0.0007834625258309145
2023-12-18,0.0225452934750457,0.004518122263400515,0.018123394383693637
2023-12-19,-0.002391446852206076,0.005849267450818904,0.016287500993037524
2023-12-20,0.0870779087201619,-0.014793147965305628,0.005914490158980527
2023-12-21,-0.00146416263251253,0.010248769307271876,-0.0038971394566000637
2023-12-22,-0.04648512304109983,0.0016586821527610754,-0.004038875825735407
2023-12-26,-0.003074557580709151,0.004222761046978559,0.02497944301199581
2023-12-27,-0.044066882988488563,0.0014294356164229985,-0.017670919721909782
2023-12-28,0.0032128510314717836,0.0003701061103271183,-0.015945695098815653
2023-12-29,-0.0016051735149952427,-0.0028304770367338357,-0.017371581040878995
2024-01-02,0.05849620755206713,-0.005676660799723162,-0.015039864000422884
2024-01-03,0.06169358073792997,-0.008048618327197648,0.030623914047023307
2024-01-04,0.006389808914936812,-0.003434271663317429,-0.008470323712619202
2024-01-05,-0.05678379137481154,0.0018240216394339805,0.014966775186572953
2024-01-08,-0.020432073224587316,0.014015945436353141,-0.034094202384002945
2024-01-09,-0.024769044342090624,-0.0014789938523175842,0.01912742719742998
2024-01-10,-0.005501047194517584,0.005649980650495912,-0.010233825817587873
2024-01-11,-0.019897195079787117,-0.0006712808369611647,0.007911338634527799
2024-01-12,0.02068492486626542,0.0007506937530339595,0.01130387408929161
2024-01-16,0.08596098276860784,-0.0037383190523568345,0.0
2024-01-17,0.06638831292880744,-0.005632731271107821,-0.005250747376723442
2024-01-18,-0.04565106934788655,0.008766720726243148,0.01554371024595205
2024-01-19,-0.06053615522690582,0.012238308232548512,-0.006850222513856957
2024-01-22,-0.008305114652697272,0.0021919211872316853,0.018913690100473578
2024-01-23,-0.0497382541401881,0.002917115340764486,-0.006390529923161672
2024-01-24,0.04594035840873762,0.0008115989762168653,0.006140728007346922
2024-01-25,0.023318052682289685,0.00524657813497798,0.029422930873472645
2024-01-26,-0.014227089848027405,-0.0006519977554263648,0.013495839540150111
2024-01-29,0.0253178187724606,0.007528365505246204,-0.013859836134154174
2024-01-30,-0.021554156857807073,-0.0006008303969786162,0.005687692570837788
2024-01-31,0.07523430485544245,-0.016236851740733683,-0.014096765812189079
2024-02-01,-0.0333010054652046,0.012416286114049784,-0.03753326554576618
2024-02-02,-0.0021637031473936137,0.01062777072263312,-0.01756111434686056
2024-02-05,-0.013081603859306986,-0.0031914247092839714,0.008498583651928772
2024-02-06,-0.045649500338780576,0.0023077459317481074,0.007663832329107285
2024-02-07,-0.017767983297182415,0.008207682594008628,0.007858123637527146
2024-02-08,-0.003122560072828745,0.000570420540090595,0.030094265898581617
2024-02-09,0.010886603777725476,0.0057259171287955156,0.006836862048287254
2024-02-12,0.07449459331360889,-0.0009494041426524416,-0.002314422600574686
2024-02-13,0.1291247146912568,-0.013768609419845444,0.0093463890756796
2024-02-14,-0.09733116413954013,0.009534168304216807,-0.0142363930693679
2024-02-15,-0.02606698356529103,0.00580437267404004,0.01532320074474896
2024-02-16,0.016283513224718212,-0.0048150435759610425,0.007334856471784813
2024-02-20,0.0796104831722431,-0.0060234264658172495,-0.013630328620800946
2024-02-21,-0.005201567196740616,0.0012634014951035982,0.008345001705688762
2024-02-22,-0.05356033640438439,0.02090288866640342,0.007678494851276518
2024-02-23,-0.055864645369204845,0.000347887026502183,-0.0248061047947583
2024-02-26,-0.0007275539764438033,-0.003793939244668484,0.01108748518506503
2024-02-27,-0.02282023687755186,0.001704895538720964,0.013479596860493182
2024-02-28,0.03007192795607551,-0.001659531321112244,0.00035855828948782513
2024-02-29,-0.03230828272568483,0.0052154704557999644,-0.0007172451891383123
2024-03-01,-0.021879406901220193,0.007975936433387976,-0.0008374672068846977
2024-03-04,0.028573381665131348,-0.0011939745749630112,-0.009017193319336184
2024-03-05,0.06943756611583544,-0.010245406275917994,-0.009221153884487994
2024-03-06,0.0027624300578069465,0.005127932853001643,0.011151608521799649
2024-03-07,-0.004146545021177181,0.010251402284983627,0.0
2024-03-08,0.020562766827898746,-0.006549922992050337,-0.010664149154873159
2024-03-11,0.03204549874488908,-0.0011228682680281005,0.001582534296964144
2024-03-12,-0.0950474087634793,0.011139512586668012,-0.0035337990881388823
2024-03-13,-0.006524137102079705,-0.0019263840021219723,0.025430724473679323
2024-03-14,0.04618935597842095,-0.002875221051495188,0.01640638056428394
2024-03-15,0.0006942193314014823,-0.0065040228597376655,-0.0009370091295576753
2024-03-18,-0.00556716290639392,0.006298184238480456,0.017999708978836786
2024-03-19,-0.036238440258669194,0.00563325304434312,0.0056234482639747705
2024-03-20,-0.05809524268421421,0.008864765516360184,-0.01650069576801427
2024-03-21,-0.009245049313565606,0.003231309094528888,-0.00197983146455054
2024-03-22,0.010777651718640221,-0.0014031718343267125,-0.004088534122348653
2024-03-25,0.009904778937777805,-0.0030596403820319297,0.015333088091209273
2024-03-26,0.003783598305736472,-0.002803721982805726,-0.005780362915499425
2024-03-27,-0.03536110516659866,0.008593595582706042,-0.0018568377797572885
2024-03-28,0.017836882062060327,0.0011158627007616052,0.016017016050581
2024-04-01,0.04802118356729221,-0.0020156145269577246,-0.0006861656926140027
2024-04-02,0.0679667085789778,-0.007265388203672426,0.017013000014158928
2024-04-03,-0.01935096574743714,0.001090527523337898,0.00482415602405137
2024-04-04,0.13187268415873488,-0.01241103561926225,0.014444729505611919
2024-04-05,-0.019765911218254613,0.011038050135699558,0.005719921479349572
2024-04-08,-0.053824720473343995,-0.0003747011900415767,-0.008702901918985281
2024-04-09,-0.013921341452394936,0.0014444494736345207,-0.010678623265045985
2024-04-10,0.053294004573997446,-0.009501981832212592,0.011784518580433197
2024-04-11,-0.0579778335620304,0.007417221983342437,-0.008212292166078541
2024-04-12,0.14925221979285147,-0.014657587802248536,0.007880601358408158
2024-04-15,0.10518719746045613,-0.012094195787459195,-0.003877030422682936
2024-04-16,-0.04412089191313562,-0.0020586245275039964,-0.0008883171050885048
2024-04-17,-0.010379800419449975,-0.005797375076004185,-0.030795911338210632
2024-04-18,-0.01159908556727462,-0.0022106017004853043,-0.0020642243981232457
2024-04-19,0.03868633345731804,-0.008797129654056974,0.00206422439812315
2024-04-22,-0.09938037060315114,0.00869335115683908,-0.0033278005810162474
2024-04-23,-0.07665418074960349,0.01189356656772209,0.01619004903491017
2024-04-24,0.01768843894684457,0.00021298737793290078,-0.0045341444448541044
2024-04-25,-0.03829442884280131,-0.0045869342701194095,0.011184723726092917
2024-04-26,-0.022369364106276213,0.010157381332325343,0.005489878310077012
2024-04-29,-0.0242435886429269,0.0031734080766393944,-0.012366638376138472
2024-04-30,0.0646662952555313,-0.015855551118928123,-0.006127341410172731
2024-05-01,-0.01675292245214082,-0.0034413534856316866,-0.05161680554255898
2024-05-02,-0.047231926184048506,0.009087024725084856,0.002752628471323538
2024-05-03,-0.08453739072202397,0.012478557659508005,-0.008521915537759682
2024-05-06,0.0,0.010273173691247842,0.004450097482146828
2024-05-07,-0.019461709726451316,0.0013425282288256131,-0.002042143340929874
2024-05-08,-0.01753758606489831,-5.835635193424912e-06,0.0050377719008577
2024-05-09,-0.02413510880196279,0.005078032639106711,0.003582894361957821
2024-05-10,-0.011093567883784123,0.001648040080166728,-0.013079881080392639
2024-05-13,0.08034914001546065,-0.00024133317386520824,0.006861293117788952
2024-05-14,-0.013323683562621993,0.004826148527454041,-0.011825929659396871
2024-05-15,-0.07502552963798141,0.01164782778729962,0.004481358589636593
2024-05-16,-0.0024125249424847843,-0.0020838374740880464,0.006264285676713261
2024-05-17,-0.03523513269813392,0.0011640956878937513,0.008490415295173383
2024-05-20,0.013256188439843044,0.0009159703084911664,-0.0032202814939873313
2024-05-21,-0.024157773768248323,0.0024987497668926086,-0.009964688363161176
2024-05-22,0.03561455585241666,-0.0027097912093521476,-0.011894735881886746
2024-05-23,0.038312785417210074,-0.007408162283471933,-0.0066152502478562785
2024-05-24,-0.06804244420089076,0.0069766490766732595,0.009297866354522469
2024-05-28,0.07972024256920057,0.00024877090688591537,0.025250811631310897
2024-05-29,0.10008343395238188,-0.007394317215742535,-0.007388935389484824
2024-05-30,0.013217620885411141,-0.005992957535754186,-0.02103302331821725
2024-05-31,-0.1133010548377929,0.007995824231928897,-0.002936114891793664
2024-06-03,0.014598767328195046,0.0011154602235352391,-0.040760762763094385
2024-06-04,0.0038066427145914943,0.0015016810037827531,-0.010777676586997508
2024-06-05,-0.04110696887890819,0.011778015849957281,0.011415592669038108
2024-06-06,-0.003966700215845465,-0.00019983660163685183,0.01844883037000211
2024-06-07,-0.029034269612359193,-0.0011158420502790662,-0.003134995249150555
2024-06-10,0.041672656583176315,0.002577529978240972,0.024931455748238074
2024-06-11,0.008597208849178589,0.0027067148552095224,0.003546331122914942
2024-06-12,-0.06510940431526659,0.008467720241887338,0.008266523114366264
2024-06-13,-0.008340363891643488,0.00234191143711672,0.0018143522033504222
2024-06-14,0.058553331842595924,-0.00039393828099749413,-0.001572199045005178
2024-06-17,0.007083866941161012,0.007635164372320518,0.019536754020303984
2024-06-18,-0.035931993719163995,0.0025181541815171163,0.012737544774532372
2024-06-20,0.07665984605542543,-0.0025291273954115403,0.004443380222101336
2024-06-21,-0.006042308797982368,-0.0015633517188252497,-0.0054987120600504666
2024-06-24,0.009800313324426333,-0.0030698791558664423,0.00899281123133469
2024-06-25,-0.03745181832153341,0.003925873679181344,-0.011694671641954984
2024-06-26,-0.022844629369817324,0.0015711962247204525,0.0028191944051921733
2024-06-27,-0.025011422391106403,0.0009069098567990731,0.013283805142094686
2024-06-28,0.016207795195103535,-0.0040920134623695995,0.00023153092820624266
2024-07-01,-0.017843077984553226,0.0026719909814295235,0.0021963457146134883
2024-07-02,-0.015670467805554818,0.0061762057711850496,-0.00416571555861527
2024-07-03,0.0049751694580224505,0.0050715622695336636,0.012674423738139335
2024-07-05,0.03174864901379818,0.00543397436096954,-0.009201760752087007
2024-07-08,-0.00885314910859194,0.0010161824764044329,-0.009170659329928407
2024-07-09,0.011254165621822165,0.0007407974780654752,-0.012792807696606224
2024-07-10,0.026815498252858585,0.010156314878105886,0.00494873350415741
2024-07-11,0.0054326632319714845,-0.008801649969266724,0.0037541068083579536
2024-07-12,-0.03625298783869797,0.00550186402496512,-0.00434199762040384
2024-07-15,0.05161425837245012,0.0028222164233526843,-0.002119147344571181
2024-07-16,0.005321160122665793,0.0063690499714532745,-0.013287597388280356
2024-07-17,0.09330942042807858,-0.014025441523645543,0.01599463554489727
2024-07-18,0.09543578773519995,-0.007847112145350072,0.0003525328065952595
2024-07-19,0.03636765272324057,-0.007165879226406085,-0.029571767186629214
2024-07-22,-0.10253967725977965,0.010734217246220293,-0.00278732204019272
2024-07-23,-0.012824987101443355,-0.0015593176939461904,-0.01701282522101405
2024-07-24,0.20338443394305505,-0.02342124222289286,0.008603751979662684
2024-07-25,0.023014614095178493,-0.005155889019717259,0.008044944105580683
2024-07-26,-0.11893482396303547,0.011029420409570924,-0.015168553744716384
2024-07-29,0.0127313628261293,0.0008129795718284517,-0.016779941376492632
2024-07-30,0.06359682001889519,-0.0049725143613676215,-0.014519560103429422
2024-07-31,-0.07816016987934357,0.015669980701917767,0.02623312009507381
2024-08-01,0.1277844414592625,-0.013788123791990166,-0.014977871034680248
2024-08-02,0.22968474456012009,-0.01855290660855327,-0.03467371190777319
2024-08-05,0.500166209806343,-0.0304270413923931,-0.006661829938348533
2024-08-06,-0.33068143847259307,0.010300849493599515,0.0023563343488685966
2024-08-07,0.0050396542353046,-0.007764715388769489,0.023901382119202865
2024-08-08,-0.15756761727201954,0.02278113959089888,0.010540472241175417
2024-08-09,-0.1552020913603775,0.004660798434381699,0.006296456728760983
2024-08-12,0.016553359762280576,4.30330517200971e-05,0.03260352103867598
2024-08-13,-0.1336002842703326,0.016707233419049988,-0.019756462646890717
2024-08-14,-0.11262254625371607,0.00381643656119841,-0.011592529680216504
2024-08-15,-0.06112666382606371,0.01600448993130413,0.015920718800842556
2024-08-16,-0.028639943192801342,0.0019878023683961516,-0.01692425413129556
2024-08-19,-0.010186884233373265,0.009675327436177775,-0.02567824564716948
2024-08-20,0.08062015360140978,-0.001986527237609709,-0.005940953959002638
2024-08-21,0.0242624863407933,0.004230714721006796,-0.015008358666579145
2024-08-22,0.07573095707315049,-0.00897294225665722,0.015267447810602438
2024-08-23,-0.10125371187992283,0.01141793740166443,0.023042435856957033
2024-08-26,0.018119831488631097,-0.0031587101696058145,0.030042816725578462
2024-08-27,-0.04560633989509903,0.0015939251127232035,-0.02335796608018862
2024-08-28,0.10334943742316474,-0.005993900794735212,-0.011378144241395544
2024-08-29,-0.08919223096521478,-3.937984343658622e-05,0.01626873491849767
2024-08-30,-0.04242069150888951,0.010042457079144168,-0.014363348231936773
2024-09-03,0.32304918314980974,-0.021377963372397696,-0.06623204037179452
2024-09-04,0.02854620073156293,-0.0016038290273809634,-0.014339652657867852
2024-09-05,-0.0689258724224691,-0.003022581014674196,-0.00013748547896886746
2024-09-06,0.11744795282340682,-0.017410944507424406,-0.022679300847181554
2024-09-09,-0.14032055609438693,0.011513534435818254,0.010916816782121919
2024-09-10,-0.019206447268627396,0.004462699977793541,-0.03758499422177757
2024-09-11,-0.07564112366000948,0.01060855564984334,0.020315407375982024
2024-09-12,-0.035677019433049094,0.00746735215680267,0.019077596308752567
2024-09-13,-0.030332402221190383,0.0053931422343560355,-0.005014644938868862
2024-09-16,0.034424760852599955,0.0012558408673102855,0.01579416850948079
2024-09-17,0.02705207960763049,0.00026451509389645083,0.012973851735848209
2024-09-18,0.034601606412624705,-0.0029006587083132912,-0.0006785941608353138
2024-09-19,-0.11006466126974973,0.016834356892725128,0.016562631862939887
2024-09-20,-0.011083876262113658,-0.0019429136300157343,-0.005221935979453926
2024-09-23,-0.01623002389340957,0.0028053344257131223,-0.007952010908056948
2024-09-24,-0.03197203199588042,0.002508031103345345,0.0170393422284844
2024-09-25,0.0012986692711907113,-0.001862983206212128,-0.023011162901943768
2024-09-26,-0.0025990893253781478,0.004030542158199222,-0.02564597527314244
2024-09-27,0.09844002627741914,-0.0012540029000721238,0.005293296632474206
2024-09-30,-0.013654088745303506,0.004227603658441509,-0.0029218346194295696
2024-10-01,0.14082693061688453,-0.009367848694454447,0.02463485187831503
2024-10-02,-0.018868516371758504,0.00013838132698647728,0.004611482055242054
2024-10-03,0.08077504919837869,-0.0016828286544586894,0.049112312723694575
2024-10-04,-0.06450602195882109,0.008930255699186382,0.005524524735738198
2024-10-07,0.16428729725441985,-0.009632263829388773,0.03623490121699517
2024-10-08,-0.05539315779457903,0.009642706804694385,-0.04744422721492033
2024-10-09,-0.02649158974936262,0.007088231016994585,-0.007804390104051903
2024-10-10,0.003350072206641976,-0.0020722685059824846,0.036162417511209036
2024-10-11,-0.022711835262393478,0.00603360870729872,-0.004544322448007127
2024-10-14,-0.037853041304464326,0.007678114574594323,-0.02019240275545151
2024-10-15,0.0466122365702319,-0.0076385660375134215,-0.04232388458444073
2024-10-16,-0.05272227783622492,0.004668232782779766,-0.0004041056032662
2024-10-17,-0.024296843014801575,-0.00017117512853816633,0.003094046059771714
2024-10-18,-0.05817471489231307,0.003963686942774387,-0.018846730188634263
2024-10-21,0.018681869613305074,-0.001824432756419033,0.016695377536730022
2024-10-22,-0.009297308909531486,-0.0004749666671957937,0.023283164172893427
2024-10-23,0.05556979733891606,-0.009233824267679564,-0.01430490394368236
2024-10-24,-0.008350771319909049,0.0021434731305568283,-0.007767574146049832
2024-10-25,0.06345696186597276,-0.00029949201318627087,0.022204007263037125
2024-10-28,-0.026415724719285577,0.002647934626732945,-0.06281314230514903
2024-10-29,-0.023506401253288445,0.0016128259449012198,-0.0042092867038290025
2024-10-30,0.05090543271914016,-0.0033056916724881185,0.019907391569766626
2024-10-31,0.12934571548232596,-0.018790134928745348,0.008372852184436027
2024-11-01,-0.056853706918779355,0.004084158004525459,-0.0008205276969572613
2024-11-04,0.004559988951510874,-0.0028160448131902913,0.026725890224480225
2024-11-05,-0.07019597706871061,0.012191031029563081,0.005975676057168695
2024-11-06,-0.2306140017140018,0.024981280957186654,-0.00810905902776955
2024-11-07,-0.06802753406250556,0.007403754173995657,0.009432140416142947
2024-11-08,-0.017253263686007284,0.0037497940357180464,-0.023546164829960876
2024-11-11,0.0020060646512555826,0.0009685941909569238,-0.028004587143724242
2024-11-12,-0.017520679062518398,-0.0028968514769364996,0.0008349229274907661
2024-11-13,-0.04804262294940944,0.00023220076414018386,0.005410284329790983
2024-11-14,0.020473708634473634,-0.006068108582244,0.0038663233246620517
2024-11-15,0.12034200213404177,-0.013291430866793769,-0.021170660588751933
2024-11-18,-0.03531258948003348,0.003910159746206537,0.03131753895500344
2024-11-19,0.04823988512905733,0.003955750520596487,0.0001363414065864249
2024-11-20,0.04835316449300409,2.19506213354446e-05,-0.006843717057570064
2024-11-21,-0.0170441388627829,0.005326251844288491,0.019315151477437786
2024-11-22,-0.10161341106495818,0.0034619595915364653,0.012583764477665318
2024-11-25,-0.04290198039765308,0.0030159278201245415,-0.02915574350311125
2024-11-26,-0.03484673040364113,0.005705697155263866,-0.002743172451991986
2024-11-27,0.0,-0.003808481083577712,0.0002747084958880715
2024-11-29,-0.04274465552494473,0.005592120396801623,0.0015092354806524578
2024-12-02,-0.012663116987917826,0.0024454638805813736,-0.015334977273752324
2024-12-03,-0.0030030023571751023,0.0004513472420221813,0.024614523680213763
2024-12-04,0.011215042298142144,0.00603318162813612,-0.01795436683461857
2024-12-05,0.006669172799957789,-0.0018715258393823342,-0.00304711080645381
2024-12-06,-0.058549558775524854,0.0024923453675383123,-0.013546657792723805
2024-12-09,0.1054387557094042,-0.006163167285227462,0.014240037190108341
2024-12-10,-0.0007049189751086937,-0.002968284314279252,0.0006928989555049538
2024-12-11,-0.043234426113106225,0.008132626411368235,0.018255866417045095
2024-12-12,0.02472854387472121,-0.005428731461463251,-0.0014972163788985707
2024-12-13,-0.007933662580971048,-2.646698937187397e-05,0.014604643501710098
2024-12-16,0.06177396381481069,0.0037921550087844295,-0.007816673165080569
2024-12-17,0.07726356570616974,-0.0038714794806554956,-0.009789353374783484
2024-12-18,0.554109651038965,-0.02993650530451818,0.00272884527018541
2024-12-19,-0.13674335540527865,-0.0008654867505367934,-0.006973462975081408
2024-12-20,-0.271622404524963,0.010810479402397299,0.0008230035866250031
2024-12-23,-0.08998667647636249,0.007260849585616372,-0.004259197049971501
2024-12-24,-0.1620282783920423,0.010982233165126825,0.012995252759856623
2024-12-26,0.031726735830086665,-0.0004057410882578191,-0.0043584880516078055
2024-12-27,0.07957261787497986,-0.01111730496491221,0.012344944550955238
2024-12-30,0.08701136702438074,-0.010759673941729728,0.0029617849372990854
